[acquire] blocked_r0_p10: D:\Dav\CodeHub\Agent\male-fruit-fly-brain-map\viz\export_data.py --regions visual_bilateral,ol_rest,central_brain,olfactory --visual-input dark --chem-input dangateA --plastic-mb --plastic-lr=-2e-7 --plastic-w0 0.03 --plastic-kcm-gain 0.015 --mbon-dan-gain 178 --plastic-dan-gate 150,0.02,400 --mbon-bias=-300 --t-end 5000.0 --seed 1042 --out D:\Dav\CodeHub\Agent\male-fruit-fly-brain-map\bci\dangate2\outputs\_trial_blocked_r0_p10 --gpu --plastic-state-out D:\Dav\CodeHub\Agent\male-fruit-fly-brain-map\bci\dangate2\outputs\states\blocked_r0_p10.npz
circuit cache: HIT circuit-693698e48fa257ee3380.npz (0.8 s)
regions: ON  = visual_bilateral, ol_rest, central_brain, olfactory
regions: OFF = audition, gustatory, proprioception, thermal, touch, vnc, vpn_central   <-- pass --regions to enable
plastic-mb: KCM split 33398 KC->MBON pairs (lr=-2e-07)
mbon-dan-gain: MBMD split 349 GABA MBON->DAN pairs from CEN_C (gain=178; 154 DAN_err cells)
dan-gate: monitoring DAN_err compartment (154 cells) -> 154 neurons, tau=150 ms, gain=0.02, t_ref=400 ms
kernel cache: HIT kernels-30e2613dc8e5dd8fe128.npz (0.1 s)
visual input: dark -> 1 frames @ 60.0 fps, 3377 photoreceptors sampled
chem: CEN[KCg-m@L] -> 687 neurons (KCg-m@L), 1600 pA x 1 pulses
chem: CEN[KCg-m@R] -> 652 neurons (KCg-m@R), 1600 pA x 1 pulses
chem: CEN[DAN_err] -> 154 neurons (DAN_err), 800 pA x 1 pulses
chem: CEN[KCg-m@L] -> 687 neurons (KCg-m@L), 1600 pA x 1 pulses
chem: CEN[KCg-m@R] -> 652 neurons (KCg-m@R), 1600 pA x 1 pulses
chem: CEN[MBON*] -> 96 neurons (MBON01@R, MBON02@R, MBON03@R, MBON04@R...), -300 pA x 1 pulses
chem calibration: CEN_C recurrence gain -> 0.002 (chem-run working point, exp019)
simulating 5.0 s ...
GPU forward buffers: 256 records, 1367 MB on device
dan-gate: baseline r0 = 0.00 Hz
plastic result KCM: w_scale mean 0.0618 min 0.0300 floor-hit 0/33398 | elig max 39.6477
dan-gate: trace 10000 steps -> D:\Dav\CodeHub\Agent\male-fruit-fly-brain-map\bci\dangate2\outputs\_trial_blocked_r0_p10\_dan_trace.npy | r max 51.5 Hz, r0 0.00 Hz, mod max 1.000, mod integral 1903.5 ms
biology loop: 88 s (5000 records)
phi_scalp checksum: L2=2.969770e-04 (baseline A/B file: D:\Dav\CodeHub\Agent\male-fruit-fly-brain-map\bci\dangate2\outputs\_trial_blocked_r0_p10\_debug_phi_scalp.npy)
background EEG: fly signal 0.25 uV vs bg 11.33 uV at 156 deg -> d'=2 needs ~8261 trials (band 2-20 Hz: ~101875)
stim view frames: D:\Dav\CodeHub\Agent\male-fruit-fly-brain-map\bci\dangate2\outputs\_trial_blocked_r0_p10\stim_frames.bin (0.0 MB)
wrote D:\Dav\CodeHub\Agent\male-fruit-fly-brain-map\bci\dangate2\outputs\_trial_blocked_r0_p10\viz_data.json (5.2 MB)
[acquire] blocked_r0_p11: D:\Dav\CodeHub\Agent\male-fruit-fly-brain-map\viz\export_data.py --regions visual_bilateral,ol_rest,central_brain,olfactory --visual-input dark --chem-input dangateA --plastic-mb --plastic-lr=-2e-7 --plastic-w0 0.03 --plastic-kcm-gain 0.015 --mbon-dan-gain 178 --plastic-dan-gate 150,0.02,400 --mbon-bias=-300 --t-end 5000.0 --seed 1043 --out D:\Dav\CodeHub\Agent\male-fruit-fly-brain-map\bci\dangate2\outputs\_trial_blocked_r0_p11 --gpu --plastic-state-out D:\Dav\CodeHub\Agent\male-fruit-fly-brain-map\bci\dangate2\outputs\states\blocked_r0_p11.npz --plastic-state-in D:\Dav\CodeHub\Agent\male-fruit-fly-brain-map\bci\dangate2\outputs\states\blocked_r0_p10.npz
circuit cache: HIT circuit-693698e48fa257ee3380.npz (0.8 s)
regions: ON  = visual_bilateral, ol_rest, central_brain, olfactory
regions: OFF = audition, gustatory, proprioception, thermal, touch, vnc, vpn_central   <-- pass --regions to enable
plastic-mb: KCM split 33398 KC->MBON pairs (lr=-2e-07)
mbon-dan-gain: MBMD split 349 GABA MBON->DAN pairs from CEN_C (gain=178; 154 DAN_err cells)
dan-gate: monitoring DAN_err compartment (154 cells) -> 154 neurons, tau=150 ms, gain=0.02, t_ref=400 ms
kernel cache: HIT kernels-30e2613dc8e5dd8fe128.npz (0.1 s)
visual input: dark -> 1 frames @ 60.0 fps, 3377 photoreceptors sampled
chem: CEN[KCg-m@L] -> 687 neurons (KCg-m@L), 1600 pA x 1 pulses
chem: CEN[KCg-m@R] -> 652 neurons (KCg-m@R), 1600 pA x 1 pulses
chem: CEN[DAN_err] -> 154 neurons (DAN_err), 800 pA x 1 pulses
chem: CEN[KCg-m@L] -> 687 neurons (KCg-m@L), 1600 pA x 1 pulses
chem: CEN[KCg-m@R] -> 652 neurons (KCg-m@R), 1600 pA x 1 pulses
chem: CEN[MBON*] -> 96 neurons (MBON01@R, MBON02@R, MBON03@R, MBON04@R...), -300 pA x 1 pulses
chem calibration: CEN_C recurrence gain -> 0.002 (chem-run working point, exp019)
simulating 5.0 s ...
plastic state IN KCM: w mean 0.0618 min 0.0300
GPU forward buffers: 256 records, 1367 MB on device
dan-gate: baseline r0 = 0.00 Hz
plastic result KCM: w_scale mean 0.0814 min 0.0300 floor-hit 0/33398 | elig max 39.6402
dan-gate: trace 10000 steps -> D:\Dav\CodeHub\Agent\male-fruit-fly-brain-map\bci\dangate2\outputs\_trial_blocked_r0_p11\_dan_trace.npy | r max 31.0 Hz, r0 0.00 Hz, mod max 0.620, mod integral 1183.1 ms
biology loop: 274 s (5000 records)
phi_scalp checksum: L2=2.936091e-04 (baseline A/B file: D:\Dav\CodeHub\Agent\male-fruit-fly-brain-map\bci\dangate2\outputs\_trial_blocked_r0_p11\_debug_phi_scalp.npy)
background EEG: fly signal 0.24 uV vs bg 11.33 uV at 156 deg -> d'=2 needs ~8944 trials (band 2-20 Hz: ~108213)
stim view frames: D:\Dav\CodeHub\Agent\male-fruit-fly-brain-map\bci\dangate2\outputs\_trial_blocked_r0_p11\stim_frames.bin (0.0 MB)
wrote D:\Dav\CodeHub\Agent\male-fruit-fly-brain-map\bci\dangate2\outputs\_trial_blocked_r0_p11\viz_data.json (5.2 MB)
[acquire] blocked_r0_p12: D:\Dav\CodeHub\Agent\male-fruit-fly-brain-map\viz\export_data.py --regions visual_bilateral,ol_rest,central_brain,olfactory --visual-input dark --chem-input dangateA --plastic-mb --plastic-lr=-2e-7 --plastic-w0 0.03 --plastic-kcm-gain 0.015 --mbon-dan-gain 178 --plastic-dan-gate 150,0.02,400 --mbon-bias=-300 --t-end 5000.0 --seed 1044 --out D:\Dav\CodeHub\Agent\male-fruit-fly-brain-map\bci\dangate2\outputs\_trial_blocked_r0_p12 --gpu --plastic-state-out D:\Dav\CodeHub\Agent\male-fruit-fly-brain-map\bci\dangate2\outputs\states\blocked_r0_p12.npz --plastic-state-in D:\Dav\CodeHub\Agent\male-fruit-fly-brain-map\bci\dangate2\outputs\states\blocked_r0_p11.npz
circuit cache: HIT circuit-693698e48fa257ee3380.npz (1.9 s)
regions: ON  = visual_bilateral, ol_rest, central_brain, olfactory
regions: OFF = audition, gustatory, proprioception, thermal, touch, vnc, vpn_central   <-- pass --regions to enable
plastic-mb: KCM split 33398 KC->MBON pairs (lr=-2e-07)
mbon-dan-gain: MBMD split 349 GABA MBON->DAN pairs from CEN_C (gain=178; 154 DAN_err cells)
dan-gate: monitoring DAN_err compartment (154 cells) -> 154 neurons, tau=150 ms, gain=0.02, t_ref=400 ms
kernel cache: HIT kernels-30e2613dc8e5dd8fe128.npz (3.6 s)
visual input: dark -> 1 frames @ 60.0 fps, 3377 photoreceptors sampled
chem: CEN[KCg-m@L] -> 687 neurons (KCg-m@L), 1600 pA x 1 pulses
chem: CEN[KCg-m@R] -> 652 neurons (KCg-m@R), 1600 pA x 1 pulses
chem: CEN[DAN_err] -> 154 neurons (DAN_err), 800 pA x 1 pulses
chem: CEN[KCg-m@L] -> 687 neurons (KCg-m@L), 1600 pA x 1 pulses
chem: CEN[KCg-m@R] -> 652 neurons (KCg-m@R), 1600 pA x 1 pulses
chem: CEN[MBON*] -> 96 neurons (MBON01@R, MBON02@R, MBON03@R, MBON04@R...), -300 pA x 1 pulses
chem calibration: CEN_C recurrence gain -> 0.002 (chem-run working point, exp019)
simulating 5.0 s ...
plastic state IN KCM: w mean 0.0814 min 0.0300
GPU forward buffers: 256 records, 1367 MB on device
dan-gate: baseline r0 = 0.00 Hz
plastic result KCM: w_scale mean 0.0969 min 0.0300 floor-hit 0/33398 | elig max 40.0972
dan-gate: trace 10000 steps -> D:\Dav\CodeHub\Agent\male-fruit-fly-brain-map\bci\dangate2\outputs\_trial_blocked_r0_p12\_dan_trace.npy | r max 30.3 Hz, r0 0.00 Hz, mod max 0.605, mod integral 955.7 ms
biology loop: 438 s (5000 records)
phi_scalp checksum: L2=3.372908e-04 (baseline A/B file: D:\Dav\CodeHub\Agent\male-fruit-fly-brain-map\bci\dangate2\outputs\_trial_blocked_r0_p12\_debug_phi_scalp.npy)
background EEG: fly signal 0.20 uV vs bg 11.33 uV at 156 deg -> d'=2 needs ~13535 trials (band 2-20 Hz: ~90469)
stim view frames: D:\Dav\CodeHub\Agent\male-fruit-fly-brain-map\bci\dangate2\outputs\_trial_blocked_r0_p12\stim_frames.bin (0.0 MB)
wrote D:\Dav\CodeHub\Agent\male-fruit-fly-brain-map\bci\dangate2\outputs\_trial_blocked_r0_p12\viz_data.json (5.2 MB)
[acquire] blocked_r0_p13: D:\Dav\CodeHub\Agent\male-fruit-fly-brain-map\viz\export_data.py --regions visual_bilateral,ol_rest,central_brain,olfactory --visual-input dark --chem-input dangateA --plastic-mb --plastic-lr=-2e-7 --plastic-w0 0.03 --plastic-kcm-gain 0.015 --mbon-dan-gain 178 --plastic-dan-gate 150,0.02,400 --mbon-bias=-300 --t-end 5000.0 --seed 1045 --out D:\Dav\CodeHub\Agent\male-fruit-fly-brain-map\bci\dangate2\outputs\_trial_blocked_r0_p13 --gpu --plastic-state-out D:\Dav\CodeHub\Agent\male-fruit-fly-brain-map\bci\dangate2\outputs\states\blocked_r0_p13.npz --plastic-state-in D:\Dav\CodeHub\Agent\male-fruit-fly-brain-map\bci\dangate2\outputs\states\blocked_r0_p12.npz
circuit cache: HIT circuit-693698e48fa257ee3380.npz (1.9 s)
regions: ON  = visual_bilateral, ol_rest, central_brain, olfactory
regions: OFF = audition, gustatory, proprioception, thermal, touch, vnc, vpn_central   <-- pass --regions to enable
plastic-mb: KCM split 33398 KC->MBON pairs (lr=-2e-07)
mbon-dan-gain: MBMD split 349 GABA MBON->DAN pairs from CEN_C (gain=178; 154 DAN_err cells)
dan-gate: monitoring DAN_err compartment (154 cells) -> 154 neurons, tau=150 ms, gain=0.02, t_ref=400 ms
kernel cache: HIT kernels-30e2613dc8e5dd8fe128.npz (5.4 s)
visual input: dark -> 1 frames @ 60.0 fps, 3377 photoreceptors sampled
chem: CEN[KCg-m@L] -> 687 neurons (KCg-m@L), 1600 pA x 1 pulses
chem: CEN[KCg-m@R] -> 652 neurons (KCg-m@R), 1600 pA x 1 pulses
chem: CEN[DAN_err] -> 154 neurons (DAN_err), 800 pA x 1 pulses
chem: CEN[KCg-m@L] -> 687 neurons (KCg-m@L), 1600 pA x 1 pulses
chem: CEN[KCg-m@R] -> 652 neurons (KCg-m@R), 1600 pA x 1 pulses
chem: CEN[MBON*] -> 96 neurons (MBON01@R, MBON02@R, MBON03@R, MBON04@R...), -300 pA x 1 pulses
chem calibration: CEN_C recurrence gain -> 0.002 (chem-run working point, exp019)
simulating 5.0 s ...
plastic state IN KCM: w mean 0.0969 min 0.0300
GPU forward buffers: 256 records, 1367 MB on device
dan-gate: baseline r0 = 0.00 Hz
plastic result KCM: w_scale mean 0.1107 min 0.0300 floor-hit 0/33398 | elig max 39.6777
dan-gate: trace 10000 steps -> D:\Dav\CodeHub\Agent\male-fruit-fly-brain-map\bci\dangate2\outputs\_trial_blocked_r0_p13\_dan_trace.npy | r max 25.9 Hz, r0 0.00 Hz, mod max 0.518, mod integral 836.1 ms
biology loop: 395 s (5000 records)
phi_scalp checksum: L2=2.866609e-04 (baseline A/B file: D:\Dav\CodeHub\Agent\male-fruit-fly-brain-map\bci\dangate2\outputs\_trial_blocked_r0_p13\_debug_phi_scalp.npy)
background EEG: fly signal 0.21 uV vs bg 11.33 uV at 156 deg -> d'=2 needs ~11386 trials (band 2-20 Hz: ~119923)
stim view frames: D:\Dav\CodeHub\Agent\male-fruit-fly-brain-map\bci\dangate2\outputs\_trial_blocked_r0_p13\stim_frames.bin (0.0 MB)
wrote D:\Dav\CodeHub\Agent\male-fruit-fly-brain-map\bci\dangate2\outputs\_trial_blocked_r0_p13\viz_data.json (5.2 MB)
[acquire] blocked_r0_p20: D:\Dav\CodeHub\Agent\male-fruit-fly-brain-map\viz\export_data.py --regions visual_bilateral,ol_rest,central_brain,olfactory --visual-input dark --chem-input dangateAB --plastic-mb --plastic-lr=-2e-7 --plastic-w0 0.03 --plastic-kcm-gain 0.015 --mbon-dan-gain 178 --plastic-dan-gate 150,0.02,400 --mbon-bias=-300 --t-end 5000.0 --seed 1042 --out D:\Dav\CodeHub\Agent\male-fruit-fly-brain-map\bci\dangate2\outputs\_trial_blocked_r0_p20 --gpu --plastic-state-out D:\Dav\CodeHub\Agent\male-fruit-fly-brain-map\bci\dangate2\outputs\states\blocked_r0_p20.npz --plastic-state-in D:\Dav\CodeHub\Agent\male-fruit-fly-brain-map\bci\dangate2\outputs\states\blocked_r0_p13.npz
circuit cache: HIT circuit-693698e48fa257ee3380.npz (1.9 s)
regions: ON  = visual_bilateral, ol_rest, central_brain, olfactory
regions: OFF = audition, gustatory, proprioception, thermal, touch, vnc, vpn_central   <-- pass --regions to enable
plastic-mb: KCM split 33398 KC->MBON pairs (lr=-2e-07)
mbon-dan-gain: MBMD split 349 GABA MBON->DAN pairs from CEN_C (gain=178; 154 DAN_err cells)
dan-gate: monitoring DAN_err compartment (154 cells) -> 154 neurons, tau=150 ms, gain=0.02, t_ref=400 ms
kernel cache: HIT kernels-30e2613dc8e5dd8fe128.npz (8.2 s)
visual input: dark -> 1 frames @ 60.0 fps, 3377 photoreceptors sampled
chem: CEN[KCg-m@L] -> 687 neurons (KCg-m@L), 1600 pA x 1 pulses
chem: CEN[KCg-m@R] -> 652 neurons (KCg-m@R), 1600 pA x 1 pulses
chem: CEN[DAN_err] -> 154 neurons (DAN_err), 800 pA x 1 pulses
chem: CEN[KCab-m@L] -> 307 neurons (KCab-m@L), 1600 pA x 1 pulses
chem: CEN[KCab-m@R] -> 223 neurons (KCab-m@R), 1600 pA x 1 pulses
chem: CEN[KCab-m@L] -> 307 neurons (KCab-m@L), 1600 pA x 1 pulses
chem: CEN[KCab-m@R] -> 223 neurons (KCab-m@R), 1600 pA x 1 pulses
chem: CEN[MBON*] -> 96 neurons (MBON01@R, MBON02@R, MBON03@R, MBON04@R...), -300 pA x 1 pulses
chem calibration: CEN_C recurrence gain -> 0.002 (chem-run working point, exp019)
simulating 5.0 s ...
plastic state IN KCM: w mean 0.1107 min 0.0300
GPU forward buffers: 256 records, 1367 MB on device
dan-gate: baseline r0 = 0.00 Hz
plastic result KCM: w_scale mean 0.1257 min 0.0300 floor-hit 0/33398 | elig max 38.7565
dan-gate: trace 10000 steps -> D:\Dav\CodeHub\Agent\male-fruit-fly-brain-map\bci\dangate2\outputs\_trial_blocked_r0_p20\_dan_trace.npy | r max 18.8 Hz, r0 0.00 Hz, mod max 0.375, mod integral 719.3 ms
biology loop: 369 s (5000 records)
phi_scalp checksum: L2=3.375864e-04 (baseline A/B file: D:\Dav\CodeHub\Agent\male-fruit-fly-brain-map\bci\dangate2\outputs\_trial_blocked_r0_p20\_debug_phi_scalp.npy)
background EEG: fly signal 0.16 uV vs bg 11.33 uV at 156 deg -> d'=2 needs ~19312 trials (band 2-20 Hz: ~167000)
stim view frames: D:\Dav\CodeHub\Agent\male-fruit-fly-brain-map\bci\dangate2\outputs\_trial_blocked_r0_p20\stim_frames.bin (0.0 MB)
wrote D:\Dav\CodeHub\Agent\male-fruit-fly-brain-map\bci\dangate2\outputs\_trial_blocked_r0_p20\viz_data.json (5.2 MB)
[acquire] blocked_r0_p21: D:\Dav\CodeHub\Agent\male-fruit-fly-brain-map\viz\export_data.py --regions visual_bilateral,ol_rest,central_brain,olfactory --visual-input dark --chem-input dangateAB --plastic-mb --plastic-lr=-2e-7 --plastic-w0 0.03 --plastic-kcm-gain 0.015 --mbon-dan-gain 178 --plastic-dan-gate 150,0.02,400 --mbon-bias=-300 --t-end 5000.0 --seed 1043 --out D:\Dav\CodeHub\Agent\male-fruit-fly-brain-map\bci\dangate2\outputs\_trial_blocked_r0_p21 --gpu --plastic-state-out D:\Dav\CodeHub\Agent\male-fruit-fly-brain-map\bci\dangate2\outputs\states\blocked_r0_p21.npz --plastic-state-in D:\Dav\CodeHub\Agent\male-fruit-fly-brain-map\bci\dangate2\outputs\states\blocked_r0_p20.npz
circuit cache: HIT circuit-693698e48fa257ee3380.npz (0.8 s)
regions: ON  = visual_bilateral, ol_rest, central_brain, olfactory
regions: OFF = audition, gustatory, proprioception, thermal, touch, vnc, vpn_central   <-- pass --regions to enable
plastic-mb: KCM split 33398 KC->MBON pairs (lr=-2e-07)
mbon-dan-gain: MBMD split 349 GABA MBON->DAN pairs from CEN_C (gain=178; 154 DAN_err cells)
dan-gate: monitoring DAN_err compartment (154 cells) -> 154 neurons, tau=150 ms, gain=0.02, t_ref=400 ms
kernel cache: HIT kernels-30e2613dc8e5dd8fe128.npz (0.1 s)
visual input: dark -> 1 frames @ 60.0 fps, 3377 photoreceptors sampled
chem: CEN[KCg-m@L] -> 687 neurons (KCg-m@L), 1600 pA x 1 pulses
chem: CEN[KCg-m@R] -> 652 neurons (KCg-m@R), 1600 pA x 1 pulses
chem: CEN[DAN_err] -> 154 neurons (DAN_err), 800 pA x 1 pulses
chem: CEN[KCab-m@L] -> 307 neurons (KCab-m@L), 1600 pA x 1 pulses
chem: CEN[KCab-m@R] -> 223 neurons (KCab-m@R), 1600 pA x 1 pulses
chem: CEN[KCab-m@L] -> 307 neurons (KCab-m@L), 1600 pA x 1 pulses
chem: CEN[KCab-m@R] -> 223 neurons (KCab-m@R), 1600 pA x 1 pulses
chem: CEN[MBON*] -> 96 neurons (MBON01@R, MBON02@R, MBON03@R, MBON04@R...), -300 pA x 1 pulses
chem calibration: CEN_C recurrence gain -> 0.002 (chem-run working point, exp019)
simulating 5.0 s ...
plastic state IN KCM: w mean 0.1257 min 0.0300
GPU forward buffers: 256 records, 1367 MB on device
dan-gate: baseline r0 = 0.00 Hz
plastic result KCM: w_scale mean 0.1404 min 0.0300 floor-hit 0/33398 | elig max 38.8356
dan-gate: trace 10000 steps -> D:\Dav\CodeHub\Agent\male-fruit-fly-brain-map\bci\dangate2\outputs\_trial_blocked_r0_p21\_dan_trace.npy | r max 17.7 Hz, r0 0.00 Hz, mod max 0.354, mod integral 696.5 ms
biology loop: 89 s (5000 records)
phi_scalp checksum: L2=3.342761e-04 (baseline A/B file: D:\Dav\CodeHub\Agent\male-fruit-fly-brain-map\bci\dangate2\outputs\_trial_blocked_r0_p21\_debug_phi_scalp.npy)
background EEG: fly signal 0.15 uV vs bg 11.33 uV at 156 deg -> d'=2 needs ~22738 trials (band 2-20 Hz: ~163805)
stim view frames: D:\Dav\CodeHub\Agent\male-fruit-fly-brain-map\bci\dangate2\outputs\_trial_blocked_r0_p21\stim_frames.bin (0.0 MB)
wrote D:\Dav\CodeHub\Agent\male-fruit-fly-brain-map\bci\dangate2\outputs\_trial_blocked_r0_p21\viz_data.json (5.2 MB)
[acquire] blocked_r0_p22: D:\Dav\CodeHub\Agent\male-fruit-fly-brain-map\viz\export_data.py --regions visual_bilateral,ol_rest,central_brain,olfactory --visual-input dark --chem-input dangateAB --plastic-mb --plastic-lr=-2e-7 --plastic-w0 0.03 --plastic-kcm-gain 0.015 --mbon-dan-gain 178 --plastic-dan-gate 150,0.02,400 --mbon-bias=-300 --t-end 5000.0 --seed 1044 --out D:\Dav\CodeHub\Agent\male-fruit-fly-brain-map\bci\dangate2\outputs\_trial_blocked_r0_p22 --gpu --plastic-state-out D:\Dav\CodeHub\Agent\male-fruit-fly-brain-map\bci\dangate2\outputs\states\blocked_r0_p22.npz --plastic-state-in D:\Dav\CodeHub\Agent\male-fruit-fly-brain-map\bci\dangate2\outputs\states\blocked_r0_p21.npz
circuit cache: HIT circuit-693698e48fa257ee3380.npz (0.8 s)
regions: ON  = visual_bilateral, ol_rest, central_brain, olfactory
regions: OFF = audition, gustatory, proprioception, thermal, touch, vnc, vpn_central   <-- pass --regions to enable
plastic-mb: KCM split 33398 KC->MBON pairs (lr=-2e-07)
mbon-dan-gain: MBMD split 349 GABA MBON->DAN pairs from CEN_C (gain=178; 154 DAN_err cells)
dan-gate: monitoring DAN_err compartment (154 cells) -> 154 neurons, tau=150 ms, gain=0.02, t_ref=400 ms
kernel cache: HIT kernels-30e2613dc8e5dd8fe128.npz (0.1 s)
visual input: dark -> 1 frames @ 60.0 fps, 3377 photoreceptors sampled
chem: CEN[KCg-m@L] -> 687 neurons (KCg-m@L), 1600 pA x 1 pulses
chem: CEN[KCg-m@R] -> 652 neurons (KCg-m@R), 1600 pA x 1 pulses
chem: CEN[DAN_err] -> 154 neurons (DAN_err), 800 pA x 1 pulses
chem: CEN[KCab-m@L] -> 307 neurons (KCab-m@L), 1600 pA x 1 pulses
chem: CEN[KCab-m@R] -> 223 neurons (KCab-m@R), 1600 pA x 1 pulses
chem: CEN[KCab-m@L] -> 307 neurons (KCab-m@L), 1600 pA x 1 pulses
chem: CEN[KCab-m@R] -> 223 neurons (KCab-m@R), 1600 pA x 1 pulses
chem: CEN[MBON*] -> 96 neurons (MBON01@R, MBON02@R, MBON03@R, MBON04@R...), -300 pA x 1 pulses
chem calibration: CEN_C recurrence gain -> 0.002 (chem-run working point, exp019)
simulating 5.0 s ...
plastic state IN KCM: w mean 0.1404 min 0.0300
GPU forward buffers: 256 records, 1367 MB on device
dan-gate: baseline r0 = 0.00 Hz
plastic result KCM: w_scale mean 0.1551 min 0.0300 floor-hit 0/33398 | elig max 38.7693
dan-gate: trace 10000 steps -> D:\Dav\CodeHub\Agent\male-fruit-fly-brain-map\bci\dangate2\outputs\_trial_blocked_r0_p22\_dan_trace.npy | r max 17.6 Hz, r0 0.00 Hz, mod max 0.352, mod integral 692.9 ms
biology loop: 87 s (5000 records)
phi_scalp checksum: L2=3.310550e-04 (baseline A/B file: D:\Dav\CodeHub\Agent\male-fruit-fly-brain-map\bci\dangate2\outputs\_trial_blocked_r0_p22\_debug_phi_scalp.npy)
background EEG: fly signal 0.14 uV vs bg 11.33 uV at 156 deg -> d'=2 needs ~27548 trials (band 2-20 Hz: ~162596)
stim view frames: D:\Dav\CodeHub\Agent\male-fruit-fly-brain-map\bci\dangate2\outputs\_trial_blocked_r0_p22\stim_frames.bin (0.0 MB)
wrote D:\Dav\CodeHub\Agent\male-fruit-fly-brain-map\bci\dangate2\outputs\_trial_blocked_r0_p22\viz_data.json (5.2 MB)
[acquire] blocked_r0_p23: D:\Dav\CodeHub\Agent\male-fruit-fly-brain-map\viz\export_data.py --regions visual_bilateral,ol_rest,central_brain,olfactory --visual-input dark --chem-input dangateAB --plastic-mb --plastic-lr=-2e-7 --plastic-w0 0.03 --plastic-kcm-gain 0.015 --mbon-dan-gain 178 --plastic-dan-gate 150,0.02,400 --mbon-bias=-300 --t-end 5000.0 --seed 1045 --out D:\Dav\CodeHub\Agent\male-fruit-fly-brain-map\bci\dangate2\outputs\_trial_blocked_r0_p23 --gpu --plastic-state-out D:\Dav\CodeHub\Agent\male-fruit-fly-brain-map\bci\dangate2\outputs\states\blocked_r0_p23.npz --plastic-state-in D:\Dav\CodeHub\Agent\male-fruit-fly-brain-map\bci\dangate2\outputs\states\blocked_r0_p22.npz
circuit cache: HIT circuit-693698e48fa257ee3380.npz (0.8 s)
regions: ON  = visual_bilateral, ol_rest, central_brain, olfactory
regions: OFF = audition, gustatory, proprioception, thermal, touch, vnc, vpn_central   <-- pass --regions to enable
plastic-mb: KCM split 33398 KC->MBON pairs (lr=-2e-07)
mbon-dan-gain: MBMD split 349 GABA MBON->DAN pairs from CEN_C (gain=178; 154 DAN_err cells)
dan-gate: monitoring DAN_err compartment (154 cells) -> 154 neurons, tau=150 ms, gain=0.02, t_ref=400 ms
kernel cache: HIT kernels-30e2613dc8e5dd8fe128.npz (0.1 s)
visual input: dark -> 1 frames @ 60.0 fps, 3377 photoreceptors sampled
chem: CEN[KCg-m@L] -> 687 neurons (KCg-m@L), 1600 pA x 1 pulses
chem: CEN[KCg-m@R] -> 652 neurons (KCg-m@R), 1600 pA x 1 pulses
chem: CEN[DAN_err] -> 154 neurons (DAN_err), 800 pA x 1 pulses
chem: CEN[KCab-m@L] -> 307 neurons (KCab-m@L), 1600 pA x 1 pulses
chem: CEN[KCab-m@R] -> 223 neurons (KCab-m@R), 1600 pA x 1 pulses
chem: CEN[KCab-m@L] -> 307 neurons (KCab-m@L), 1600 pA x 1 pulses
chem: CEN[KCab-m@R] -> 223 neurons (KCab-m@R), 1600 pA x 1 pulses
chem: CEN[MBON*] -> 96 neurons (MBON01@R, MBON02@R, MBON03@R, MBON04@R...), -300 pA x 1 pulses
chem calibration: CEN_C recurrence gain -> 0.002 (chem-run working point, exp019)
simulating 5.0 s ...
plastic state IN KCM: w mean 0.1551 min 0.0300
GPU forward buffers: 256 records, 1367 MB on device
dan-gate: baseline r0 = 0.00 Hz
plastic result KCM: w_scale mean 0.1699 min 0.0300 floor-hit 0/33398 | elig max 38.3731
dan-gate: trace 10000 steps -> D:\Dav\CodeHub\Agent\male-fruit-fly-brain-map\bci\dangate2\outputs\_trial_blocked_r0_p23\_dan_trace.npy | r max 18.5 Hz, r0 0.00 Hz, mod max 0.369, mod integral 703.9 ms
biology loop: 87 s (5000 records)
phi_scalp checksum: L2=2.663304e-04 (baseline A/B file: D:\Dav\CodeHub\Agent\male-fruit-fly-brain-map\bci\dangate2\outputs\_trial_blocked_r0_p23\_debug_phi_scalp.npy)
background EEG: fly signal 0.14 uV vs bg 11.33 uV at 156 deg -> d'=2 needs ~25083 trials (band 2-20 Hz: ~134833)
stim view frames: D:\Dav\CodeHub\Agent\male-fruit-fly-brain-map\bci\dangate2\outputs\_trial_blocked_r0_p23\stim_frames.bin (0.0 MB)
wrote D:\Dav\CodeHub\Agent\male-fruit-fly-brain-map\bci\dangate2\outputs\_trial_blocked_r0_p23\viz_data.json (5.2 MB)
[acquire] blocked_r0_p24: D:\Dav\CodeHub\Agent\male-fruit-fly-brain-map\viz\export_data.py --regions visual_bilateral,ol_rest,central_brain,olfactory --visual-input dark --chem-input dangateAB --plastic-mb --plastic-lr=-2e-7 --plastic-w0 0.03 --plastic-kcm-gain 0.015 --mbon-dan-gain 178 --plastic-dan-gate 150,0.02,400 --mbon-bias=-300 --t-end 5000.0 --seed 1046 --out D:\Dav\CodeHub\Agent\male-fruit-fly-brain-map\bci\dangate2\outputs\_trial_blocked_r0_p24 --gpu --plastic-state-out D:\Dav\CodeHub\Agent\male-fruit-fly-brain-map\bci\dangate2\outputs\states\blocked_r0_p24.npz --plastic-state-in D:\Dav\CodeHub\Agent\male-fruit-fly-brain-map\bci\dangate2\outputs\states\blocked_r0_p23.npz
circuit cache: HIT circuit-693698e48fa257ee3380.npz (0.8 s)
regions: ON  = visual_bilateral, ol_rest, central_brain, olfactory
regions: OFF = audition, gustatory, proprioception, thermal, touch, vnc, vpn_central   <-- pass --regions to enable
plastic-mb: KCM split 33398 KC->MBON pairs (lr=-2e-07)
mbon-dan-gain: MBMD split 349 GABA MBON->DAN pairs from CEN_C (gain=178; 154 DAN_err cells)
dan-gate: monitoring DAN_err compartment (154 cells) -> 154 neurons, tau=150 ms, gain=0.02, t_ref=400 ms
kernel cache: HIT kernels-30e2613dc8e5dd8fe128.npz (0.1 s)
visual input: dark -> 1 frames @ 60.0 fps, 3377 photoreceptors sampled
chem: CEN[KCg-m@L] -> 687 neurons (KCg-m@L), 1600 pA x 1 pulses
chem: CEN[KCg-m@R] -> 652 neurons (KCg-m@R), 1600 pA x 1 pulses
chem: CEN[DAN_err] -> 154 neurons (DAN_err), 800 pA x 1 pulses
chem: CEN[KCab-m@L] -> 307 neurons (KCab-m@L), 1600 pA x 1 pulses
chem: CEN[KCab-m@R] -> 223 neurons (KCab-m@R), 1600 pA x 1 pulses
chem: CEN[KCab-m@L] -> 307 neurons (KCab-m@L), 1600 pA x 1 pulses
chem: CEN[KCab-m@R] -> 223 neurons (KCab-m@R), 1600 pA x 1 pulses
chem: CEN[MBON*] -> 96 neurons (MBON01@R, MBON02@R, MBON03@R, MBON04@R...), -300 pA x 1 pulses
chem calibration: CEN_C recurrence gain -> 0.002 (chem-run working point, exp019)
simulating 5.0 s ...
plastic state IN KCM: w mean 0.1699 min 0.0300
GPU forward buffers: 256 records, 1367 MB on device
dan-gate: baseline r0 = 0.00 Hz
plastic result KCM: w_scale mean 0.1847 min 0.0300 floor-hit 0/33398 | elig max 38.8074
dan-gate: trace 10000 steps -> D:\Dav\CodeHub\Agent\male-fruit-fly-brain-map\bci\dangate2\outputs\_trial_blocked_r0_p24\_dan_trace.npy | r max 17.6 Hz, r0 0.00 Hz, mod max 0.352, mod integral 687.5 ms
biology loop: 89 s (5000 records)
phi_scalp checksum: L2=3.210167e-04 (baseline A/B file: D:\Dav\CodeHub\Agent\male-fruit-fly-brain-map\bci\dangate2\outputs\_trial_blocked_r0_p24\_debug_phi_scalp.npy)
background EEG: fly signal 0.11 uV vs bg 11.33 uV at 156 deg -> d'=2 needs ~39957 trials (band 2-20 Hz: ~143720)
stim view frames: D:\Dav\CodeHub\Agent\male-fruit-fly-brain-map\bci\dangate2\outputs\_trial_blocked_r0_p24\stim_frames.bin (0.0 MB)
wrote D:\Dav\CodeHub\Agent\male-fruit-fly-brain-map\bci\dangate2\outputs\_trial_blocked_r0_p24\viz_data.json (5.2 MB)
[acquire] blocked_r0_p25: D:\Dav\CodeHub\Agent\male-fruit-fly-brain-map\viz\export_data.py --regions visual_bilateral,ol_rest,central_brain,olfactory --visual-input dark --chem-input dangateAB --plastic-mb --plastic-lr=-2e-7 --plastic-w0 0.03 --plastic-kcm-gain 0.015 --mbon-dan-gain 178 --plastic-dan-gate 150,0.02,400 --mbon-bias=-300 --t-end 5000.0 --seed 1047 --out D:\Dav\CodeHub\Agent\male-fruit-fly-brain-map\bci\dangate2\outputs\_trial_blocked_r0_p25 --gpu --plastic-state-out D:\Dav\CodeHub\Agent\male-fruit-fly-brain-map\bci\dangate2\outputs\states\blocked_r0_p25.npz --plastic-state-in D:\Dav\CodeHub\Agent\male-fruit-fly-brain-map\bci\dangate2\outputs\states\blocked_r0_p24.npz
circuit cache: HIT circuit-693698e48fa257ee3380.npz (0.8 s)
regions: ON  = visual_bilateral, ol_rest, central_brain, olfactory
regions: OFF = audition, gustatory, proprioception, thermal, touch, vnc, vpn_central   <-- pass --regions to enable
plastic-mb: KCM split 33398 KC->MBON pairs (lr=-2e-07)
mbon-dan-gain: MBMD split 349 GABA MBON->DAN pairs from CEN_C (gain=178; 154 DAN_err cells)
dan-gate: monitoring DAN_err compartment (154 cells) -> 154 neurons, tau=150 ms, gain=0.02, t_ref=400 ms
kernel cache: HIT kernels-30e2613dc8e5dd8fe128.npz (0.1 s)
visual input: dark -> 1 frames @ 60.0 fps, 3377 photoreceptors sampled
chem: CEN[KCg-m@L] -> 687 neurons (KCg-m@L), 1600 pA x 1 pulses
chem: CEN[KCg-m@R] -> 652 neurons (KCg-m@R), 1600 pA x 1 pulses
chem: CEN[DAN_err] -> 154 neurons (DAN_err), 800 pA x 1 pulses
chem: CEN[KCab-m@L] -> 307 neurons (KCab-m@L), 1600 pA x 1 pulses
chem: CEN[KCab-m@R] -> 223 neurons (KCab-m@R), 1600 pA x 1 pulses
chem: CEN[KCab-m@L] -> 307 neurons (KCab-m@L), 1600 pA x 1 pulses
chem: CEN[KCab-m@R] -> 223 neurons (KCab-m@R), 1600 pA x 1 pulses
chem: CEN[MBON*] -> 96 neurons (MBON01@R, MBON02@R, MBON03@R, MBON04@R...), -300 pA x 1 pulses
chem calibration: CEN_C recurrence gain -> 0.002 (chem-run working point, exp019)
simulating 5.0 s ...
plastic state IN KCM: w mean 0.1847 min 0.0300
GPU forward buffers: 256 records, 1367 MB on device
dan-gate: baseline r0 = 0.00 Hz
plastic result KCM: w_scale mean 0.1988 min 0.0300 floor-hit 0/33398 | elig max 38.7104
dan-gate: trace 10000 steps -> D:\Dav\CodeHub\Agent\male-fruit-fly-brain-map\bci\dangate2\outputs\_trial_blocked_r0_p25\_dan_trace.npy | r max 17.5 Hz, r0 0.00 Hz, mod max 0.351, mod integral 667.4 ms
biology loop: 88 s (5000 records)
phi_scalp checksum: L2=3.052248e-04 (baseline A/B file: D:\Dav\CodeHub\Agent\male-fruit-fly-brain-map\bci\dangate2\outputs\_trial_blocked_r0_p25\_debug_phi_scalp.npy)
background EEG: fly signal 0.12 uV vs bg 11.33 uV at 156 deg -> d'=2 needs ~33743 trials (band 2-20 Hz: ~81301)
stim view frames: D:\Dav\CodeHub\Agent\male-fruit-fly-brain-map\bci\dangate2\outputs\_trial_blocked_r0_p25\stim_frames.bin (0.0 MB)
wrote D:\Dav\CodeHub\Agent\male-fruit-fly-brain-map\bci\dangate2\outputs\_trial_blocked_r0_p25\viz_data.json (5.2 MB)
[acquire] control_r0_p10: D:\Dav\CodeHub\Agent\male-fruit-fly-brain-map\viz\export_data.py --regions visual_bilateral,ol_rest,central_brain,olfactory --visual-input dark --chem-input dangateC --plastic-mb --plastic-lr=-2e-7 --plastic-w0 0.03 --plastic-kcm-gain 0.015 --mbon-dan-gain 178 --plastic-dan-gate 150,0.02,400 --mbon-bias=-300 --t-end 5000.0 --seed 1092 --out D:\Dav\CodeHub\Agent\male-fruit-fly-brain-map\bci\dangate2\outputs\_trial_control_r0_p10 --gpu --plastic-state-out D:\Dav\CodeHub\Agent\male-fruit-fly-brain-map\bci\dangate2\outputs\states\control_r0_p10.npz
circuit cache: HIT circuit-693698e48fa257ee3380.npz (0.8 s)
regions: ON  = visual_bilateral, ol_rest, central_brain, olfactory
regions: OFF = audition, gustatory, proprioception, thermal, touch, vnc, vpn_central   <-- pass --regions to enable
plastic-mb: KCM split 33398 KC->MBON pairs (lr=-2e-07)
mbon-dan-gain: MBMD split 349 GABA MBON->DAN pairs from CEN_C (gain=178; 154 DAN_err cells)
dan-gate: monitoring DAN_err compartment (154 cells) -> 154 neurons, tau=150 ms, gain=0.02, t_ref=400 ms
kernel cache: HIT kernels-30e2613dc8e5dd8fe128.npz (0.1 s)
visual input: dark -> 1 frames @ 60.0 fps, 3377 photoreceptors sampled
chem: CEN[KCab-s@L] -> 234 neurons (KCab-s@L), 1600 pA x 1 pulses
chem: CEN[KCab-s@R] -> 421 neurons (KCab-s@R), 1600 pA x 1 pulses
chem: CEN[DAN_err] -> 154 neurons (DAN_err), 800 pA x 1 pulses
chem: CEN[KCab-s@L] -> 234 neurons (KCab-s@L), 1600 pA x 1 pulses
chem: CEN[KCab-s@R] -> 421 neurons (KCab-s@R), 1600 pA x 1 pulses
chem: CEN[MBON*] -> 96 neurons (MBON01@R, MBON02@R, MBON03@R, MBON04@R...), -300 pA x 1 pulses
chem calibration: CEN_C recurrence gain -> 0.002 (chem-run working point, exp019)
simulating 5.0 s ...
GPU forward buffers: 256 records, 1367 MB on device
dan-gate: baseline r0 = 0.00 Hz
plastic result KCM: w_scale mean 0.0452 min 0.0300 floor-hit 0/33398 | elig max 38.5753
dan-gate: trace 10000 steps -> D:\Dav\CodeHub\Agent\male-fruit-fly-brain-map\bci\dangate2\outputs\_trial_control_r0_p10\_dan_trace.npy | r max 118.0 Hz, r0 0.00 Hz, mod max 1.000, mod integral 2166.3 ms
biology loop: 87 s (5000 records)
phi_scalp checksum: L2=2.743345e-04 (baseline A/B file: D:\Dav\CodeHub\Agent\male-fruit-fly-brain-map\bci\dangate2\outputs\_trial_control_r0_p10\_debug_phi_scalp.npy)
background EEG: fly signal 0.17 uV vs bg 13.10 uV at 168 deg -> d'=2 needs ~23687 trials (band 2-20 Hz: ~387954)
stim view frames: D:\Dav\CodeHub\Agent\male-fruit-fly-brain-map\bci\dangate2\outputs\_trial_control_r0_p10\stim_frames.bin (0.0 MB)
wrote D:\Dav\CodeHub\Agent\male-fruit-fly-brain-map\bci\dangate2\outputs\_trial_control_r0_p10\viz_data.json (5.2 MB)
[acquire] control_r0_p11: D:\Dav\CodeHub\Agent\male-fruit-fly-brain-map\viz\export_data.py --regions visual_bilateral,ol_rest,central_brain,olfactory --visual-input dark --chem-input dangateC --plastic-mb --plastic-lr=-2e-7 --plastic-w0 0.03 --plastic-kcm-gain 0.015 --mbon-dan-gain 178 --plastic-dan-gate 150,0.02,400 --mbon-bias=-300 --t-end 5000.0 --seed 1093 --out D:\Dav\CodeHub\Agent\male-fruit-fly-brain-map\bci\dangate2\outputs\_trial_control_r0_p11 --gpu --plastic-state-out D:\Dav\CodeHub\Agent\male-fruit-fly-brain-map\bci\dangate2\outputs\states\control_r0_p11.npz --plastic-state-in D:\Dav\CodeHub\Agent\male-fruit-fly-brain-map\bci\dangate2\outputs\states\control_r0_p10.npz
circuit cache: HIT circuit-693698e48fa257ee3380.npz (0.8 s)
regions: ON  = visual_bilateral, ol_rest, central_brain, olfactory
regions: OFF = audition, gustatory, proprioception, thermal, touch, vnc, vpn_central   <-- pass --regions to enable
plastic-mb: KCM split 33398 KC->MBON pairs (lr=-2e-07)
mbon-dan-gain: MBMD split 349 GABA MBON->DAN pairs from CEN_C (gain=178; 154 DAN_err cells)
dan-gate: monitoring DAN_err compartment (154 cells) -> 154 neurons, tau=150 ms, gain=0.02, t_ref=400 ms
kernel cache: HIT kernels-30e2613dc8e5dd8fe128.npz (0.1 s)
visual input: dark -> 1 frames @ 60.0 fps, 3377 photoreceptors sampled
chem: CEN[KCab-s@L] -> 234 neurons (KCab-s@L), 1600 pA x 1 pulses
chem: CEN[KCab-s@R] -> 421 neurons (KCab-s@R), 1600 pA x 1 pulses
chem: CEN[DAN_err] -> 154 neurons (DAN_err), 800 pA x 1 pulses
chem: CEN[KCab-s@L] -> 234 neurons (KCab-s@L), 1600 pA x 1 pulses
chem: CEN[KCab-s@R] -> 421 neurons (KCab-s@R), 1600 pA x 1 pulses
chem: CEN[MBON*] -> 96 neurons (MBON01@R, MBON02@R, MBON03@R, MBON04@R...), -300 pA x 1 pulses
chem calibration: CEN_C recurrence gain -> 0.002 (chem-run working point, exp019)
simulating 5.0 s ...
plastic state IN KCM: w mean 0.0452 min 0.0300
GPU forward buffers: 256 records, 1367 MB on device
dan-gate: baseline r0 = 0.00 Hz
plastic result KCM: w_scale mean 0.0604 min 0.0300 floor-hit 0/33398 | elig max 38.5247
dan-gate: trace 10000 steps -> D:\Dav\CodeHub\Agent\male-fruit-fly-brain-map\bci\dangate2\outputs\_trial_control_r0_p11\_dan_trace.npy | r max 113.1 Hz, r0 0.00 Hz, mod max 1.000, mod integral 2161.1 ms
biology loop: 87 s (5000 records)
phi_scalp checksum: L2=2.709722e-04 (baseline A/B file: D:\Dav\CodeHub\Agent\male-fruit-fly-brain-map\bci\dangate2\outputs\_trial_control_r0_p11\_debug_phi_scalp.npy)
background EEG: fly signal 0.15 uV vs bg 13.10 uV at 168 deg -> d'=2 needs ~28506 trials (band 2-20 Hz: ~464597)
stim view frames: D:\Dav\CodeHub\Agent\male-fruit-fly-brain-map\bci\dangate2\outputs\_trial_control_r0_p11\stim_frames.bin (0.0 MB)
wrote D:\Dav\CodeHub\Agent\male-fruit-fly-brain-map\bci\dangate2\outputs\_trial_control_r0_p11\viz_data.json (5.2 MB)
[acquire] control_r0_p12: D:\Dav\CodeHub\Agent\male-fruit-fly-brain-map\viz\export_data.py --regions visual_bilateral,ol_rest,central_brain,olfactory --visual-input dark --chem-input dangateC --plastic-mb --plastic-lr=-2e-7 --plastic-w0 0.03 --plastic-kcm-gain 0.015 --mbon-dan-gain 178 --plastic-dan-gate 150,0.02,400 --mbon-bias=-300 --t-end 5000.0 --seed 1094 --out D:\Dav\CodeHub\Agent\male-fruit-fly-brain-map\bci\dangate2\outputs\_trial_control_r0_p12 --gpu --plastic-state-out D:\Dav\CodeHub\Agent\male-fruit-fly-brain-map\bci\dangate2\outputs\states\control_r0_p12.npz --plastic-state-in D:\Dav\CodeHub\Agent\male-fruit-fly-brain-map\bci\dangate2\outputs\states\control_r0_p11.npz
circuit cache: HIT circuit-693698e48fa257ee3380.npz (0.8 s)
regions: ON  = visual_bilateral, ol_rest, central_brain, olfactory
regions: OFF = audition, gustatory, proprioception, thermal, touch, vnc, vpn_central   <-- pass --regions to enable
plastic-mb: KCM split 33398 KC->MBON pairs (lr=-2e-07)
mbon-dan-gain: MBMD split 349 GABA MBON->DAN pairs from CEN_C (gain=178; 154 DAN_err cells)
dan-gate: monitoring DAN_err compartment (154 cells) -> 154 neurons, tau=150 ms, gain=0.02, t_ref=400 ms
kernel cache: HIT kernels-30e2613dc8e5dd8fe128.npz (0.1 s)
visual input: dark -> 1 frames @ 60.0 fps, 3377 photoreceptors sampled
chem: CEN[KCab-s@L] -> 234 neurons (KCab-s@L), 1600 pA x 1 pulses
chem: CEN[KCab-s@R] -> 421 neurons (KCab-s@R), 1600 pA x 1 pulses
chem: CEN[DAN_err] -> 154 neurons (DAN_err), 800 pA x 1 pulses
chem: CEN[KCab-s@L] -> 234 neurons (KCab-s@L), 1600 pA x 1 pulses
chem: CEN[KCab-s@R] -> 421 neurons (KCab-s@R), 1600 pA x 1 pulses
chem: CEN[MBON*] -> 96 neurons (MBON01@R, MBON02@R, MBON03@R, MBON04@R...), -300 pA x 1 pulses
chem calibration: CEN_C recurrence gain -> 0.002 (chem-run working point, exp019)
simulating 5.0 s ...
plastic state IN KCM: w mean 0.0604 min 0.0300
GPU forward buffers: 256 records, 1367 MB on device
dan-gate: baseline r0 = 0.00 Hz
plastic result KCM: w_scale mean 0.0756 min 0.0300 floor-hit 0/33398 | elig max 38.5285
dan-gate: trace 10000 steps -> D:\Dav\CodeHub\Agent\male-fruit-fly-brain-map\bci\dangate2\outputs\_trial_control_r0_p12\_dan_trace.npy | r max 113.4 Hz, r0 0.00 Hz, mod max 1.000, mod integral 2158.6 ms
biology loop: 88 s (5000 records)
phi_scalp checksum: L2=2.684912e-04 (baseline A/B file: D:\Dav\CodeHub\Agent\male-fruit-fly-brain-map\bci\dangate2\outputs\_trial_control_r0_p12\_debug_phi_scalp.npy)
background EEG: fly signal 0.15 uV vs bg 13.10 uV at 168 deg -> d'=2 needs ~32254 trials (band 2-20 Hz: ~524476)
stim view frames: D:\Dav\CodeHub\Agent\male-fruit-fly-brain-map\bci\dangate2\outputs\_trial_control_r0_p12\stim_frames.bin (0.0 MB)
wrote D:\Dav\CodeHub\Agent\male-fruit-fly-brain-map\bci\dangate2\outputs\_trial_control_r0_p12\viz_data.json (5.2 MB)
[acquire] control_r0_p13: D:\Dav\CodeHub\Agent\male-fruit-fly-brain-map\viz\export_data.py --regions visual_bilateral,ol_rest,central_brain,olfactory --visual-input dark --chem-input dangateC --plastic-mb --plastic-lr=-2e-7 --plastic-w0 0.03 --plastic-kcm-gain 0.015 --mbon-dan-gain 178 --plastic-dan-gate 150,0.02,400 --mbon-bias=-300 --t-end 5000.0 --seed 1095 --out D:\Dav\CodeHub\Agent\male-fruit-fly-brain-map\bci\dangate2\outputs\_trial_control_r0_p13 --gpu --plastic-state-out D:\Dav\CodeHub\Agent\male-fruit-fly-brain-map\bci\dangate2\outputs\states\control_r0_p13.npz --plastic-state-in D:\Dav\CodeHub\Agent\male-fruit-fly-brain-map\bci\dangate2\outputs\states\control_r0_p12.npz
circuit cache: HIT circuit-693698e48fa257ee3380.npz (0.8 s)
regions: ON  = visual_bilateral, ol_rest, central_brain, olfactory
regions: OFF = audition, gustatory, proprioception, thermal, touch, vnc, vpn_central   <-- pass --regions to enable
plastic-mb: KCM split 33398 KC->MBON pairs (lr=-2e-07)
mbon-dan-gain: MBMD split 349 GABA MBON->DAN pairs from CEN_C (gain=178; 154 DAN_err cells)
dan-gate: monitoring DAN_err compartment (154 cells) -> 154 neurons, tau=150 ms, gain=0.02, t_ref=400 ms
kernel cache: HIT kernels-30e2613dc8e5dd8fe128.npz (0.1 s)
visual input: dark -> 1 frames @ 60.0 fps, 3377 photoreceptors sampled
chem: CEN[KCab-s@L] -> 234 neurons (KCab-s@L), 1600 pA x 1 pulses
chem: CEN[KCab-s@R] -> 421 neurons (KCab-s@R), 1600 pA x 1 pulses
chem: CEN[DAN_err] -> 154 neurons (DAN_err), 800 pA x 1 pulses
chem: CEN[KCab-s@L] -> 234 neurons (KCab-s@L), 1600 pA x 1 pulses
chem: CEN[KCab-s@R] -> 421 neurons (KCab-s@R), 1600 pA x 1 pulses
chem: CEN[MBON*] -> 96 neurons (MBON01@R, MBON02@R, MBON03@R, MBON04@R...), -300 pA x 1 pulses
chem calibration: CEN_C recurrence gain -> 0.002 (chem-run working point, exp019)
simulating 5.0 s ...
plastic state IN KCM: w mean 0.0756 min 0.0300
GPU forward buffers: 256 records, 1367 MB on device
dan-gate: baseline r0 = 0.00 Hz
plastic result KCM: w_scale mean 0.0908 min 0.0300 floor-hit 0/33398 | elig max 38.5223
dan-gate: trace 10000 steps -> D:\Dav\CodeHub\Agent\male-fruit-fly-brain-map\bci\dangate2\outputs\_trial_control_r0_p13\_dan_trace.npy | r max 113.0 Hz, r0 0.00 Hz, mod max 1.000, mod integral 2158.6 ms
biology loop: 88 s (5000 records)
phi_scalp checksum: L2=2.649114e-04 (baseline A/B file: D:\Dav\CodeHub\Agent\male-fruit-fly-brain-map\bci\dangate2\outputs\_trial_control_r0_p13\_debug_phi_scalp.npy)
background EEG: fly signal 0.13 uV vs bg 13.10 uV at 168 deg -> d'=2 needs ~38083 trials (band 2-20 Hz: ~583534)
stim view frames: D:\Dav\CodeHub\Agent\male-fruit-fly-brain-map\bci\dangate2\outputs\_trial_control_r0_p13\stim_frames.bin (0.0 MB)
wrote D:\Dav\CodeHub\Agent\male-fruit-fly-brain-map\bci\dangate2\outputs\_trial_control_r0_p13\viz_data.json (5.2 MB)
[acquire] control_r0_p20: D:\Dav\CodeHub\Agent\male-fruit-fly-brain-map\viz\export_data.py --regions visual_bilateral,ol_rest,central_brain,olfactory --visual-input dark --chem-input dangateAB --plastic-mb --plastic-lr=-2e-7 --plastic-w0 0.03 --plastic-kcm-gain 0.015 --mbon-dan-gain 178 --plastic-dan-gate 150,0.02,400 --mbon-bias=-300 --t-end 5000.0 --seed 1092 --out D:\Dav\CodeHub\Agent\male-fruit-fly-brain-map\bci\dangate2\outputs\_trial_control_r0_p20 --gpu --plastic-state-out D:\Dav\CodeHub\Agent\male-fruit-fly-brain-map\bci\dangate2\outputs\states\control_r0_p20.npz --plastic-state-in D:\Dav\CodeHub\Agent\male-fruit-fly-brain-map\bci\dangate2\outputs\states\control_r0_p13.npz
circuit cache: HIT circuit-693698e48fa257ee3380.npz (0.8 s)
regions: ON  = visual_bilateral, ol_rest, central_brain, olfactory
regions: OFF = audition, gustatory, proprioception, thermal, touch, vnc, vpn_central   <-- pass --regions to enable
plastic-mb: KCM split 33398 KC->MBON pairs (lr=-2e-07)
mbon-dan-gain: MBMD split 349 GABA MBON->DAN pairs from CEN_C (gain=178; 154 DAN_err cells)
dan-gate: monitoring DAN_err compartment (154 cells) -> 154 neurons, tau=150 ms, gain=0.02, t_ref=400 ms
kernel cache: HIT kernels-30e2613dc8e5dd8fe128.npz (0.1 s)
visual input: dark -> 1 frames @ 60.0 fps, 3377 photoreceptors sampled
chem: CEN[KCg-m@L] -> 687 neurons (KCg-m@L), 1600 pA x 1 pulses
chem: CEN[KCg-m@R] -> 652 neurons (KCg-m@R), 1600 pA x 1 pulses
chem: CEN[DAN_err] -> 154 neurons (DAN_err), 800 pA x 1 pulses
chem: CEN[KCab-m@L] -> 307 neurons (KCab-m@L), 1600 pA x 1 pulses
chem: CEN[KCab-m@R] -> 223 neurons (KCab-m@R), 1600 pA x 1 pulses
chem: CEN[KCab-m@L] -> 307 neurons (KCab-m@L), 1600 pA x 1 pulses
chem: CEN[KCab-m@R] -> 223 neurons (KCab-m@R), 1600 pA x 1 pulses
chem: CEN[MBON*] -> 96 neurons (MBON01@R, MBON02@R, MBON03@R, MBON04@R...), -300 pA x 1 pulses
chem calibration: CEN_C recurrence gain -> 0.002 (chem-run working point, exp019)
simulating 5.0 s ...
plastic state IN KCM: w mean 0.0908 min 0.0300
GPU forward buffers: 256 records, 1367 MB on device
dan-gate: baseline r0 = 0.00 Hz
plastic result KCM: w_scale mean 0.1306 min 0.0300 floor-hit 0/33398 | elig max 38.4272
dan-gate: trace 10000 steps -> D:\Dav\CodeHub\Agent\male-fruit-fly-brain-map\bci\dangate2\outputs\_trial_control_r0_p20\_dan_trace.npy | r max 52.1 Hz, r0 0.00 Hz, mod max 1.000, mod integral 1874.4 ms
biology loop: 86 s (5000 records)
phi_scalp checksum: L2=2.890869e-04 (baseline A/B file: D:\Dav\CodeHub\Agent\male-fruit-fly-brain-map\bci\dangate2\outputs\_trial_control_r0_p20\_debug_phi_scalp.npy)
background EEG: fly signal 0.23 uV vs bg 11.33 uV at 156 deg -> d'=2 needs ~10022 trials (band 2-20 Hz: ~176975)
stim view frames: D:\Dav\CodeHub\Agent\male-fruit-fly-brain-map\bci\dangate2\outputs\_trial_control_r0_p20\stim_frames.bin (0.0 MB)
wrote D:\Dav\CodeHub\Agent\male-fruit-fly-brain-map\bci\dangate2\outputs\_trial_control_r0_p20\viz_data.json (5.2 MB)
[acquire] control_r0_p21: D:\Dav\CodeHub\Agent\male-fruit-fly-brain-map\viz\export_data.py --regions visual_bilateral,ol_rest,central_brain,olfactory --visual-input dark --chem-input dangateAB --plastic-mb --plastic-lr=-2e-7 --plastic-w0 0.03 --plastic-kcm-gain 0.015 --mbon-dan-gain 178 --plastic-dan-gate 150,0.02,400 --mbon-bias=-300 --t-end 5000.0 --seed 1093 --out D:\Dav\CodeHub\Agent\male-fruit-fly-brain-map\bci\dangate2\outputs\_trial_control_r0_p21 --gpu --plastic-state-out D:\Dav\CodeHub\Agent\male-fruit-fly-brain-map\bci\dangate2\outputs\states\control_r0_p21.npz --plastic-state-in D:\Dav\CodeHub\Agent\male-fruit-fly-brain-map\bci\dangate2\outputs\states\control_r0_p20.npz
circuit cache: HIT circuit-693698e48fa257ee3380.npz (0.9 s)
regions: ON  = visual_bilateral, ol_rest, central_brain, olfactory
regions: OFF = audition, gustatory, proprioception, thermal, touch, vnc, vpn_central   <-- pass --regions to enable
plastic-mb: KCM split 33398 KC->MBON pairs (lr=-2e-07)
mbon-dan-gain: MBMD split 349 GABA MBON->DAN pairs from CEN_C (gain=178; 154 DAN_err cells)
dan-gate: monitoring DAN_err compartment (154 cells) -> 154 neurons, tau=150 ms, gain=0.02, t_ref=400 ms
kernel cache: HIT kernels-30e2613dc8e5dd8fe128.npz (0.1 s)
visual input: dark -> 1 frames @ 60.0 fps, 3377 photoreceptors sampled
chem: CEN[KCg-m@L] -> 687 neurons (KCg-m@L), 1600 pA x 1 pulses
chem: CEN[KCg-m@R] -> 652 neurons (KCg-m@R), 1600 pA x 1 pulses
chem: CEN[DAN_err] -> 154 neurons (DAN_err), 800 pA x 1 pulses
chem: CEN[KCab-m@L] -> 307 neurons (KCab-m@L), 1600 pA x 1 pulses
chem: CEN[KCab-m@R] -> 223 neurons (KCab-m@R), 1600 pA x 1 pulses
chem: CEN[KCab-m@L] -> 307 neurons (KCab-m@L), 1600 pA x 1 pulses
chem: CEN[KCab-m@R] -> 223 neurons (KCab-m@R), 1600 pA x 1 pulses
chem: CEN[MBON*] -> 96 neurons (MBON01@R, MBON02@R, MBON03@R, MBON04@R...), -300 pA x 1 pulses
chem calibration: CEN_C recurrence gain -> 0.002 (chem-run working point, exp019)
simulating 5.0 s ...
plastic state IN KCM: w mean 0.1306 min 0.0300
GPU forward buffers: 256 records, 1367 MB on device
dan-gate: baseline r0 = 0.00 Hz
plastic result KCM: w_scale mean 0.1552 min 0.0300 floor-hit 0/33398 | elig max 38.4665
dan-gate: trace 10000 steps -> D:\Dav\CodeHub\Agent\male-fruit-fly-brain-map\bci\dangate2\outputs\_trial_control_r0_p21\_dan_trace.npy | r max 32.0 Hz, r0 0.00 Hz, mod max 0.639, mod integral 1168.9 ms
biology loop: 87 s (5000 records)
phi_scalp checksum: L2=2.849858e-04 (baseline A/B file: D:\Dav\CodeHub\Agent\male-fruit-fly-brain-map\bci\dangate2\outputs\_trial_control_r0_p21\_debug_phi_scalp.npy)
background EEG: fly signal 0.21 uV vs bg 11.33 uV at 156 deg -> d'=2 needs ~11284 trials (band 2-20 Hz: ~160502)
stim view frames: D:\Dav\CodeHub\Agent\male-fruit-fly-brain-map\bci\dangate2\outputs\_trial_control_r0_p21\stim_frames.bin (0.0 MB)
wrote D:\Dav\CodeHub\Agent\male-fruit-fly-brain-map\bci\dangate2\outputs\_trial_control_r0_p21\viz_data.json (5.2 MB)
[acquire] control_r0_p22: D:\Dav\CodeHub\Agent\male-fruit-fly-brain-map\viz\export_data.py --regions visual_bilateral,ol_rest,central_brain,olfactory --visual-input dark --chem-input dangateAB --plastic-mb --plastic-lr=-2e-7 --plastic-w0 0.03 --plastic-kcm-gain 0.015 --mbon-dan-gain 178 --plastic-dan-gate 150,0.02,400 --mbon-bias=-300 --t-end 5000.0 --seed 1094 --out D:\Dav\CodeHub\Agent\male-fruit-fly-brain-map\bci\dangate2\outputs\_trial_control_r0_p22 --gpu --plastic-state-out D:\Dav\CodeHub\Agent\male-fruit-fly-brain-map\bci\dangate2\outputs\states\control_r0_p22.npz --plastic-state-in D:\Dav\CodeHub\Agent\male-fruit-fly-brain-map\bci\dangate2\outputs\states\control_r0_p21.npz
circuit cache: HIT circuit-693698e48fa257ee3380.npz (0.8 s)
regions: ON  = visual_bilateral, ol_rest, central_brain, olfactory
regions: OFF = audition, gustatory, proprioception, thermal, touch, vnc, vpn_central   <-- pass --regions to enable
plastic-mb: KCM split 33398 KC->MBON pairs (lr=-2e-07)
mbon-dan-gain: MBMD split 349 GABA MBON->DAN pairs from CEN_C (gain=178; 154 DAN_err cells)
dan-gate: monitoring DAN_err compartment (154 cells) -> 154 neurons, tau=150 ms, gain=0.02, t_ref=400 ms
kernel cache: HIT kernels-30e2613dc8e5dd8fe128.npz (0.1 s)
visual input: dark -> 1 frames @ 60.0 fps, 3377 photoreceptors sampled
chem: CEN[KCg-m@L] -> 687 neurons (KCg-m@L), 1600 pA x 1 pulses
chem: CEN[KCg-m@R] -> 652 neurons (KCg-m@R), 1600 pA x 1 pulses
chem: CEN[DAN_err] -> 154 neurons (DAN_err), 800 pA x 1 pulses
chem: CEN[KCab-m@L] -> 307 neurons (KCab-m@L), 1600 pA x 1 pulses
chem: CEN[KCab-m@R] -> 223 neurons (KCab-m@R), 1600 pA x 1 pulses
chem: CEN[KCab-m@L] -> 307 neurons (KCab-m@L), 1600 pA x 1 pulses
chem: CEN[KCab-m@R] -> 223 neurons (KCab-m@R), 1600 pA x 1 pulses
chem: CEN[MBON*] -> 96 neurons (MBON01@R, MBON02@R, MBON03@R, MBON04@R...), -300 pA x 1 pulses
chem calibration: CEN_C recurrence gain -> 0.002 (chem-run working point, exp019)
simulating 5.0 s ...
plastic state IN KCM: w mean 0.1552 min 0.0300
GPU forward buffers: 256 records, 1367 MB on device
dan-gate: baseline r0 = 0.00 Hz
plastic result KCM: w_scale mean 0.1769 min 0.0300 floor-hit 0/33398 | elig max 38.2342
dan-gate: trace 10000 steps -> D:\Dav\CodeHub\Agent\male-fruit-fly-brain-map\bci\dangate2\outputs\_trial_control_r0_p22\_dan_trace.npy | r max 28.5 Hz, r0 0.00 Hz, mod max 0.570, mod integral 1024.5 ms
biology loop: 87 s (5000 records)
phi_scalp checksum: L2=2.813021e-04 (baseline A/B file: D:\Dav\CodeHub\Agent\male-fruit-fly-brain-map\bci\dangate2\outputs\_trial_control_r0_p22\_debug_phi_scalp.npy)
background EEG: fly signal 0.20 uV vs bg 11.33 uV at 156 deg -> d'=2 needs ~13425 trials (band 2-20 Hz: ~157820)
stim view frames: D:\Dav\CodeHub\Agent\male-fruit-fly-brain-map\bci\dangate2\outputs\_trial_control_r0_p22\stim_frames.bin (0.0 MB)
wrote D:\Dav\CodeHub\Agent\male-fruit-fly-brain-map\bci\dangate2\outputs\_trial_control_r0_p22\viz_data.json (5.2 MB)
[acquire] control_r0_p23: D:\Dav\CodeHub\Agent\male-fruit-fly-brain-map\viz\export_data.py --regions visual_bilateral,ol_rest,central_brain,olfactory --visual-input dark --chem-input dangateAB --plastic-mb --plastic-lr=-2e-7 --plastic-w0 0.03 --plastic-kcm-gain 0.015 --mbon-dan-gain 178 --plastic-dan-gate 150,0.02,400 --mbon-bias=-300 --t-end 5000.0 --seed 1095 --out D:\Dav\CodeHub\Agent\male-fruit-fly-brain-map\bci\dangate2\outputs\_trial_control_r0_p23 --gpu --plastic-state-out D:\Dav\CodeHub\Agent\male-fruit-fly-brain-map\bci\dangate2\outputs\states\control_r0_p23.npz --plastic-state-in D:\Dav\CodeHub\Agent\male-fruit-fly-brain-map\bci\dangate2\outputs\states\control_r0_p22.npz
circuit cache: HIT circuit-693698e48fa257ee3380.npz (0.8 s)
regions: ON  = visual_bilateral, ol_rest, central_brain, olfactory
regions: OFF = audition, gustatory, proprioception, thermal, touch, vnc, vpn_central   <-- pass --regions to enable
plastic-mb: KCM split 33398 KC->MBON pairs (lr=-2e-07)
mbon-dan-gain: MBMD split 349 GABA MBON->DAN pairs from CEN_C (gain=178; 154 DAN_err cells)
dan-gate: monitoring DAN_err compartment (154 cells) -> 154 neurons, tau=150 ms, gain=0.02, t_ref=400 ms
kernel cache: HIT kernels-30e2613dc8e5dd8fe128.npz (0.1 s)
visual input: dark -> 1 frames @ 60.0 fps, 3377 photoreceptors sampled
chem: CEN[KCg-m@L] -> 687 neurons (KCg-m@L), 1600 pA x 1 pulses
chem: CEN[KCg-m@R] -> 652 neurons (KCg-m@R), 1600 pA x 1 pulses
chem: CEN[DAN_err] -> 154 neurons (DAN_err), 800 pA x 1 pulses
chem: CEN[KCab-m@L] -> 307 neurons (KCab-m@L), 1600 pA x 1 pulses
chem: CEN[KCab-m@R] -> 223 neurons (KCab-m@R), 1600 pA x 1 pulses
chem: CEN[KCab-m@L] -> 307 neurons (KCab-m@L), 1600 pA x 1 pulses
chem: CEN[KCab-m@R] -> 223 neurons (KCab-m@R), 1600 pA x 1 pulses
chem: CEN[MBON*] -> 96 neurons (MBON01@R, MBON02@R, MBON03@R, MBON04@R...), -300 pA x 1 pulses
chem calibration: CEN_C recurrence gain -> 0.002 (chem-run working point, exp019)
simulating 5.0 s ...
plastic state IN KCM: w mean 0.1769 min 0.0300
GPU forward buffers: 256 records, 1367 MB on device
dan-gate: baseline r0 = 0.00 Hz
plastic result KCM: w_scale mean 0.1931 min 0.0300 floor-hit 0/33398 | elig max 38.8293
dan-gate: trace 10000 steps -> D:\Dav\CodeHub\Agent\male-fruit-fly-brain-map\bci\dangate2\outputs\_trial_control_r0_p23\_dan_trace.npy | r max 22.0 Hz, r0 0.00 Hz, mod max 0.441, mod integral 774.8 ms
biology loop: 87 s (5000 records)
phi_scalp checksum: L2=3.205309e-04 (baseline A/B file: D:\Dav\CodeHub\Agent\male-fruit-fly-brain-map\bci\dangate2\outputs\_trial_control_r0_p23\_debug_phi_scalp.npy)
background EEG: fly signal 0.14 uV vs bg 11.33 uV at 156 deg -> d'=2 needs ~27083 trials (band 2-20 Hz: ~121652)
stim view frames: D:\Dav\CodeHub\Agent\male-fruit-fly-brain-map\bci\dangate2\outputs\_trial_control_r0_p23\stim_frames.bin (0.0 MB)
wrote D:\Dav\CodeHub\Agent\male-fruit-fly-brain-map\bci\dangate2\outputs\_trial_control_r0_p23\viz_data.json (5.2 MB)
[acquire] control_r0_p24: D:\Dav\CodeHub\Agent\male-fruit-fly-brain-map\viz\export_data.py --regions visual_bilateral,ol_rest,central_brain,olfactory --visual-input dark --chem-input dangateAB --plastic-mb --plastic-lr=-2e-7 --plastic-w0 0.03 --plastic-kcm-gain 0.015 --mbon-dan-gain 178 --plastic-dan-gate 150,0.02,400 --mbon-bias=-300 --t-end 5000.0 --seed 1096 --out D:\Dav\CodeHub\Agent\male-fruit-fly-brain-map\bci\dangate2\outputs\_trial_control_r0_p24 --gpu --plastic-state-out D:\Dav\CodeHub\Agent\male-fruit-fly-brain-map\bci\dangate2\outputs\states\control_r0_p24.npz --plastic-state-in D:\Dav\CodeHub\Agent\male-fruit-fly-brain-map\bci\dangate2\outputs\states\control_r0_p23.npz
circuit cache: HIT circuit-693698e48fa257ee3380.npz (0.8 s)
regions: ON  = visual_bilateral, ol_rest, central_brain, olfactory
regions: OFF = audition, gustatory, proprioception, thermal, touch, vnc, vpn_central   <-- pass --regions to enable
plastic-mb: KCM split 33398 KC->MBON pairs (lr=-2e-07)
mbon-dan-gain: MBMD split 349 GABA MBON->DAN pairs from CEN_C (gain=178; 154 DAN_err cells)
dan-gate: monitoring DAN_err compartment (154 cells) -> 154 neurons, tau=150 ms, gain=0.02, t_ref=400 ms
kernel cache: HIT kernels-30e2613dc8e5dd8fe128.npz (0.1 s)
visual input: dark -> 1 frames @ 60.0 fps, 3377 photoreceptors sampled
chem: CEN[KCg-m@L] -> 687 neurons (KCg-m@L), 1600 pA x 1 pulses
chem: CEN[KCg-m@R] -> 652 neurons (KCg-m@R), 1600 pA x 1 pulses
chem: CEN[DAN_err] -> 154 neurons (DAN_err), 800 pA x 1 pulses
chem: CEN[KCab-m@L] -> 307 neurons (KCab-m@L), 1600 pA x 1 pulses
chem: CEN[KCab-m@R] -> 223 neurons (KCab-m@R), 1600 pA x 1 pulses
chem: CEN[KCab-m@L] -> 307 neurons (KCab-m@L), 1600 pA x 1 pulses
chem: CEN[KCab-m@R] -> 223 neurons (KCab-m@R), 1600 pA x 1 pulses
chem: CEN[MBON*] -> 96 neurons (MBON01@R, MBON02@R, MBON03@R, MBON04@R...), -300 pA x 1 pulses
chem calibration: CEN_C recurrence gain -> 0.002 (chem-run working point, exp019)
simulating 5.0 s ...
plastic state IN KCM: w mean 0.1931 min 0.0300
GPU forward buffers: 256 records, 1367 MB on device
dan-gate: baseline r0 = 0.00 Hz
plastic result KCM: w_scale mean 0.2081 min 0.0300 floor-hit 0/33398 | elig max 38.7811
dan-gate: trace 10000 steps -> D:\Dav\CodeHub\Agent\male-fruit-fly-brain-map\bci\dangate2\outputs\_trial_control_r0_p24\_dan_trace.npy | r max 18.6 Hz, r0 0.00 Hz, mod max 0.371, mod integral 709.1 ms
biology loop: 88 s (5000 records)
phi_scalp checksum: L2=3.316915e-04 (baseline A/B file: D:\Dav\CodeHub\Agent\male-fruit-fly-brain-map\bci\dangate2\outputs\_trial_control_r0_p24\_debug_phi_scalp.npy)
background EEG: fly signal 0.14 uV vs bg 11.33 uV at 156 deg -> d'=2 needs ~24331 trials (band 2-20 Hz: ~167379)
stim view frames: D:\Dav\CodeHub\Agent\male-fruit-fly-brain-map\bci\dangate2\outputs\_trial_control_r0_p24\stim_frames.bin (0.0 MB)
wrote D:\Dav\CodeHub\Agent\male-fruit-fly-brain-map\bci\dangate2\outputs\_trial_control_r0_p24\viz_data.json (5.2 MB)
[acquire] control_r0_p25: D:\Dav\CodeHub\Agent\male-fruit-fly-brain-map\viz\export_data.py --regions visual_bilateral,ol_rest,central_brain,olfactory --visual-input dark --chem-input dangateAB --plastic-mb --plastic-lr=-2e-7 --plastic-w0 0.03 --plastic-kcm-gain 0.015 --mbon-dan-gain 178 --plastic-dan-gate 150,0.02,400 --mbon-bias=-300 --t-end 5000.0 --seed 1097 --out D:\Dav\CodeHub\Agent\male-fruit-fly-brain-map\bci\dangate2\outputs\_trial_control_r0_p25 --gpu --plastic-state-out D:\Dav\CodeHub\Agent\male-fruit-fly-brain-map\bci\dangate2\outputs\states\control_r0_p25.npz --plastic-state-in D:\Dav\CodeHub\Agent\male-fruit-fly-brain-map\bci\dangate2\outputs\states\control_r0_p24.npz
circuit cache: HIT circuit-693698e48fa257ee3380.npz (0.8 s)
regions: ON  = visual_bilateral, ol_rest, central_brain, olfactory
regions: OFF = audition, gustatory, proprioception, thermal, touch, vnc, vpn_central   <-- pass --regions to enable
plastic-mb: KCM split 33398 KC->MBON pairs (lr=-2e-07)
mbon-dan-gain: MBMD split 349 GABA MBON->DAN pairs from CEN_C (gain=178; 154 DAN_err cells)
dan-gate: monitoring DAN_err compartment (154 cells) -> 154 neurons, tau=150 ms, gain=0.02, t_ref=400 ms
kernel cache: HIT kernels-30e2613dc8e5dd8fe128.npz (0.1 s)
visual input: dark -> 1 frames @ 60.0 fps, 3377 photoreceptors sampled
chem: CEN[KCg-m@L] -> 687 neurons (KCg-m@L), 1600 pA x 1 pulses
chem: CEN[KCg-m@R] -> 652 neurons (KCg-m@R), 1600 pA x 1 pulses
chem: CEN[DAN_err] -> 154 neurons (DAN_err), 800 pA x 1 pulses
chem: CEN[KCab-m@L] -> 307 neurons (KCab-m@L), 1600 pA x 1 pulses
chem: CEN[KCab-m@R] -> 223 neurons (KCab-m@R), 1600 pA x 1 pulses
chem: CEN[KCab-m@L] -> 307 neurons (KCab-m@L), 1600 pA x 1 pulses
chem: CEN[KCab-m@R] -> 223 neurons (KCab-m@R), 1600 pA x 1 pulses
chem: CEN[MBON*] -> 96 neurons (MBON01@R, MBON02@R, MBON03@R, MBON04@R...), -300 pA x 1 pulses
chem calibration: CEN_C recurrence gain -> 0.002 (chem-run working point, exp019)
simulating 5.0 s ...
plastic state IN KCM: w mean 0.2081 min 0.0300
GPU forward buffers: 256 records, 1367 MB on device
dan-gate: baseline r0 = 0.00 Hz
plastic result KCM: w_scale mean 0.2226 min 0.0300 floor-hit 0/33398 | elig max 38.7102
dan-gate: trace 10000 steps -> D:\Dav\CodeHub\Agent\male-fruit-fly-brain-map\bci\dangate2\outputs\_trial_control_r0_p25\_dan_trace.npy | r max 17.6 Hz, r0 0.00 Hz, mod max 0.352, mod integral 686.8 ms
biology loop: 86 s (5000 records)
phi_scalp checksum: L2=3.288951e-04 (baseline A/B file: D:\Dav\CodeHub\Agent\male-fruit-fly-brain-map\bci\dangate2\outputs\_trial_control_r0_p25\_debug_phi_scalp.npy)
background EEG: fly signal 0.13 uV vs bg 11.33 uV at 156 deg -> d'=2 needs ~29121 trials (band 2-20 Hz: ~166395)
stim view frames: D:\Dav\CodeHub\Agent\male-fruit-fly-brain-map\bci\dangate2\outputs\_trial_control_r0_p25\stim_frames.bin (0.0 MB)
wrote D:\Dav\CodeHub\Agent\male-fruit-fly-brain-map\bci\dangate2\outputs\_trial_control_r0_p25\viz_data.json (5.2 MB)
[acquire] blocked_r1_p10: D:\Dav\CodeHub\Agent\male-fruit-fly-brain-map\viz\export_data.py --regions visual_bilateral,ol_rest,central_brain,olfactory --visual-input dark --chem-input dangateA --plastic-mb --plastic-lr=-2e-7 --plastic-w0 0.03 --plastic-kcm-gain 0.015 --mbon-dan-gain 178 --plastic-dan-gate 150,0.02,400 --mbon-bias=-300 --t-end 5000.0 --seed 1052 --out D:\Dav\CodeHub\Agent\male-fruit-fly-brain-map\bci\dangate2\outputs\_trial_blocked_r1_p10 --gpu --plastic-state-out D:\Dav\CodeHub\Agent\male-fruit-fly-brain-map\bci\dangate2\outputs\states\blocked_r1_p10.npz
circuit cache: HIT circuit-693698e48fa257ee3380.npz (0.8 s)
regions: ON  = visual_bilateral, ol_rest, central_brain, olfactory
regions: OFF = audition, gustatory, proprioception, thermal, touch, vnc, vpn_central   <-- pass --regions to enable
plastic-mb: KCM split 33398 KC->MBON pairs (lr=-2e-07)
mbon-dan-gain: MBMD split 349 GABA MBON->DAN pairs from CEN_C (gain=178; 154 DAN_err cells)
dan-gate: monitoring DAN_err compartment (154 cells) -> 154 neurons, tau=150 ms, gain=0.02, t_ref=400 ms
kernel cache: HIT kernels-30e2613dc8e5dd8fe128.npz (0.1 s)
visual input: dark -> 1 frames @ 60.0 fps, 3377 photoreceptors sampled
chem: CEN[KCg-m@L] -> 687 neurons (KCg-m@L), 1600 pA x 1 pulses
chem: CEN[KCg-m@R] -> 652 neurons (KCg-m@R), 1600 pA x 1 pulses
chem: CEN[DAN_err] -> 154 neurons (DAN_err), 800 pA x 1 pulses
chem: CEN[KCg-m@L] -> 687 neurons (KCg-m@L), 1600 pA x 1 pulses
chem: CEN[KCg-m@R] -> 652 neurons (KCg-m@R), 1600 pA x 1 pulses
chem: CEN[MBON*] -> 96 neurons (MBON01@R, MBON02@R, MBON03@R, MBON04@R...), -300 pA x 1 pulses
chem calibration: CEN_C recurrence gain -> 0.002 (chem-run working point, exp019)
simulating 5.0 s ...
GPU forward buffers: 256 records, 1367 MB on device
dan-gate: baseline r0 = 0.00 Hz
plastic result KCM: w_scale mean 0.0618 min 0.0300 floor-hit 0/33398 | elig max 39.5770
dan-gate: trace 10000 steps -> D:\Dav\CodeHub\Agent\male-fruit-fly-brain-map\bci\dangate2\outputs\_trial_blocked_r1_p10\_dan_trace.npy | r max 52.3 Hz, r0 0.00 Hz, mod max 1.000, mod integral 1902.5 ms
biology loop: 87 s (5000 records)
phi_scalp checksum: L2=2.968715e-04 (baseline A/B file: D:\Dav\CodeHub\Agent\male-fruit-fly-brain-map\bci\dangate2\outputs\_trial_blocked_r1_p10\_debug_phi_scalp.npy)
background EEG: fly signal 0.25 uV vs bg 11.33 uV at 156 deg -> d'=2 needs ~8032 trials (band 2-20 Hz: ~101123)
stim view frames: D:\Dav\CodeHub\Agent\male-fruit-fly-brain-map\bci\dangate2\outputs\_trial_blocked_r1_p10\stim_frames.bin (0.0 MB)
wrote D:\Dav\CodeHub\Agent\male-fruit-fly-brain-map\bci\dangate2\outputs\_trial_blocked_r1_p10\viz_data.json (5.2 MB)
[acquire] blocked_r1_p11: D:\Dav\CodeHub\Agent\male-fruit-fly-brain-map\viz\export_data.py --regions visual_bilateral,ol_rest,central_brain,olfactory --visual-input dark --chem-input dangateA --plastic-mb --plastic-lr=-2e-7 --plastic-w0 0.03 --plastic-kcm-gain 0.015 --mbon-dan-gain 178 --plastic-dan-gate 150,0.02,400 --mbon-bias=-300 --t-end 5000.0 --seed 1053 --out D:\Dav\CodeHub\Agent\male-fruit-fly-brain-map\bci\dangate2\outputs\_trial_blocked_r1_p11 --gpu --plastic-state-out D:\Dav\CodeHub\Agent\male-fruit-fly-brain-map\bci\dangate2\outputs\states\blocked_r1_p11.npz --plastic-state-in D:\Dav\CodeHub\Agent\male-fruit-fly-brain-map\bci\dangate2\outputs\states\blocked_r1_p10.npz
circuit cache: HIT circuit-693698e48fa257ee3380.npz (0.8 s)
regions: ON  = visual_bilateral, ol_rest, central_brain, olfactory
regions: OFF = audition, gustatory, proprioception, thermal, touch, vnc, vpn_central   <-- pass --regions to enable
plastic-mb: KCM split 33398 KC->MBON pairs (lr=-2e-07)
mbon-dan-gain: MBMD split 349 GABA MBON->DAN pairs from CEN_C (gain=178; 154 DAN_err cells)
dan-gate: monitoring DAN_err compartment (154 cells) -> 154 neurons, tau=150 ms, gain=0.02, t_ref=400 ms
kernel cache: HIT kernels-30e2613dc8e5dd8fe128.npz (0.1 s)
visual input: dark -> 1 frames @ 60.0 fps, 3377 photoreceptors sampled
chem: CEN[KCg-m@L] -> 687 neurons (KCg-m@L), 1600 pA x 1 pulses
chem: CEN[KCg-m@R] -> 652 neurons (KCg-m@R), 1600 pA x 1 pulses
chem: CEN[DAN_err] -> 154 neurons (DAN_err), 800 pA x 1 pulses
chem: CEN[KCg-m@L] -> 687 neurons (KCg-m@L), 1600 pA x 1 pulses
chem: CEN[KCg-m@R] -> 652 neurons (KCg-m@R), 1600 pA x 1 pulses
chem: CEN[MBON*] -> 96 neurons (MBON01@R, MBON02@R, MBON03@R, MBON04@R...), -300 pA x 1 pulses
chem calibration: CEN_C recurrence gain -> 0.002 (chem-run working point, exp019)
simulating 5.0 s ...
plastic state IN KCM: w mean 0.0618 min 0.0300
GPU forward buffers: 256 records, 1367 MB on device
dan-gate: baseline r0 = 0.00 Hz
plastic result KCM: w_scale mean 0.0818 min 0.0300 floor-hit 0/33398 | elig max 39.6409
dan-gate: trace 10000 steps -> D:\Dav\CodeHub\Agent\male-fruit-fly-brain-map\bci\dangate2\outputs\_trial_blocked_r1_p11\_dan_trace.npy | r max 32.0 Hz, r0 0.00 Hz, mod max 0.640, mod integral 1207.0 ms
biology loop: 87 s (5000 records)
phi_scalp checksum: L2=2.935287e-04 (baseline A/B file: D:\Dav\CodeHub\Agent\male-fruit-fly-brain-map\bci\dangate2\outputs\_trial_blocked_r1_p11\_debug_phi_scalp.npy)
background EEG: fly signal 0.24 uV vs bg 11.33 uV at 156 deg -> d'=2 needs ~8958 trials (band 2-20 Hz: ~105219)
stim view frames: D:\Dav\CodeHub\Agent\male-fruit-fly-brain-map\bci\dangate2\outputs\_trial_blocked_r1_p11\stim_frames.bin (0.0 MB)
wrote D:\Dav\CodeHub\Agent\male-fruit-fly-brain-map\bci\dangate2\outputs\_trial_blocked_r1_p11\viz_data.json (5.2 MB)
[acquire] blocked_r1_p12: D:\Dav\CodeHub\Agent\male-fruit-fly-brain-map\viz\export_data.py --regions visual_bilateral,ol_rest,central_brain,olfactory --visual-input dark --chem-input dangateA --plastic-mb --plastic-lr=-2e-7 --plastic-w0 0.03 --plastic-kcm-gain 0.015 --mbon-dan-gain 178 --plastic-dan-gate 150,0.02,400 --mbon-bias=-300 --t-end 5000.0 --seed 1054 --out D:\Dav\CodeHub\Agent\male-fruit-fly-brain-map\bci\dangate2\outputs\_trial_blocked_r1_p12 --gpu --plastic-state-out D:\Dav\CodeHub\Agent\male-fruit-fly-brain-map\bci\dangate2\outputs\states\blocked_r1_p12.npz --plastic-state-in D:\Dav\CodeHub\Agent\male-fruit-fly-brain-map\bci\dangate2\outputs\states\blocked_r1_p11.npz
circuit cache: HIT circuit-693698e48fa257ee3380.npz (0.8 s)
regions: ON  = visual_bilateral, ol_rest, central_brain, olfactory
regions: OFF = audition, gustatory, proprioception, thermal, touch, vnc, vpn_central   <-- pass --regions to enable
plastic-mb: KCM split 33398 KC->MBON pairs (lr=-2e-07)
mbon-dan-gain: MBMD split 349 GABA MBON->DAN pairs from CEN_C (gain=178; 154 DAN_err cells)
dan-gate: monitoring DAN_err compartment (154 cells) -> 154 neurons, tau=150 ms, gain=0.02, t_ref=400 ms
kernel cache: HIT kernels-30e2613dc8e5dd8fe128.npz (0.1 s)
visual input: dark -> 1 frames @ 60.0 fps, 3377 photoreceptors sampled
chem: CEN[KCg-m@L] -> 687 neurons (KCg-m@L), 1600 pA x 1 pulses
chem: CEN[KCg-m@R] -> 652 neurons (KCg-m@R), 1600 pA x 1 pulses
chem: CEN[DAN_err] -> 154 neurons (DAN_err), 800 pA x 1 pulses
chem: CEN[KCg-m@L] -> 687 neurons (KCg-m@L), 1600 pA x 1 pulses
chem: CEN[KCg-m@R] -> 652 neurons (KCg-m@R), 1600 pA x 1 pulses
chem: CEN[MBON*] -> 96 neurons (MBON01@R, MBON02@R, MBON03@R, MBON04@R...), -300 pA x 1 pulses
chem calibration: CEN_C recurrence gain -> 0.002 (chem-run working point, exp019)
simulating 5.0 s ...
plastic state IN KCM: w mean 0.0818 min 0.0300
GPU forward buffers: 256 records, 1367 MB on device
dan-gate: baseline r0 = 0.00 Hz
plastic result KCM: w_scale mean 0.0992 min 0.0300 floor-hit 0/33398 | elig max 39.6243
dan-gate: trace 10000 steps -> D:\Dav\CodeHub\Agent\male-fruit-fly-brain-map\bci\dangate2\outputs\_trial_blocked_r1_p12\_dan_trace.npy | r max 29.6 Hz, r0 0.00 Hz, mod max 0.592, mod integral 1053.2 ms
biology loop: 87 s (5000 records)
phi_scalp checksum: L2=2.894000e-04 (baseline A/B file: D:\Dav\CodeHub\Agent\male-fruit-fly-brain-map\bci\dangate2\outputs\_trial_blocked_r1_p12\_debug_phi_scalp.npy)
background EEG: fly signal 0.23 uV vs bg 11.33 uV at 156 deg -> d'=2 needs ~10150 trials (band 2-20 Hz: ~111862)
stim view frames: D:\Dav\CodeHub\Agent\male-fruit-fly-brain-map\bci\dangate2\outputs\_trial_blocked_r1_p12\stim_frames.bin (0.0 MB)
wrote D:\Dav\CodeHub\Agent\male-fruit-fly-brain-map\bci\dangate2\outputs\_trial_blocked_r1_p12\viz_data.json (5.2 MB)
[acquire] blocked_r1_p13: D:\Dav\CodeHub\Agent\male-fruit-fly-brain-map\viz\export_data.py --regions visual_bilateral,ol_rest,central_brain,olfactory --visual-input dark --chem-input dangateA --plastic-mb --plastic-lr=-2e-7 --plastic-w0 0.03 --plastic-kcm-gain 0.015 --mbon-dan-gain 178 --plastic-dan-gate 150,0.02,400 --mbon-bias=-300 --t-end 5000.0 --seed 1055 --out D:\Dav\CodeHub\Agent\male-fruit-fly-brain-map\bci\dangate2\outputs\_trial_blocked_r1_p13 --gpu --plastic-state-out D:\Dav\CodeHub\Agent\male-fruit-fly-brain-map\bci\dangate2\outputs\states\blocked_r1_p13.npz --plastic-state-in D:\Dav\CodeHub\Agent\male-fruit-fly-brain-map\bci\dangate2\outputs\states\blocked_r1_p12.npz
circuit cache: HIT circuit-693698e48fa257ee3380.npz (0.8 s)
regions: ON  = visual_bilateral, ol_rest, central_brain, olfactory
regions: OFF = audition, gustatory, proprioception, thermal, touch, vnc, vpn_central   <-- pass --regions to enable
plastic-mb: KCM split 33398 KC->MBON pairs (lr=-2e-07)
mbon-dan-gain: MBMD split 349 GABA MBON->DAN pairs from CEN_C (gain=178; 154 DAN_err cells)
dan-gate: monitoring DAN_err compartment (154 cells) -> 154 neurons, tau=150 ms, gain=0.02, t_ref=400 ms
kernel cache: HIT kernels-30e2613dc8e5dd8fe128.npz (0.1 s)
visual input: dark -> 1 frames @ 60.0 fps, 3377 photoreceptors sampled
chem: CEN[KCg-m@L] -> 687 neurons (KCg-m@L), 1600 pA x 1 pulses
chem: CEN[KCg-m@R] -> 652 neurons (KCg-m@R), 1600 pA x 1 pulses
chem: CEN[DAN_err] -> 154 neurons (DAN_err), 800 pA x 1 pulses
chem: CEN[KCg-m@L] -> 687 neurons (KCg-m@L), 1600 pA x 1 pulses
chem: CEN[KCg-m@R] -> 652 neurons (KCg-m@R), 1600 pA x 1 pulses
chem: CEN[MBON*] -> 96 neurons (MBON01@R, MBON02@R, MBON03@R, MBON04@R...), -300 pA x 1 pulses
chem calibration: CEN_C recurrence gain -> 0.002 (chem-run working point, exp019)
simulating 5.0 s ...
plastic state IN KCM: w mean 0.0992 min 0.0300
GPU forward buffers: 256 records, 1367 MB on device
dan-gate: baseline r0 = 0.00 Hz
plastic result KCM: w_scale mean 0.1119 min 0.0300 floor-hit 0/33398 | elig max 40.2174
dan-gate: trace 10000 steps -> D:\Dav\CodeHub\Agent\male-fruit-fly-brain-map\bci\dangate2\outputs\_trial_blocked_r1_p13\_dan_trace.npy | r max 21.6 Hz, r0 0.00 Hz, mod max 0.431, mod integral 765.1 ms
biology loop: 87 s (5000 records)
phi_scalp checksum: L2=3.207650e-04 (baseline A/B file: D:\Dav\CodeHub\Agent\male-fruit-fly-brain-map\bci\dangate2\outputs\_trial_blocked_r1_p13\_debug_phi_scalp.npy)
background EEG: fly signal 0.11 uV vs bg 11.33 uV at 156 deg -> d'=2 needs ~40743 trials (band 2-20 Hz: ~156207)
stim view frames: D:\Dav\CodeHub\Agent\male-fruit-fly-brain-map\bci\dangate2\outputs\_trial_blocked_r1_p13\stim_frames.bin (0.0 MB)
wrote D:\Dav\CodeHub\Agent\male-fruit-fly-brain-map\bci\dangate2\outputs\_trial_blocked_r1_p13\viz_data.json (5.2 MB)
[acquire] blocked_r1_p20: D:\Dav\CodeHub\Agent\male-fruit-fly-brain-map\viz\export_data.py --regions visual_bilateral,ol_rest,central_brain,olfactory --visual-input dark --chem-input dangateAB --plastic-mb --plastic-lr=-2e-7 --plastic-w0 0.03 --plastic-kcm-gain 0.015 --mbon-dan-gain 178 --plastic-dan-gate 150,0.02,400 --mbon-bias=-300 --t-end 5000.0 --seed 1052 --out D:\Dav\CodeHub\Agent\male-fruit-fly-brain-map\bci\dangate2\outputs\_trial_blocked_r1_p20 --gpu --plastic-state-out D:\Dav\CodeHub\Agent\male-fruit-fly-brain-map\bci\dangate2\outputs\states\blocked_r1_p20.npz --plastic-state-in D:\Dav\CodeHub\Agent\male-fruit-fly-brain-map\bci\dangate2\outputs\states\blocked_r1_p13.npz
circuit cache: HIT circuit-693698e48fa257ee3380.npz (0.8 s)
regions: ON  = visual_bilateral, ol_rest, central_brain, olfactory
regions: OFF = audition, gustatory, proprioception, thermal, touch, vnc, vpn_central   <-- pass --regions to enable
plastic-mb: KCM split 33398 KC->MBON pairs (lr=-2e-07)
mbon-dan-gain: MBMD split 349 GABA MBON->DAN pairs from CEN_C (gain=178; 154 DAN_err cells)
dan-gate: monitoring DAN_err compartment (154 cells) -> 154 neurons, tau=150 ms, gain=0.02, t_ref=400 ms
kernel cache: HIT kernels-30e2613dc8e5dd8fe128.npz (0.1 s)
visual input: dark -> 1 frames @ 60.0 fps, 3377 photoreceptors sampled
chem: CEN[KCg-m@L] -> 687 neurons (KCg-m@L), 1600 pA x 1 pulses
chem: CEN[KCg-m@R] -> 652 neurons (KCg-m@R), 1600 pA x 1 pulses
chem: CEN[DAN_err] -> 154 neurons (DAN_err), 800 pA x 1 pulses
chem: CEN[KCab-m@L] -> 307 neurons (KCab-m@L), 1600 pA x 1 pulses
chem: CEN[KCab-m@R] -> 223 neurons (KCab-m@R), 1600 pA x 1 pulses
chem: CEN[KCab-m@L] -> 307 neurons (KCab-m@L), 1600 pA x 1 pulses
chem: CEN[KCab-m@R] -> 223 neurons (KCab-m@R), 1600 pA x 1 pulses
chem: CEN[MBON*] -> 96 neurons (MBON01@R, MBON02@R, MBON03@R, MBON04@R...), -300 pA x 1 pulses
chem calibration: CEN_C recurrence gain -> 0.002 (chem-run working point, exp019)
simulating 5.0 s ...
plastic state IN KCM: w mean 0.1119 min 0.0300
GPU forward buffers: 256 records, 1367 MB on device
dan-gate: baseline r0 = 0.00 Hz
plastic result KCM: w_scale mean 0.1269 min 0.0300 floor-hit 0/33398 | elig max 38.7327
dan-gate: trace 10000 steps -> D:\Dav\CodeHub\Agent\male-fruit-fly-brain-map\bci\dangate2\outputs\_trial_blocked_r1_p20\_dan_trace.npy | r max 19.3 Hz, r0 0.00 Hz, mod max 0.385, mod integral 714.6 ms
biology loop: 88 s (5000 records)
phi_scalp checksum: L2=3.320925e-04 (baseline A/B file: D:\Dav\CodeHub\Agent\male-fruit-fly-brain-map\bci\dangate2\outputs\_trial_blocked_r1_p20\_debug_phi_scalp.npy)
background EEG: fly signal 0.16 uV vs bg 11.33 uV at 156 deg -> d'=2 needs ~19680 trials (band 2-20 Hz: ~165552)
stim view frames: D:\Dav\CodeHub\Agent\male-fruit-fly-brain-map\bci\dangate2\outputs\_trial_blocked_r1_p20\stim_frames.bin (0.0 MB)
wrote D:\Dav\CodeHub\Agent\male-fruit-fly-brain-map\bci\dangate2\outputs\_trial_blocked_r1_p20\viz_data.json (5.2 MB)
[acquire] blocked_r1_p21: D:\Dav\CodeHub\Agent\male-fruit-fly-brain-map\viz\export_data.py --regions visual_bilateral,ol_rest,central_brain,olfactory --visual-input dark --chem-input dangateAB --plastic-mb --plastic-lr=-2e-7 --plastic-w0 0.03 --plastic-kcm-gain 0.015 --mbon-dan-gain 178 --plastic-dan-gate 150,0.02,400 --mbon-bias=-300 --t-end 5000.0 --seed 1053 --out D:\Dav\CodeHub\Agent\male-fruit-fly-brain-map\bci\dangate2\outputs\_trial_blocked_r1_p21 --gpu --plastic-state-out D:\Dav\CodeHub\Agent\male-fruit-fly-brain-map\bci\dangate2\outputs\states\blocked_r1_p21.npz --plastic-state-in D:\Dav\CodeHub\Agent\male-fruit-fly-brain-map\bci\dangate2\outputs\states\blocked_r1_p20.npz
circuit cache: HIT circuit-693698e48fa257ee3380.npz (0.8 s)
regions: ON  = visual_bilateral, ol_rest, central_brain, olfactory
regions: OFF = audition, gustatory, proprioception, thermal, touch, vnc, vpn_central   <-- pass --regions to enable
plastic-mb: KCM split 33398 KC->MBON pairs (lr=-2e-07)
mbon-dan-gain: MBMD split 349 GABA MBON->DAN pairs from CEN_C (gain=178; 154 DAN_err cells)
dan-gate: monitoring DAN_err compartment (154 cells) -> 154 neurons, tau=150 ms, gain=0.02, t_ref=400 ms
kernel cache: HIT kernels-30e2613dc8e5dd8fe128.npz (0.1 s)
visual input: dark -> 1 frames @ 60.0 fps, 3377 photoreceptors sampled
chem: CEN[KCg-m@L] -> 687 neurons (KCg-m@L), 1600 pA x 1 pulses
chem: CEN[KCg-m@R] -> 652 neurons (KCg-m@R), 1600 pA x 1 pulses
chem: CEN[DAN_err] -> 154 neurons (DAN_err), 800 pA x 1 pulses
chem: CEN[KCab-m@L] -> 307 neurons (KCab-m@L), 1600 pA x 1 pulses
chem: CEN[KCab-m@R] -> 223 neurons (KCab-m@R), 1600 pA x 1 pulses
chem: CEN[KCab-m@L] -> 307 neurons (KCab-m@L), 1600 pA x 1 pulses
chem: CEN[KCab-m@R] -> 223 neurons (KCab-m@R), 1600 pA x 1 pulses
chem: CEN[MBON*] -> 96 neurons (MBON01@R, MBON02@R, MBON03@R, MBON04@R...), -300 pA x 1 pulses
chem calibration: CEN_C recurrence gain -> 0.002 (chem-run working point, exp019)
simulating 5.0 s ...
plastic state IN KCM: w mean 0.1269 min 0.0300
GPU forward buffers: 256 records, 1367 MB on device
dan-gate: baseline r0 = 0.00 Hz
plastic result KCM: w_scale mean 0.1419 min 0.0300 floor-hit 0/33398 | elig max 38.7695
dan-gate: trace 10000 steps -> D:\Dav\CodeHub\Agent\male-fruit-fly-brain-map\bci\dangate2\outputs\_trial_blocked_r1_p21\_dan_trace.npy | r max 19.5 Hz, r0 0.00 Hz, mod max 0.390, mod integral 711.1 ms
biology loop: 87 s (5000 records)
phi_scalp checksum: L2=3.151139e-04 (baseline A/B file: D:\Dav\CodeHub\Agent\male-fruit-fly-brain-map\bci\dangate2\outputs\_trial_blocked_r1_p21\_debug_phi_scalp.npy)
background EEG: fly signal 0.12 uV vs bg 11.33 uV at 156 deg -> d'=2 needs ~33234 trials (band 2-20 Hz: ~94585)
stim view frames: D:\Dav\CodeHub\Agent\male-fruit-fly-brain-map\bci\dangate2\outputs\_trial_blocked_r1_p21\stim_frames.bin (0.0 MB)
wrote D:\Dav\CodeHub\Agent\male-fruit-fly-brain-map\bci\dangate2\outputs\_trial_blocked_r1_p21\viz_data.json (5.2 MB)
[acquire] blocked_r1_p22: D:\Dav\CodeHub\Agent\male-fruit-fly-brain-map\viz\export_data.py --regions visual_bilateral,ol_rest,central_brain,olfactory --visual-input dark --chem-input dangateAB --plastic-mb --plastic-lr=-2e-7 --plastic-w0 0.03 --plastic-kcm-gain 0.015 --mbon-dan-gain 178 --plastic-dan-gate 150,0.02,400 --mbon-bias=-300 --t-end 5000.0 --seed 1054 --out D:\Dav\CodeHub\Agent\male-fruit-fly-brain-map\bci\dangate2\outputs\_trial_blocked_r1_p22 --gpu --plastic-state-out D:\Dav\CodeHub\Agent\male-fruit-fly-brain-map\bci\dangate2\outputs\states\blocked_r1_p22.npz --plastic-state-in D:\Dav\CodeHub\Agent\male-fruit-fly-brain-map\bci\dangate2\outputs\states\blocked_r1_p21.npz
circuit cache: HIT circuit-693698e48fa257ee3380.npz (0.8 s)
regions: ON  = visual_bilateral, ol_rest, central_brain, olfactory
regions: OFF = audition, gustatory, proprioception, thermal, touch, vnc, vpn_central   <-- pass --regions to enable
plastic-mb: KCM split 33398 KC->MBON pairs (lr=-2e-07)
mbon-dan-gain: MBMD split 349 GABA MBON->DAN pairs from CEN_C (gain=178; 154 DAN_err cells)
dan-gate: monitoring DAN_err compartment (154 cells) -> 154 neurons, tau=150 ms, gain=0.02, t_ref=400 ms
kernel cache: HIT kernels-30e2613dc8e5dd8fe128.npz (0.1 s)
visual input: dark -> 1 frames @ 60.0 fps, 3377 photoreceptors sampled
chem: CEN[KCg-m@L] -> 687 neurons (KCg-m@L), 1600 pA x 1 pulses
chem: CEN[KCg-m@R] -> 652 neurons (KCg-m@R), 1600 pA x 1 pulses
chem: CEN[DAN_err] -> 154 neurons (DAN_err), 800 pA x 1 pulses
chem: CEN[KCab-m@L] -> 307 neurons (KCab-m@L), 1600 pA x 1 pulses
chem: CEN[KCab-m@R] -> 223 neurons (KCab-m@R), 1600 pA x 1 pulses
chem: CEN[KCab-m@L] -> 307 neurons (KCab-m@L), 1600 pA x 1 pulses
chem: CEN[KCab-m@R] -> 223 neurons (KCab-m@R), 1600 pA x 1 pulses
chem: CEN[MBON*] -> 96 neurons (MBON01@R, MBON02@R, MBON03@R, MBON04@R...), -300 pA x 1 pulses
chem calibration: CEN_C recurrence gain -> 0.002 (chem-run working point, exp019)
simulating 5.0 s ...
plastic state IN KCM: w mean 0.1419 min 0.0300
GPU forward buffers: 256 records, 1367 MB on device
dan-gate: baseline r0 = 0.00 Hz
plastic result KCM: w_scale mean 0.1566 min 0.0300 floor-hit 0/33398 | elig max 38.7632
dan-gate: trace 10000 steps -> D:\Dav\CodeHub\Agent\male-fruit-fly-brain-map\bci\dangate2\outputs\_trial_blocked_r1_p22\_dan_trace.npy | r max 17.7 Hz, r0 0.00 Hz, mod max 0.354, mod integral 693.7 ms
biology loop: 87 s (5000 records)
phi_scalp checksum: L2=3.271459e-04 (baseline A/B file: D:\Dav\CodeHub\Agent\male-fruit-fly-brain-map\bci\dangate2\outputs\_trial_blocked_r1_p22\_debug_phi_scalp.npy)
background EEG: fly signal 0.14 uV vs bg 11.33 uV at 156 deg -> d'=2 needs ~28045 trials (band 2-20 Hz: ~156232)
stim view frames: D:\Dav\CodeHub\Agent\male-fruit-fly-brain-map\bci\dangate2\outputs\_trial_blocked_r1_p22\stim_frames.bin (0.0 MB)
wrote D:\Dav\CodeHub\Agent\male-fruit-fly-brain-map\bci\dangate2\outputs\_trial_blocked_r1_p22\viz_data.json (5.2 MB)
[acquire] blocked_r1_p23: D:\Dav\CodeHub\Agent\male-fruit-fly-brain-map\viz\export_data.py --regions visual_bilateral,ol_rest,central_brain,olfactory --visual-input dark --chem-input dangateAB --plastic-mb --plastic-lr=-2e-7 --plastic-w0 0.03 --plastic-kcm-gain 0.015 --mbon-dan-gain 178 --plastic-dan-gate 150,0.02,400 --mbon-bias=-300 --t-end 5000.0 --seed 1055 --out D:\Dav\CodeHub\Agent\male-fruit-fly-brain-map\bci\dangate2\outputs\_trial_blocked_r1_p23 --gpu --plastic-state-out D:\Dav\CodeHub\Agent\male-fruit-fly-brain-map\bci\dangate2\outputs\states\blocked_r1_p23.npz --plastic-state-in D:\Dav\CodeHub\Agent\male-fruit-fly-brain-map\bci\dangate2\outputs\states\blocked_r1_p22.npz
circuit cache: HIT circuit-693698e48fa257ee3380.npz (0.8 s)
regions: ON  = visual_bilateral, ol_rest, central_brain, olfactory
regions: OFF = audition, gustatory, proprioception, thermal, touch, vnc, vpn_central   <-- pass --regions to enable
plastic-mb: KCM split 33398 KC->MBON pairs (lr=-2e-07)
mbon-dan-gain: MBMD split 349 GABA MBON->DAN pairs from CEN_C (gain=178; 154 DAN_err cells)
dan-gate: monitoring DAN_err compartment (154 cells) -> 154 neurons, tau=150 ms, gain=0.02, t_ref=400 ms
kernel cache: HIT kernels-30e2613dc8e5dd8fe128.npz (0.1 s)
visual input: dark -> 1 frames @ 60.0 fps, 3377 photoreceptors sampled
chem: CEN[KCg-m@L] -> 687 neurons (KCg-m@L), 1600 pA x 1 pulses
chem: CEN[KCg-m@R] -> 652 neurons (KCg-m@R), 1600 pA x 1 pulses
chem: CEN[DAN_err] -> 154 neurons (DAN_err), 800 pA x 1 pulses
chem: CEN[KCab-m@L] -> 307 neurons (KCab-m@L), 1600 pA x 1 pulses
chem: CEN[KCab-m@R] -> 223 neurons (KCab-m@R), 1600 pA x 1 pulses
chem: CEN[KCab-m@L] -> 307 neurons (KCab-m@L), 1600 pA x 1 pulses
chem: CEN[KCab-m@R] -> 223 neurons (KCab-m@R), 1600 pA x 1 pulses
chem: CEN[MBON*] -> 96 neurons (MBON01@R, MBON02@R, MBON03@R, MBON04@R...), -300 pA x 1 pulses
chem calibration: CEN_C recurrence gain -> 0.002 (chem-run working point, exp019)
simulating 5.0 s ...
plastic state IN KCM: w mean 0.1566 min 0.0300
GPU forward buffers: 256 records, 1367 MB on device
dan-gate: baseline r0 = 0.00 Hz
plastic result KCM: w_scale mean 0.1712 min 0.0300 floor-hit 0/33398 | elig max 38.8360
dan-gate: trace 10000 steps -> D:\Dav\CodeHub\Agent\male-fruit-fly-brain-map\bci\dangate2\outputs\_trial_blocked_r1_p23\_dan_trace.npy | r max 17.7 Hz, r0 0.00 Hz, mod max 0.354, mod integral 691.3 ms
biology loop: 89 s (5000 records)
phi_scalp checksum: L2=3.063366e-04 (baseline A/B file: D:\Dav\CodeHub\Agent\male-fruit-fly-brain-map\bci\dangate2\outputs\_trial_blocked_r1_p23\_debug_phi_scalp.npy)
background EEG: fly signal 0.12 uV vs bg 11.33 uV at 156 deg -> d'=2 needs ~34450 trials (band 2-20 Hz: ~84644)
stim view frames: D:\Dav\CodeHub\Agent\male-fruit-fly-brain-map\bci\dangate2\outputs\_trial_blocked_r1_p23\stim_frames.bin (0.0 MB)
wrote D:\Dav\CodeHub\Agent\male-fruit-fly-brain-map\bci\dangate2\outputs\_trial_blocked_r1_p23\viz_data.json (5.2 MB)
[acquire] blocked_r1_p24: D:\Dav\CodeHub\Agent\male-fruit-fly-brain-map\viz\export_data.py --regions visual_bilateral,ol_rest,central_brain,olfactory --visual-input dark --chem-input dangateAB --plastic-mb --plastic-lr=-2e-7 --plastic-w0 0.03 --plastic-kcm-gain 0.015 --mbon-dan-gain 178 --plastic-dan-gate 150,0.02,400 --mbon-bias=-300 --t-end 5000.0 --seed 1056 --out D:\Dav\CodeHub\Agent\male-fruit-fly-brain-map\bci\dangate2\outputs\_trial_blocked_r1_p24 --gpu --plastic-state-out D:\Dav\CodeHub\Agent\male-fruit-fly-brain-map\bci\dangate2\outputs\states\blocked_r1_p24.npz --plastic-state-in D:\Dav\CodeHub\Agent\male-fruit-fly-brain-map\bci\dangate2\outputs\states\blocked_r1_p23.npz
circuit cache: HIT circuit-693698e48fa257ee3380.npz (0.8 s)
regions: ON  = visual_bilateral, ol_rest, central_brain, olfactory
regions: OFF = audition, gustatory, proprioception, thermal, touch, vnc, vpn_central   <-- pass --regions to enable
plastic-mb: KCM split 33398 KC->MBON pairs (lr=-2e-07)
mbon-dan-gain: MBMD split 349 GABA MBON->DAN pairs from CEN_C (gain=178; 154 DAN_err cells)
dan-gate: monitoring DAN_err compartment (154 cells) -> 154 neurons, tau=150 ms, gain=0.02, t_ref=400 ms
kernel cache: HIT kernels-30e2613dc8e5dd8fe128.npz (0.1 s)
visual input: dark -> 1 frames @ 60.0 fps, 3377 photoreceptors sampled
chem: CEN[KCg-m@L] -> 687 neurons (KCg-m@L), 1600 pA x 1 pulses
chem: CEN[KCg-m@R] -> 652 neurons (KCg-m@R), 1600 pA x 1 pulses
chem: CEN[DAN_err] -> 154 neurons (DAN_err), 800 pA x 1 pulses
chem: CEN[KCab-m@L] -> 307 neurons (KCab-m@L), 1600 pA x 1 pulses
chem: CEN[KCab-m@R] -> 223 neurons (KCab-m@R), 1600 pA x 1 pulses
chem: CEN[KCab-m@L] -> 307 neurons (KCab-m@L), 1600 pA x 1 pulses
chem: CEN[KCab-m@R] -> 223 neurons (KCab-m@R), 1600 pA x 1 pulses
chem: CEN[MBON*] -> 96 neurons (MBON01@R, MBON02@R, MBON03@R, MBON04@R...), -300 pA x 1 pulses
chem calibration: CEN_C recurrence gain -> 0.002 (chem-run working point, exp019)
simulating 5.0 s ...
plastic state IN KCM: w mean 0.1712 min 0.0300
GPU forward buffers: 256 records, 1367 MB on device
dan-gate: baseline r0 = 0.00 Hz
plastic result KCM: w_scale mean 0.1860 min 0.0300 floor-hit 0/33398 | elig max 38.8102
dan-gate: trace 10000 steps -> D:\Dav\CodeHub\Agent\male-fruit-fly-brain-map\bci\dangate2\outputs\_trial_blocked_r1_p24\_dan_trace.npy | r max 18.1 Hz, r0 0.00 Hz, mod max 0.361, mod integral 696.5 ms
biology loop: 88 s (5000 records)
phi_scalp checksum: L2=3.011985e-04 (baseline A/B file: D:\Dav\CodeHub\Agent\male-fruit-fly-brain-map\bci\dangate2\outputs\_trial_blocked_r1_p24\_debug_phi_scalp.npy)
background EEG: fly signal 0.13 uV vs bg 11.33 uV at 156 deg -> d'=2 needs ~31856 trials (band 2-20 Hz: ~74490)
stim view frames: D:\Dav\CodeHub\Agent\male-fruit-fly-brain-map\bci\dangate2\outputs\_trial_blocked_r1_p24\stim_frames.bin (0.0 MB)
wrote D:\Dav\CodeHub\Agent\male-fruit-fly-brain-map\bci\dangate2\outputs\_trial_blocked_r1_p24\viz_data.json (5.2 MB)
[acquire] blocked_r1_p25: D:\Dav\CodeHub\Agent\male-fruit-fly-brain-map\viz\export_data.py --regions visual_bilateral,ol_rest,central_brain,olfactory --visual-input dark --chem-input dangateAB --plastic-mb --plastic-lr=-2e-7 --plastic-w0 0.03 --plastic-kcm-gain 0.015 --mbon-dan-gain 178 --plastic-dan-gate 150,0.02,400 --mbon-bias=-300 --t-end 5000.0 --seed 1057 --out D:\Dav\CodeHub\Agent\male-fruit-fly-brain-map\bci\dangate2\outputs\_trial_blocked_r1_p25 --gpu --plastic-state-out D:\Dav\CodeHub\Agent\male-fruit-fly-brain-map\bci\dangate2\outputs\states\blocked_r1_p25.npz --plastic-state-in D:\Dav\CodeHub\Agent\male-fruit-fly-brain-map\bci\dangate2\outputs\states\blocked_r1_p24.npz
circuit cache: HIT circuit-693698e48fa257ee3380.npz (0.8 s)
regions: ON  = visual_bilateral, ol_rest, central_brain, olfactory
regions: OFF = audition, gustatory, proprioception, thermal, touch, vnc, vpn_central   <-- pass --regions to enable
plastic-mb: KCM split 33398 KC->MBON pairs (lr=-2e-07)
mbon-dan-gain: MBMD split 349 GABA MBON->DAN pairs from CEN_C (gain=178; 154 DAN_err cells)
dan-gate: monitoring DAN_err compartment (154 cells) -> 154 neurons, tau=150 ms, gain=0.02, t_ref=400 ms
kernel cache: HIT kernels-30e2613dc8e5dd8fe128.npz (0.1 s)
visual input: dark -> 1 frames @ 60.0 fps, 3377 photoreceptors sampled
chem: CEN[KCg-m@L] -> 687 neurons (KCg-m@L), 1600 pA x 1 pulses
chem: CEN[KCg-m@R] -> 652 neurons (KCg-m@R), 1600 pA x 1 pulses
chem: CEN[DAN_err] -> 154 neurons (DAN_err), 800 pA x 1 pulses
chem: CEN[KCab-m@L] -> 307 neurons (KCab-m@L), 1600 pA x 1 pulses
chem: CEN[KCab-m@R] -> 223 neurons (KCab-m@R), 1600 pA x 1 pulses
chem: CEN[KCab-m@L] -> 307 neurons (KCab-m@L), 1600 pA x 1 pulses
chem: CEN[KCab-m@R] -> 223 neurons (KCab-m@R), 1600 pA x 1 pulses
chem: CEN[MBON*] -> 96 neurons (MBON01@R, MBON02@R, MBON03@R, MBON04@R...), -300 pA x 1 pulses
chem calibration: CEN_C recurrence gain -> 0.002 (chem-run working point, exp019)
simulating 5.0 s ...
plastic state IN KCM: w mean 0.1860 min 0.0300
GPU forward buffers: 256 records, 1367 MB on device
dan-gate: baseline r0 = 0.00 Hz
plastic result KCM: w_scale mean 0.2005 min 0.0300 floor-hit 0/33398 | elig max 38.9197
dan-gate: trace 10000 steps -> D:\Dav\CodeHub\Agent\male-fruit-fly-brain-map\bci\dangate2\outputs\_trial_blocked_r1_p25\_dan_trace.npy | r max 17.6 Hz, r0 0.00 Hz, mod max 0.353, mod integral 681.3 ms
biology loop: 86 s (5000 records)
phi_scalp checksum: L2=3.161590e-04 (baseline A/B file: D:\Dav\CodeHub\Agent\male-fruit-fly-brain-map\bci\dangate2\outputs\_trial_blocked_r1_p25\_debug_phi_scalp.npy)
background EEG: fly signal 0.10 uV vs bg 11.33 uV at 156 deg -> d'=2 needs ~48345 trials (band 2-20 Hz: ~139415)
stim view frames: D:\Dav\CodeHub\Agent\male-fruit-fly-brain-map\bci\dangate2\outputs\_trial_blocked_r1_p25\stim_frames.bin (0.0 MB)
wrote D:\Dav\CodeHub\Agent\male-fruit-fly-brain-map\bci\dangate2\outputs\_trial_blocked_r1_p25\viz_data.json (5.2 MB)
[acquire] control_r1_p10: D:\Dav\CodeHub\Agent\male-fruit-fly-brain-map\viz\export_data.py --regions visual_bilateral,ol_rest,central_brain,olfactory --visual-input dark --chem-input dangateC --plastic-mb --plastic-lr=-2e-7 --plastic-w0 0.03 --plastic-kcm-gain 0.015 --mbon-dan-gain 178 --plastic-dan-gate 150,0.02,400 --mbon-bias=-300 --t-end 5000.0 --seed 1102 --out D:\Dav\CodeHub\Agent\male-fruit-fly-brain-map\bci\dangate2\outputs\_trial_control_r1_p10 --gpu --plastic-state-out D:\Dav\CodeHub\Agent\male-fruit-fly-brain-map\bci\dangate2\outputs\states\control_r1_p10.npz
circuit cache: HIT circuit-693698e48fa257ee3380.npz (0.8 s)
regions: ON  = visual_bilateral, ol_rest, central_brain, olfactory
regions: OFF = audition, gustatory, proprioception, thermal, touch, vnc, vpn_central   <-- pass --regions to enable
plastic-mb: KCM split 33398 KC->MBON pairs (lr=-2e-07)
mbon-dan-gain: MBMD split 349 GABA MBON->DAN pairs from CEN_C (gain=178; 154 DAN_err cells)
dan-gate: monitoring DAN_err compartment (154 cells) -> 154 neurons, tau=150 ms, gain=0.02, t_ref=400 ms
kernel cache: HIT kernels-30e2613dc8e5dd8fe128.npz (0.1 s)
visual input: dark -> 1 frames @ 60.0 fps, 3377 photoreceptors sampled
chem: CEN[KCab-s@L] -> 234 neurons (KCab-s@L), 1600 pA x 1 pulses
chem: CEN[KCab-s@R] -> 421 neurons (KCab-s@R), 1600 pA x 1 pulses
chem: CEN[DAN_err] -> 154 neurons (DAN_err), 800 pA x 1 pulses
chem: CEN[KCab-s@L] -> 234 neurons (KCab-s@L), 1600 pA x 1 pulses
chem: CEN[KCab-s@R] -> 421 neurons (KCab-s@R), 1600 pA x 1 pulses
chem: CEN[MBON*] -> 96 neurons (MBON01@R, MBON02@R, MBON03@R, MBON04@R...), -300 pA x 1 pulses
chem calibration: CEN_C recurrence gain -> 0.002 (chem-run working point, exp019)
simulating 5.0 s ...
GPU forward buffers: 256 records, 1367 MB on device
dan-gate: baseline r0 = 0.00 Hz
plastic result KCM: w_scale mean 0.0452 min 0.0300 floor-hit 0/33398 | elig max 38.4778
dan-gate: trace 10000 steps -> D:\Dav\CodeHub\Agent\male-fruit-fly-brain-map\bci\dangate2\outputs\_trial_control_r1_p10\_dan_trace.npy | r max 116.6 Hz, r0 0.00 Hz, mod max 1.000, mod integral 2166.5 ms
biology loop: 86 s (5000 records)
phi_scalp checksum: L2=2.743455e-04 (baseline A/B file: D:\Dav\CodeHub\Agent\male-fruit-fly-brain-map\bci\dangate2\outputs\_trial_control_r1_p10\_debug_phi_scalp.npy)
background EEG: fly signal 0.17 uV vs bg 13.10 uV at 168 deg -> d'=2 needs ~24759 trials (band 2-20 Hz: ~416068)
stim view frames: D:\Dav\CodeHub\Agent\male-fruit-fly-brain-map\bci\dangate2\outputs\_trial_control_r1_p10\stim_frames.bin (0.0 MB)
wrote D:\Dav\CodeHub\Agent\male-fruit-fly-brain-map\bci\dangate2\outputs\_trial_control_r1_p10\viz_data.json (5.2 MB)
[acquire] control_r1_p11: D:\Dav\CodeHub\Agent\male-fruit-fly-brain-map\viz\export_data.py --regions visual_bilateral,ol_rest,central_brain,olfactory --visual-input dark --chem-input dangateC --plastic-mb --plastic-lr=-2e-7 --plastic-w0 0.03 --plastic-kcm-gain 0.015 --mbon-dan-gain 178 --plastic-dan-gate 150,0.02,400 --mbon-bias=-300 --t-end 5000.0 --seed 1103 --out D:\Dav\CodeHub\Agent\male-fruit-fly-brain-map\bci\dangate2\outputs\_trial_control_r1_p11 --gpu --plastic-state-out D:\Dav\CodeHub\Agent\male-fruit-fly-brain-map\bci\dangate2\outputs\states\control_r1_p11.npz --plastic-state-in D:\Dav\CodeHub\Agent\male-fruit-fly-brain-map\bci\dangate2\outputs\states\control_r1_p10.npz
circuit cache: HIT circuit-693698e48fa257ee3380.npz (0.8 s)
regions: ON  = visual_bilateral, ol_rest, central_brain, olfactory
regions: OFF = audition, gustatory, proprioception, thermal, touch, vnc, vpn_central   <-- pass --regions to enable
plastic-mb: KCM split 33398 KC->MBON pairs (lr=-2e-07)
mbon-dan-gain: MBMD split 349 GABA MBON->DAN pairs from CEN_C (gain=178; 154 DAN_err cells)
dan-gate: monitoring DAN_err compartment (154 cells) -> 154 neurons, tau=150 ms, gain=0.02, t_ref=400 ms
kernel cache: HIT kernels-30e2613dc8e5dd8fe128.npz (0.1 s)
visual input: dark -> 1 frames @ 60.0 fps, 3377 photoreceptors sampled
chem: CEN[KCab-s@L] -> 234 neurons (KCab-s@L), 1600 pA x 1 pulses
chem: CEN[KCab-s@R] -> 421 neurons (KCab-s@R), 1600 pA x 1 pulses
chem: CEN[DAN_err] -> 154 neurons (DAN_err), 800 pA x 1 pulses
chem: CEN[KCab-s@L] -> 234 neurons (KCab-s@L), 1600 pA x 1 pulses
chem: CEN[KCab-s@R] -> 421 neurons (KCab-s@R), 1600 pA x 1 pulses
chem: CEN[MBON*] -> 96 neurons (MBON01@R, MBON02@R, MBON03@R, MBON04@R...), -300 pA x 1 pulses
chem calibration: CEN_C recurrence gain -> 0.002 (chem-run working point, exp019)
simulating 5.0 s ...
plastic state IN KCM: w mean 0.0452 min 0.0300
GPU forward buffers: 256 records, 1367 MB on device
dan-gate: baseline r0 = 0.00 Hz
plastic result KCM: w_scale mean 0.0604 min 0.0300 floor-hit 0/33398 | elig max 38.4829
dan-gate: trace 10000 steps -> D:\Dav\CodeHub\Agent\male-fruit-fly-brain-map\bci\dangate2\outputs\_trial_control_r1_p11\_dan_trace.npy | r max 113.1 Hz, r0 0.00 Hz, mod max 1.000, mod integral 2159.5 ms
biology loop: 88 s (5000 records)
phi_scalp checksum: L2=2.711656e-04 (baseline A/B file: D:\Dav\CodeHub\Agent\male-fruit-fly-brain-map\bci\dangate2\outputs\_trial_control_r1_p11\_debug_phi_scalp.npy)
background EEG: fly signal 0.16 uV vs bg 13.10 uV at 168 deg -> d'=2 needs ~28072 trials (band 2-20 Hz: ~449583)
stim view frames: D:\Dav\CodeHub\Agent\male-fruit-fly-brain-map\bci\dangate2\outputs\_trial_control_r1_p11\stim_frames.bin (0.0 MB)
wrote D:\Dav\CodeHub\Agent\male-fruit-fly-brain-map\bci\dangate2\outputs\_trial_control_r1_p11\viz_data.json (5.2 MB)
[acquire] control_r1_p12: D:\Dav\CodeHub\Agent\male-fruit-fly-brain-map\viz\export_data.py --regions visual_bilateral,ol_rest,central_brain,olfactory --visual-input dark --chem-input dangateC --plastic-mb --plastic-lr=-2e-7 --plastic-w0 0.03 --plastic-kcm-gain 0.015 --mbon-dan-gain 178 --plastic-dan-gate 150,0.02,400 --mbon-bias=-300 --t-end 5000.0 --seed 1104 --out D:\Dav\CodeHub\Agent\male-fruit-fly-brain-map\bci\dangate2\outputs\_trial_control_r1_p12 --gpu --plastic-state-out D:\Dav\CodeHub\Agent\male-fruit-fly-brain-map\bci\dangate2\outputs\states\control_r1_p12.npz --plastic-state-in D:\Dav\CodeHub\Agent\male-fruit-fly-brain-map\bci\dangate2\outputs\states\control_r1_p11.npz
circuit cache: HIT circuit-693698e48fa257ee3380.npz (0.8 s)
regions: ON  = visual_bilateral, ol_rest, central_brain, olfactory
regions: OFF = audition, gustatory, proprioception, thermal, touch, vnc, vpn_central   <-- pass --regions to enable
plastic-mb: KCM split 33398 KC->MBON pairs (lr=-2e-07)
mbon-dan-gain: MBMD split 349 GABA MBON->DAN pairs from CEN_C (gain=178; 154 DAN_err cells)
dan-gate: monitoring DAN_err compartment (154 cells) -> 154 neurons, tau=150 ms, gain=0.02, t_ref=400 ms
kernel cache: HIT kernels-30e2613dc8e5dd8fe128.npz (0.1 s)
visual input: dark -> 1 frames @ 60.0 fps, 3377 photoreceptors sampled
chem: CEN[KCab-s@L] -> 234 neurons (KCab-s@L), 1600 pA x 1 pulses
chem: CEN[KCab-s@R] -> 421 neurons (KCab-s@R), 1600 pA x 1 pulses
chem: CEN[DAN_err] -> 154 neurons (DAN_err), 800 pA x 1 pulses
chem: CEN[KCab-s@L] -> 234 neurons (KCab-s@L), 1600 pA x 1 pulses
chem: CEN[KCab-s@R] -> 421 neurons (KCab-s@R), 1600 pA x 1 pulses
chem: CEN[MBON*] -> 96 neurons (MBON01@R, MBON02@R, MBON03@R, MBON04@R...), -300 pA x 1 pulses
chem calibration: CEN_C recurrence gain -> 0.002 (chem-run working point, exp019)
simulating 5.0 s ...
plastic state IN KCM: w mean 0.0604 min 0.0300
GPU forward buffers: 256 records, 1367 MB on device
dan-gate: baseline r0 = 0.00 Hz
plastic result KCM: w_scale mean 0.0756 min 0.0300 floor-hit 0/33398 | elig max 38.5648
dan-gate: trace 10000 steps -> D:\Dav\CodeHub\Agent\male-fruit-fly-brain-map\bci\dangate2\outputs\_trial_control_r1_p12\_dan_trace.npy | r max 114.6 Hz, r0 0.00 Hz, mod max 1.000, mod integral 2160.3 ms
biology loop: 90 s (5000 records)
phi_scalp checksum: L2=2.681485e-04 (baseline A/B file: D:\Dav\CodeHub\Agent\male-fruit-fly-brain-map\bci\dangate2\outputs\_trial_control_r1_p12\_debug_phi_scalp.npy)
background EEG: fly signal 0.15 uV vs bg 13.10 uV at 168 deg -> d'=2 needs ~31985 trials (band 2-20 Hz: ~503747)
stim view frames: D:\Dav\CodeHub\Agent\male-fruit-fly-brain-map\bci\dangate2\outputs\_trial_control_r1_p12\stim_frames.bin (0.0 MB)
wrote D:\Dav\CodeHub\Agent\male-fruit-fly-brain-map\bci\dangate2\outputs\_trial_control_r1_p12\viz_data.json (5.2 MB)
[acquire] control_r1_p13: D:\Dav\CodeHub\Agent\male-fruit-fly-brain-map\viz\export_data.py --regions visual_bilateral,ol_rest,central_brain,olfactory --visual-input dark --chem-input dangateC --plastic-mb --plastic-lr=-2e-7 --plastic-w0 0.03 --plastic-kcm-gain 0.015 --mbon-dan-gain 178 --plastic-dan-gate 150,0.02,400 --mbon-bias=-300 --t-end 5000.0 --seed 1105 --out D:\Dav\CodeHub\Agent\male-fruit-fly-brain-map\bci\dangate2\outputs\_trial_control_r1_p13 --gpu --plastic-state-out D:\Dav\CodeHub\Agent\male-fruit-fly-brain-map\bci\dangate2\outputs\states\control_r1_p13.npz --plastic-state-in D:\Dav\CodeHub\Agent\male-fruit-fly-brain-map\bci\dangate2\outputs\states\control_r1_p12.npz
circuit cache: HIT circuit-693698e48fa257ee3380.npz (0.8 s)
regions: ON  = visual_bilateral, ol_rest, central_brain, olfactory
regions: OFF = audition, gustatory, proprioception, thermal, touch, vnc, vpn_central   <-- pass --regions to enable
plastic-mb: KCM split 33398 KC->MBON pairs (lr=-2e-07)
mbon-dan-gain: MBMD split 349 GABA MBON->DAN pairs from CEN_C (gain=178; 154 DAN_err cells)
dan-gate: monitoring DAN_err compartment (154 cells) -> 154 neurons, tau=150 ms, gain=0.02, t_ref=400 ms
kernel cache: HIT kernels-30e2613dc8e5dd8fe128.npz (0.1 s)
visual input: dark -> 1 frames @ 60.0 fps, 3377 photoreceptors sampled
chem: CEN[KCab-s@L] -> 234 neurons (KCab-s@L), 1600 pA x 1 pulses
chem: CEN[KCab-s@R] -> 421 neurons (KCab-s@R), 1600 pA x 1 pulses
chem: CEN[DAN_err] -> 154 neurons (DAN_err), 800 pA x 1 pulses
chem: CEN[KCab-s@L] -> 234 neurons (KCab-s@L), 1600 pA x 1 pulses
chem: CEN[KCab-s@R] -> 421 neurons (KCab-s@R), 1600 pA x 1 pulses
chem: CEN[MBON*] -> 96 neurons (MBON01@R, MBON02@R, MBON03@R, MBON04@R...), -300 pA x 1 pulses
chem calibration: CEN_C recurrence gain -> 0.002 (chem-run working point, exp019)
simulating 5.0 s ...
plastic state IN KCM: w mean 0.0756 min 0.0300
GPU forward buffers: 256 records, 1367 MB on device
dan-gate: baseline r0 = 0.00 Hz
plastic result KCM: w_scale mean 0.0908 min 0.0300 floor-hit 0/33398 | elig max 38.5964
dan-gate: trace 10000 steps -> D:\Dav\CodeHub\Agent\male-fruit-fly-brain-map\bci\dangate2\outputs\_trial_control_r1_p13\_dan_trace.npy | r max 112.8 Hz, r0 0.00 Hz, mod max 1.000, mod integral 2157.7 ms
biology loop: 88 s (5000 records)
phi_scalp checksum: L2=2.652140e-04 (baseline A/B file: D:\Dav\CodeHub\Agent\male-fruit-fly-brain-map\bci\dangate2\outputs\_trial_control_r1_p13\_debug_phi_scalp.npy)
background EEG: fly signal 0.13 uV vs bg 13.10 uV at 168 deg -> d'=2 needs ~37966 trials (band 2-20 Hz: ~586498)
stim view frames: D:\Dav\CodeHub\Agent\male-fruit-fly-brain-map\bci\dangate2\outputs\_trial_control_r1_p13\stim_frames.bin (0.0 MB)
wrote D:\Dav\CodeHub\Agent\male-fruit-fly-brain-map\bci\dangate2\outputs\_trial_control_r1_p13\viz_data.json (5.2 MB)
[acquire] control_r1_p20: D:\Dav\CodeHub\Agent\male-fruit-fly-brain-map\viz\export_data.py --regions visual_bilateral,ol_rest,central_brain,olfactory --visual-input dark --chem-input dangateAB --plastic-mb --plastic-lr=-2e-7 --plastic-w0 0.03 --plastic-kcm-gain 0.015 --mbon-dan-gain 178 --plastic-dan-gate 150,0.02,400 --mbon-bias=-300 --t-end 5000.0 --seed 1102 --out D:\Dav\CodeHub\Agent\male-fruit-fly-brain-map\bci\dangate2\outputs\_trial_control_r1_p20 --gpu --plastic-state-out D:\Dav\CodeHub\Agent\male-fruit-fly-brain-map\bci\dangate2\outputs\states\control_r1_p20.npz --plastic-state-in D:\Dav\CodeHub\Agent\male-fruit-fly-brain-map\bci\dangate2\outputs\states\control_r1_p13.npz
circuit cache: HIT circuit-693698e48fa257ee3380.npz (0.8 s)
regions: ON  = visual_bilateral, ol_rest, central_brain, olfactory
regions: OFF = audition, gustatory, proprioception, thermal, touch, vnc, vpn_central   <-- pass --regions to enable
plastic-mb: KCM split 33398 KC->MBON pairs (lr=-2e-07)
mbon-dan-gain: MBMD split 349 GABA MBON->DAN pairs from CEN_C (gain=178; 154 DAN_err cells)
dan-gate: monitoring DAN_err compartment (154 cells) -> 154 neurons, tau=150 ms, gain=0.02, t_ref=400 ms
kernel cache: HIT kernels-30e2613dc8e5dd8fe128.npz (0.1 s)
visual input: dark -> 1 frames @ 60.0 fps, 3377 photoreceptors sampled
chem: CEN[KCg-m@L] -> 687 neurons (KCg-m@L), 1600 pA x 1 pulses
chem: CEN[KCg-m@R] -> 652 neurons (KCg-m@R), 1600 pA x 1 pulses
chem: CEN[DAN_err] -> 154 neurons (DAN_err), 800 pA x 1 pulses
chem: CEN[KCab-m@L] -> 307 neurons (KCab-m@L), 1600 pA x 1 pulses
chem: CEN[KCab-m@R] -> 223 neurons (KCab-m@R), 1600 pA x 1 pulses
chem: CEN[KCab-m@L] -> 307 neurons (KCab-m@L), 1600 pA x 1 pulses
chem: CEN[KCab-m@R] -> 223 neurons (KCab-m@R), 1600 pA x 1 pulses
chem: CEN[MBON*] -> 96 neurons (MBON01@R, MBON02@R, MBON03@R, MBON04@R...), -300 pA x 1 pulses
chem calibration: CEN_C recurrence gain -> 0.002 (chem-run working point, exp019)
simulating 5.0 s ...
plastic state IN KCM: w mean 0.0908 min 0.0300
GPU forward buffers: 256 records, 1367 MB on device
dan-gate: baseline r0 = 0.00 Hz
plastic result KCM: w_scale mean 0.1303 min 0.0300 floor-hit 0/33398 | elig max 38.3120
dan-gate: trace 10000 steps -> D:\Dav\CodeHub\Agent\male-fruit-fly-brain-map\bci\dangate2\outputs\_trial_control_r1_p20\_dan_trace.npy | r max 51.5 Hz, r0 0.00 Hz, mod max 1.000, mod integral 1861.3 ms
biology loop: 87 s (5000 records)
phi_scalp checksum: L2=2.892161e-04 (baseline A/B file: D:\Dav\CodeHub\Agent\male-fruit-fly-brain-map\bci\dangate2\outputs\_trial_control_r1_p20\_debug_phi_scalp.npy)
background EEG: fly signal 0.23 uV vs bg 11.33 uV at 156 deg -> d'=2 needs ~10050 trials (band 2-20 Hz: ~166256)
stim view frames: D:\Dav\CodeHub\Agent\male-fruit-fly-brain-map\bci\dangate2\outputs\_trial_control_r1_p20\stim_frames.bin (0.0 MB)
wrote D:\Dav\CodeHub\Agent\male-fruit-fly-brain-map\bci\dangate2\outputs\_trial_control_r1_p20\viz_data.json (5.2 MB)
[acquire] control_r1_p21: D:\Dav\CodeHub\Agent\male-fruit-fly-brain-map\viz\export_data.py --regions visual_bilateral,ol_rest,central_brain,olfactory --visual-input dark --chem-input dangateAB --plastic-mb --plastic-lr=-2e-7 --plastic-w0 0.03 --plastic-kcm-gain 0.015 --mbon-dan-gain 178 --plastic-dan-gate 150,0.02,400 --mbon-bias=-300 --t-end 5000.0 --seed 1103 --out D:\Dav\CodeHub\Agent\male-fruit-fly-brain-map\bci\dangate2\outputs\_trial_control_r1_p21 --gpu --plastic-state-out D:\Dav\CodeHub\Agent\male-fruit-fly-brain-map\bci\dangate2\outputs\states\control_r1_p21.npz --plastic-state-in D:\Dav\CodeHub\Agent\male-fruit-fly-brain-map\bci\dangate2\outputs\states\control_r1_p20.npz
circuit cache: HIT circuit-693698e48fa257ee3380.npz (0.8 s)
regions: ON  = visual_bilateral, ol_rest, central_brain, olfactory
regions: OFF = audition, gustatory, proprioception, thermal, touch, vnc, vpn_central   <-- pass --regions to enable
plastic-mb: KCM split 33398 KC->MBON pairs (lr=-2e-07)
mbon-dan-gain: MBMD split 349 GABA MBON->DAN pairs from CEN_C (gain=178; 154 DAN_err cells)
dan-gate: monitoring DAN_err compartment (154 cells) -> 154 neurons, tau=150 ms, gain=0.02, t_ref=400 ms
kernel cache: HIT kernels-30e2613dc8e5dd8fe128.npz (0.1 s)
visual input: dark -> 1 frames @ 60.0 fps, 3377 photoreceptors sampled
chem: CEN[KCg-m@L] -> 687 neurons (KCg-m@L), 1600 pA x 1 pulses
chem: CEN[KCg-m@R] -> 652 neurons (KCg-m@R), 1600 pA x 1 pulses
chem: CEN[DAN_err] -> 154 neurons (DAN_err), 800 pA x 1 pulses
chem: CEN[KCab-m@L] -> 307 neurons (KCab-m@L), 1600 pA x 1 pulses
chem: CEN[KCab-m@R] -> 223 neurons (KCab-m@R), 1600 pA x 1 pulses
chem: CEN[KCab-m@L] -> 307 neurons (KCab-m@L), 1600 pA x 1 pulses
chem: CEN[KCab-m@R] -> 223 neurons (KCab-m@R), 1600 pA x 1 pulses
chem: CEN[MBON*] -> 96 neurons (MBON01@R, MBON02@R, MBON03@R, MBON04@R...), -300 pA x 1 pulses
chem calibration: CEN_C recurrence gain -> 0.002 (chem-run working point, exp019)
simulating 5.0 s ...
plastic state IN KCM: w mean 0.1303 min 0.0300
GPU forward buffers: 256 records, 1367 MB on device
dan-gate: baseline r0 = 0.00 Hz
plastic result KCM: w_scale mean 0.1548 min 0.0300 floor-hit 0/33398 | elig max 38.4075
dan-gate: trace 10000 steps -> D:\Dav\CodeHub\Agent\male-fruit-fly-brain-map\bci\dangate2\outputs\_trial_control_r1_p21\_dan_trace.npy | r max 33.3 Hz, r0 0.00 Hz, mod max 0.667, mod integral 1158.1 ms
biology loop: 87 s (5000 records)
phi_scalp checksum: L2=2.847652e-04 (baseline A/B file: D:\Dav\CodeHub\Agent\male-fruit-fly-brain-map\bci\dangate2\outputs\_trial_control_r1_p21\_debug_phi_scalp.npy)
background EEG: fly signal 0.21 uV vs bg 11.33 uV at 156 deg -> d'=2 needs ~11410 trials (band 2-20 Hz: ~163991)
stim view frames: D:\Dav\CodeHub\Agent\male-fruit-fly-brain-map\bci\dangate2\outputs\_trial_control_r1_p21\stim_frames.bin (0.0 MB)
wrote D:\Dav\CodeHub\Agent\male-fruit-fly-brain-map\bci\dangate2\outputs\_trial_control_r1_p21\viz_data.json (5.2 MB)
[acquire] control_r1_p22: D:\Dav\CodeHub\Agent\male-fruit-fly-brain-map\viz\export_data.py --regions visual_bilateral,ol_rest,central_brain,olfactory --visual-input dark --chem-input dangateAB --plastic-mb --plastic-lr=-2e-7 --plastic-w0 0.03 --plastic-kcm-gain 0.015 --mbon-dan-gain 178 --plastic-dan-gate 150,0.02,400 --mbon-bias=-300 --t-end 5000.0 --seed 1104 --out D:\Dav\CodeHub\Agent\male-fruit-fly-brain-map\bci\dangate2\outputs\_trial_control_r1_p22 --gpu --plastic-state-out D:\Dav\CodeHub\Agent\male-fruit-fly-brain-map\bci\dangate2\outputs\states\control_r1_p22.npz --plastic-state-in D:\Dav\CodeHub\Agent\male-fruit-fly-brain-map\bci\dangate2\outputs\states\control_r1_p21.npz
circuit cache: HIT circuit-693698e48fa257ee3380.npz (0.8 s)
regions: ON  = visual_bilateral, ol_rest, central_brain, olfactory
regions: OFF = audition, gustatory, proprioception, thermal, touch, vnc, vpn_central   <-- pass --regions to enable
plastic-mb: KCM split 33398 KC->MBON pairs (lr=-2e-07)
mbon-dan-gain: MBMD split 349 GABA MBON->DAN pairs from CEN_C (gain=178; 154 DAN_err cells)
dan-gate: monitoring DAN_err compartment (154 cells) -> 154 neurons, tau=150 ms, gain=0.02, t_ref=400 ms
kernel cache: HIT kernels-30e2613dc8e5dd8fe128.npz (0.1 s)
visual input: dark -> 1 frames @ 60.0 fps, 3377 photoreceptors sampled
chem: CEN[KCg-m@L] -> 687 neurons (KCg-m@L), 1600 pA x 1 pulses
chem: CEN[KCg-m@R] -> 652 neurons (KCg-m@R), 1600 pA x 1 pulses
chem: CEN[DAN_err] -> 154 neurons (DAN_err), 800 pA x 1 pulses
chem: CEN[KCab-m@L] -> 307 neurons (KCab-m@L), 1600 pA x 1 pulses
chem: CEN[KCab-m@R] -> 223 neurons (KCab-m@R), 1600 pA x 1 pulses
chem: CEN[KCab-m@L] -> 307 neurons (KCab-m@L), 1600 pA x 1 pulses
chem: CEN[KCab-m@R] -> 223 neurons (KCab-m@R), 1600 pA x 1 pulses
chem: CEN[MBON*] -> 96 neurons (MBON01@R, MBON02@R, MBON03@R, MBON04@R...), -300 pA x 1 pulses
chem calibration: CEN_C recurrence gain -> 0.002 (chem-run working point, exp019)
simulating 5.0 s ...
plastic state IN KCM: w mean 0.1548 min 0.0300
GPU forward buffers: 256 records, 1367 MB on device
dan-gate: baseline r0 = 0.00 Hz
plastic result KCM: w_scale mean 0.1759 min 0.0300 floor-hit 0/33398 | elig max 38.4736
dan-gate: trace 10000 steps -> D:\Dav\CodeHub\Agent\male-fruit-fly-brain-map\bci\dangate2\outputs\_trial_control_r1_p22\_dan_trace.npy | r max 28.0 Hz, r0 0.00 Hz, mod max 0.561, mod integral 1001.7 ms
biology loop: 88 s (5000 records)
phi_scalp checksum: L2=2.815165e-04 (baseline A/B file: D:\Dav\CodeHub\Agent\male-fruit-fly-brain-map\bci\dangate2\outputs\_trial_control_r1_p22\_debug_phi_scalp.npy)
background EEG: fly signal 0.20 uV vs bg 11.33 uV at 156 deg -> d'=2 needs ~13198 trials (band 2-20 Hz: ~153381)
stim view frames: D:\Dav\CodeHub\Agent\male-fruit-fly-brain-map\bci\dangate2\outputs\_trial_control_r1_p22\stim_frames.bin (0.0 MB)
wrote D:\Dav\CodeHub\Agent\male-fruit-fly-brain-map\bci\dangate2\outputs\_trial_control_r1_p22\viz_data.json (5.2 MB)
[acquire] control_r1_p23: D:\Dav\CodeHub\Agent\male-fruit-fly-brain-map\viz\export_data.py --regions visual_bilateral,ol_rest,central_brain,olfactory --visual-input dark --chem-input dangateAB --plastic-mb --plastic-lr=-2e-7 --plastic-w0 0.03 --plastic-kcm-gain 0.015 --mbon-dan-gain 178 --plastic-dan-gate 150,0.02,400 --mbon-bias=-300 --t-end 5000.0 --seed 1105 --out D:\Dav\CodeHub\Agent\male-fruit-fly-brain-map\bci\dangate2\outputs\_trial_control_r1_p23 --gpu --plastic-state-out D:\Dav\CodeHub\Agent\male-fruit-fly-brain-map\bci\dangate2\outputs\states\control_r1_p23.npz --plastic-state-in D:\Dav\CodeHub\Agent\male-fruit-fly-brain-map\bci\dangate2\outputs\states\control_r1_p22.npz
circuit cache: HIT circuit-693698e48fa257ee3380.npz (0.8 s)
regions: ON  = visual_bilateral, ol_rest, central_brain, olfactory
regions: OFF = audition, gustatory, proprioception, thermal, touch, vnc, vpn_central   <-- pass --regions to enable
plastic-mb: KCM split 33398 KC->MBON pairs (lr=-2e-07)
mbon-dan-gain: MBMD split 349 GABA MBON->DAN pairs from CEN_C (gain=178; 154 DAN_err cells)
dan-gate: monitoring DAN_err compartment (154 cells) -> 154 neurons, tau=150 ms, gain=0.02, t_ref=400 ms
kernel cache: HIT kernels-30e2613dc8e5dd8fe128.npz (0.1 s)
visual input: dark -> 1 frames @ 60.0 fps, 3377 photoreceptors sampled
chem: CEN[KCg-m@L] -> 687 neurons (KCg-m@L), 1600 pA x 1 pulses
chem: CEN[KCg-m@R] -> 652 neurons (KCg-m@R), 1600 pA x 1 pulses
chem: CEN[DAN_err] -> 154 neurons (DAN_err), 800 pA x 1 pulses
chem: CEN[KCab-m@L] -> 307 neurons (KCab-m@L), 1600 pA x 1 pulses
chem: CEN[KCab-m@R] -> 223 neurons (KCab-m@R), 1600 pA x 1 pulses
chem: CEN[KCab-m@L] -> 307 neurons (KCab-m@L), 1600 pA x 1 pulses
chem: CEN[KCab-m@R] -> 223 neurons (KCab-m@R), 1600 pA x 1 pulses
chem: CEN[MBON*] -> 96 neurons (MBON01@R, MBON02@R, MBON03@R, MBON04@R...), -300 pA x 1 pulses
chem calibration: CEN_C recurrence gain -> 0.002 (chem-run working point, exp019)
simulating 5.0 s ...
plastic state IN KCM: w mean 0.1759 min 0.0300
GPU forward buffers: 256 records, 1367 MB on device
dan-gate: baseline r0 = 0.00 Hz
plastic result KCM: w_scale mean 0.1914 min 0.0300 floor-hit 0/33398 | elig max 38.6720
dan-gate: trace 10000 steps -> D:\Dav\CodeHub\Agent\male-fruit-fly-brain-map\bci\dangate2\outputs\_trial_control_r1_p23\_dan_trace.npy | r max 23.5 Hz, r0 0.00 Hz, mod max 0.469, mod integral 748.3 ms
biology loop: 89 s (5000 records)
phi_scalp checksum: L2=3.360135e-04 (baseline A/B file: D:\Dav\CodeHub\Agent\male-fruit-fly-brain-map\bci\dangate2\outputs\_trial_control_r1_p23\_debug_phi_scalp.npy)
background EEG: fly signal 0.16 uV vs bg 11.33 uV at 156 deg -> d'=2 needs ~19404 trials (band 2-20 Hz: ~173259)
stim view frames: D:\Dav\CodeHub\Agent\male-fruit-fly-brain-map\bci\dangate2\outputs\_trial_control_r1_p23\stim_frames.bin (0.0 MB)
wrote D:\Dav\CodeHub\Agent\male-fruit-fly-brain-map\bci\dangate2\outputs\_trial_control_r1_p23\viz_data.json (5.2 MB)
[acquire] control_r1_p24: D:\Dav\CodeHub\Agent\male-fruit-fly-brain-map\viz\export_data.py --regions visual_bilateral,ol_rest,central_brain,olfactory --visual-input dark --chem-input dangateAB --plastic-mb --plastic-lr=-2e-7 --plastic-w0 0.03 --plastic-kcm-gain 0.015 --mbon-dan-gain 178 --plastic-dan-gate 150,0.02,400 --mbon-bias=-300 --t-end 5000.0 --seed 1106 --out D:\Dav\CodeHub\Agent\male-fruit-fly-brain-map\bci\dangate2\outputs\_trial_control_r1_p24 --gpu --plastic-state-out D:\Dav\CodeHub\Agent\male-fruit-fly-brain-map\bci\dangate2\outputs\states\control_r1_p24.npz --plastic-state-in D:\Dav\CodeHub\Agent\male-fruit-fly-brain-map\bci\dangate2\outputs\states\control_r1_p23.npz
circuit cache: HIT circuit-693698e48fa257ee3380.npz (0.8 s)
regions: ON  = visual_bilateral, ol_rest, central_brain, olfactory
regions: OFF = audition, gustatory, proprioception, thermal, touch, vnc, vpn_central   <-- pass --regions to enable
plastic-mb: KCM split 33398 KC->MBON pairs (lr=-2e-07)
mbon-dan-gain: MBMD split 349 GABA MBON->DAN pairs from CEN_C (gain=178; 154 DAN_err cells)
dan-gate: monitoring DAN_err compartment (154 cells) -> 154 neurons, tau=150 ms, gain=0.02, t_ref=400 ms
kernel cache: HIT kernels-30e2613dc8e5dd8fe128.npz (0.1 s)
visual input: dark -> 1 frames @ 60.0 fps, 3377 photoreceptors sampled
chem: CEN[KCg-m@L] -> 687 neurons (KCg-m@L), 1600 pA x 1 pulses
chem: CEN[KCg-m@R] -> 652 neurons (KCg-m@R), 1600 pA x 1 pulses
chem: CEN[DAN_err] -> 154 neurons (DAN_err), 800 pA x 1 pulses
chem: CEN[KCab-m@L] -> 307 neurons (KCab-m@L), 1600 pA x 1 pulses
chem: CEN[KCab-m@R] -> 223 neurons (KCab-m@R), 1600 pA x 1 pulses
chem: CEN[KCab-m@L] -> 307 neurons (KCab-m@L), 1600 pA x 1 pulses
chem: CEN[KCab-m@R] -> 223 neurons (KCab-m@R), 1600 pA x 1 pulses
chem: CEN[MBON*] -> 96 neurons (MBON01@R, MBON02@R, MBON03@R, MBON04@R...), -300 pA x 1 pulses
chem calibration: CEN_C recurrence gain -> 0.002 (chem-run working point, exp019)
simulating 5.0 s ...
plastic state IN KCM: w mean 0.1914 min 0.0300
GPU forward buffers: 256 records, 1367 MB on device
dan-gate: baseline r0 = 0.00 Hz
plastic result KCM: w_scale mean 0.2063 min 0.0300 floor-hit 0/33398 | elig max 38.7577
dan-gate: trace 10000 steps -> D:\Dav\CodeHub\Agent\male-fruit-fly-brain-map\bci\dangate2\outputs\_trial_control_r1_p24\_dan_trace.npy | r max 17.9 Hz, r0 0.00 Hz, mod max 0.357, mod integral 704.6 ms
biology loop: 88 s (5000 records)
phi_scalp checksum: L2=3.282572e-04 (baseline A/B file: D:\Dav\CodeHub\Agent\male-fruit-fly-brain-map\bci\dangate2\outputs\_trial_control_r1_p24\_debug_phi_scalp.npy)
background EEG: fly signal 0.15 uV vs bg 11.33 uV at 156 deg -> d'=2 needs ~23912 trials (band 2-20 Hz: ~166214)
stim view frames: D:\Dav\CodeHub\Agent\male-fruit-fly-brain-map\bci\dangate2\outputs\_trial_control_r1_p24\stim_frames.bin (0.0 MB)
wrote D:\Dav\CodeHub\Agent\male-fruit-fly-brain-map\bci\dangate2\outputs\_trial_control_r1_p24\viz_data.json (5.2 MB)
[acquire] control_r1_p25: D:\Dav\CodeHub\Agent\male-fruit-fly-brain-map\viz\export_data.py --regions visual_bilateral,ol_rest,central_brain,olfactory --visual-input dark --chem-input dangateAB --plastic-mb --plastic-lr=-2e-7 --plastic-w0 0.03 --plastic-kcm-gain 0.015 --mbon-dan-gain 178 --plastic-dan-gate 150,0.02,400 --mbon-bias=-300 --t-end 5000.0 --seed 1107 --out D:\Dav\CodeHub\Agent\male-fruit-fly-brain-map\bci\dangate2\outputs\_trial_control_r1_p25 --gpu --plastic-state-out D:\Dav\CodeHub\Agent\male-fruit-fly-brain-map\bci\dangate2\outputs\states\control_r1_p25.npz --plastic-state-in D:\Dav\CodeHub\Agent\male-fruit-fly-brain-map\bci\dangate2\outputs\states\control_r1_p24.npz
circuit cache: HIT circuit-693698e48fa257ee3380.npz (0.8 s)
regions: ON  = visual_bilateral, ol_rest, central_brain, olfactory
regions: OFF = audition, gustatory, proprioception, thermal, touch, vnc, vpn_central   <-- pass --regions to enable
plastic-mb: KCM split 33398 KC->MBON pairs (lr=-2e-07)
mbon-dan-gain: MBMD split 349 GABA MBON->DAN pairs from CEN_C (gain=178; 154 DAN_err cells)
dan-gate: monitoring DAN_err compartment (154 cells) -> 154 neurons, tau=150 ms, gain=0.02, t_ref=400 ms
kernel cache: HIT kernels-30e2613dc8e5dd8fe128.npz (0.1 s)
visual input: dark -> 1 frames @ 60.0 fps, 3377 photoreceptors sampled
chem: CEN[KCg-m@L] -> 687 neurons (KCg-m@L), 1600 pA x 1 pulses
chem: CEN[KCg-m@R] -> 652 neurons (KCg-m@R), 1600 pA x 1 pulses
chem: CEN[DAN_err] -> 154 neurons (DAN_err), 800 pA x 1 pulses
chem: CEN[KCab-m@L] -> 307 neurons (KCab-m@L), 1600 pA x 1 pulses
chem: CEN[KCab-m@R] -> 223 neurons (KCab-m@R), 1600 pA x 1 pulses
chem: CEN[KCab-m@L] -> 307 neurons (KCab-m@L), 1600 pA x 1 pulses
chem: CEN[KCab-m@R] -> 223 neurons (KCab-m@R), 1600 pA x 1 pulses
chem: CEN[MBON*] -> 96 neurons (MBON01@R, MBON02@R, MBON03@R, MBON04@R...), -300 pA x 1 pulses
chem calibration: CEN_C recurrence gain -> 0.002 (chem-run working point, exp019)
simulating 5.0 s ...
plastic state IN KCM: w mean 0.2063 min 0.0300
GPU forward buffers: 256 records, 1367 MB on device
dan-gate: baseline r0 = 0.00 Hz
plastic result KCM: w_scale mean 0.2206 min 0.0300 floor-hit 0/33398 | elig max 38.7254
dan-gate: trace 10000 steps -> D:\Dav\CodeHub\Agent\male-fruit-fly-brain-map\bci\dangate2\outputs\_trial_control_r1_p25\_dan_trace.npy | r max 18.0 Hz, r0 0.00 Hz, mod max 0.360, mod integral 677.4 ms
biology loop: 87 s (5000 records)
phi_scalp checksum: L2=3.187078e-04 (baseline A/B file: D:\Dav\CodeHub\Agent\male-fruit-fly-brain-map\bci\dangate2\outputs\_trial_control_r1_p25\_debug_phi_scalp.npy)
background EEG: fly signal 0.13 uV vs bg 11.33 uV at 156 deg -> d'=2 needs ~29053 trials (band 2-20 Hz: ~95248)
stim view frames: D:\Dav\CodeHub\Agent\male-fruit-fly-brain-map\bci\dangate2\outputs\_trial_control_r1_p25\stim_frames.bin (0.0 MB)
wrote D:\Dav\CodeHub\Agent\male-fruit-fly-brain-map\bci\dangate2\outputs\_trial_control_r1_p25\viz_data.json (5.2 MB)
[acquire] done -> D:\Dav\CodeHub\Agent\male-fruit-fly-brain-map\bci\dangate2\outputs
