[acquire] global_blocked_r0_p10: D:\Dav\CodeHub\Agent\male-fruit-fly-brain-map\viz\export_data.py --regions visual_bilateral,ol_rest,central_brain,olfactory --visual-input dark --chem-input dangateA --plastic-mb --plastic-lr=-2e-7 --plastic-w0 0.03 --plastic-kcm-gain 0.015 --mbon-dan-gain 178 --plastic-dan-gate 150,0.02,400 --mbon-bias=-300 --t-end 5000.0 --seed 1042 --out D:\Dav\CodeHub\Agent\male-fruit-fly-brain-map\bci\comp1\outputs\_trial_global_blocked_r0_p10 --gpu --plastic-state-out D:\Dav\CodeHub\Agent\male-fruit-fly-brain-map\bci\comp1\outputs\states\global_blocked_r0_p10.npz
circuit cache: HIT circuit-693698e48fa257ee3380.npz (0.9 s)
regions: ON  = visual_bilateral, ol_rest, central_brain, olfactory
regions: OFF = audition, gustatory, proprioception, thermal, touch, vnc, vpn_central   <-- pass --regions to enable
plastic-mb: KCM split 33398 KC->MBON pairs (lr=-2e-07)
mbon-dan-gain: MBMD split 349 GABA MBON->DAN pairs from CEN_C (gain=178; 154 DAN_err cells)
dan-gate: monitoring DAN_err compartment (154 cells) -> 154 neurons, tau=150 ms, gain=0.02, t_ref=400 ms
kernel cache: HIT kernels-03f7b25805ae69ff754e.npz (0.1 s)
visual input: dark -> 1 frames @ 60.0 fps, 3377 photoreceptors sampled
chem: CEN[KCg-m@L] -> 687 neurons (KCg-m@L), 1600 pA x 1 pulses
chem: CEN[KCg-m@R] -> 652 neurons (KCg-m@R), 1600 pA x 1 pulses
chem: CEN[DAN_err] -> 154 neurons (DAN_err), 800 pA x 1 pulses
chem: CEN[KCg-m@L] -> 687 neurons (KCg-m@L), 1600 pA x 1 pulses
chem: CEN[KCg-m@R] -> 652 neurons (KCg-m@R), 1600 pA x 1 pulses
chem: CEN[MBON*] -> 96 neurons (MBON01@R, MBON02@R, MBON03@R, MBON04@R...), -300 pA x 1 pulses
chem calibration: CEN_C recurrence gain -> 0.002 (chem-run working point, exp019)
simulating 5.0 s ...
GPU forward buffers: 256 records, 1367 MB on device
dan-gate: baseline r0 = 0.00 Hz
plastic result KCM: w_scale mean 0.0618 min 0.0300 floor-hit 0/33398 | elig max 39.6477
dan-gate: trace 10000 steps -> D:\Dav\CodeHub\Agent\male-fruit-fly-brain-map\bci\comp1\outputs\_trial_global_blocked_r0_p10\_dan_trace.npy | r max 51.5 Hz, r0 0.00 Hz, mod max 1.000, mod integral 1903.5 ms
biology loop: 56 s (5000 records)
phi_scalp checksum: L2=2.969770e-04 (baseline A/B file: D:\Dav\CodeHub\Agent\male-fruit-fly-brain-map\bci\comp1\outputs\_trial_global_blocked_r0_p10\_debug_phi_scalp.npy)
background EEG: fly signal 0.25 uV vs bg 11.33 uV at 156 deg -> d'=2 needs ~8261 trials (band 2-20 Hz: ~101875)
stim view frames: D:\Dav\CodeHub\Agent\male-fruit-fly-brain-map\bci\comp1\outputs\_trial_global_blocked_r0_p10\stim_frames.bin (0.0 MB)
wrote D:\Dav\CodeHub\Agent\male-fruit-fly-brain-map\bci\comp1\outputs\_trial_global_blocked_r0_p10\viz_data.json (5.2 MB)
[acquire] global_blocked_r0_p11: D:\Dav\CodeHub\Agent\male-fruit-fly-brain-map\viz\export_data.py --regions visual_bilateral,ol_rest,central_brain,olfactory --visual-input dark --chem-input dangateA --plastic-mb --plastic-lr=-2e-7 --plastic-w0 0.03 --plastic-kcm-gain 0.015 --mbon-dan-gain 178 --plastic-dan-gate 150,0.02,400 --mbon-bias=-300 --t-end 5000.0 --seed 1043 --out D:\Dav\CodeHub\Agent\male-fruit-fly-brain-map\bci\comp1\outputs\_trial_global_blocked_r0_p11 --gpu --plastic-state-out D:\Dav\CodeHub\Agent\male-fruit-fly-brain-map\bci\comp1\outputs\states\global_blocked_r0_p11.npz --plastic-state-in D:\Dav\CodeHub\Agent\male-fruit-fly-brain-map\bci\comp1\outputs\states\global_blocked_r0_p10.npz
circuit cache: HIT circuit-693698e48fa257ee3380.npz (0.9 s)
regions: ON  = visual_bilateral, ol_rest, central_brain, olfactory
regions: OFF = audition, gustatory, proprioception, thermal, touch, vnc, vpn_central   <-- pass --regions to enable
plastic-mb: KCM split 33398 KC->MBON pairs (lr=-2e-07)
mbon-dan-gain: MBMD split 349 GABA MBON->DAN pairs from CEN_C (gain=178; 154 DAN_err cells)
dan-gate: monitoring DAN_err compartment (154 cells) -> 154 neurons, tau=150 ms, gain=0.02, t_ref=400 ms
kernel cache: HIT kernels-03f7b25805ae69ff754e.npz (0.1 s)
visual input: dark -> 1 frames @ 60.0 fps, 3377 photoreceptors sampled
chem: CEN[KCg-m@L] -> 687 neurons (KCg-m@L), 1600 pA x 1 pulses
chem: CEN[KCg-m@R] -> 652 neurons (KCg-m@R), 1600 pA x 1 pulses
chem: CEN[DAN_err] -> 154 neurons (DAN_err), 800 pA x 1 pulses
chem: CEN[KCg-m@L] -> 687 neurons (KCg-m@L), 1600 pA x 1 pulses
chem: CEN[KCg-m@R] -> 652 neurons (KCg-m@R), 1600 pA x 1 pulses
chem: CEN[MBON*] -> 96 neurons (MBON01@R, MBON02@R, MBON03@R, MBON04@R...), -300 pA x 1 pulses
chem calibration: CEN_C recurrence gain -> 0.002 (chem-run working point, exp019)
simulating 5.0 s ...
plastic state IN KCM: w mean 0.0618 min 0.0300
GPU forward buffers: 256 records, 1367 MB on device
dan-gate: baseline r0 = 0.00 Hz
plastic result KCM: w_scale mean 0.0814 min 0.0300 floor-hit 0/33398 | elig max 39.6402
dan-gate: trace 10000 steps -> D:\Dav\CodeHub\Agent\male-fruit-fly-brain-map\bci\comp1\outputs\_trial_global_blocked_r0_p11\_dan_trace.npy | r max 31.0 Hz, r0 0.00 Hz, mod max 0.620, mod integral 1183.1 ms
biology loop: 56 s (5000 records)
phi_scalp checksum: L2=2.936091e-04 (baseline A/B file: D:\Dav\CodeHub\Agent\male-fruit-fly-brain-map\bci\comp1\outputs\_trial_global_blocked_r0_p11\_debug_phi_scalp.npy)
background EEG: fly signal 0.24 uV vs bg 11.33 uV at 156 deg -> d'=2 needs ~8944 trials (band 2-20 Hz: ~108213)
stim view frames: D:\Dav\CodeHub\Agent\male-fruit-fly-brain-map\bci\comp1\outputs\_trial_global_blocked_r0_p11\stim_frames.bin (0.0 MB)
wrote D:\Dav\CodeHub\Agent\male-fruit-fly-brain-map\bci\comp1\outputs\_trial_global_blocked_r0_p11\viz_data.json (5.2 MB)
[acquire] global_blocked_r0_p12: D:\Dav\CodeHub\Agent\male-fruit-fly-brain-map\viz\export_data.py --regions visual_bilateral,ol_rest,central_brain,olfactory --visual-input dark --chem-input dangateA --plastic-mb --plastic-lr=-2e-7 --plastic-w0 0.03 --plastic-kcm-gain 0.015 --mbon-dan-gain 178 --plastic-dan-gate 150,0.02,400 --mbon-bias=-300 --t-end 5000.0 --seed 1044 --out D:\Dav\CodeHub\Agent\male-fruit-fly-brain-map\bci\comp1\outputs\_trial_global_blocked_r0_p12 --gpu --plastic-state-out D:\Dav\CodeHub\Agent\male-fruit-fly-brain-map\bci\comp1\outputs\states\global_blocked_r0_p12.npz --plastic-state-in D:\Dav\CodeHub\Agent\male-fruit-fly-brain-map\bci\comp1\outputs\states\global_blocked_r0_p11.npz
circuit cache: HIT circuit-693698e48fa257ee3380.npz (0.9 s)
regions: ON  = visual_bilateral, ol_rest, central_brain, olfactory
regions: OFF = audition, gustatory, proprioception, thermal, touch, vnc, vpn_central   <-- pass --regions to enable
plastic-mb: KCM split 33398 KC->MBON pairs (lr=-2e-07)
mbon-dan-gain: MBMD split 349 GABA MBON->DAN pairs from CEN_C (gain=178; 154 DAN_err cells)
dan-gate: monitoring DAN_err compartment (154 cells) -> 154 neurons, tau=150 ms, gain=0.02, t_ref=400 ms
kernel cache: HIT kernels-03f7b25805ae69ff754e.npz (0.1 s)
visual input: dark -> 1 frames @ 60.0 fps, 3377 photoreceptors sampled
chem: CEN[KCg-m@L] -> 687 neurons (KCg-m@L), 1600 pA x 1 pulses
chem: CEN[KCg-m@R] -> 652 neurons (KCg-m@R), 1600 pA x 1 pulses
chem: CEN[DAN_err] -> 154 neurons (DAN_err), 800 pA x 1 pulses
chem: CEN[KCg-m@L] -> 687 neurons (KCg-m@L), 1600 pA x 1 pulses
chem: CEN[KCg-m@R] -> 652 neurons (KCg-m@R), 1600 pA x 1 pulses
chem: CEN[MBON*] -> 96 neurons (MBON01@R, MBON02@R, MBON03@R, MBON04@R...), -300 pA x 1 pulses
chem calibration: CEN_C recurrence gain -> 0.002 (chem-run working point, exp019)
simulating 5.0 s ...
plastic state IN KCM: w mean 0.0814 min 0.0300
GPU forward buffers: 256 records, 1367 MB on device
dan-gate: baseline r0 = 0.00 Hz
plastic result KCM: w_scale mean 0.0969 min 0.0300 floor-hit 0/33398 | elig max 40.0972
dan-gate: trace 10000 steps -> D:\Dav\CodeHub\Agent\male-fruit-fly-brain-map\bci\comp1\outputs\_trial_global_blocked_r0_p12\_dan_trace.npy | r max 30.3 Hz, r0 0.00 Hz, mod max 0.605, mod integral 955.7 ms
biology loop: 59 s (5000 records)
phi_scalp checksum: L2=3.372908e-04 (baseline A/B file: D:\Dav\CodeHub\Agent\male-fruit-fly-brain-map\bci\comp1\outputs\_trial_global_blocked_r0_p12\_debug_phi_scalp.npy)
background EEG: fly signal 0.20 uV vs bg 11.33 uV at 156 deg -> d'=2 needs ~13535 trials (band 2-20 Hz: ~90469)
stim view frames: D:\Dav\CodeHub\Agent\male-fruit-fly-brain-map\bci\comp1\outputs\_trial_global_blocked_r0_p12\stim_frames.bin (0.0 MB)
wrote D:\Dav\CodeHub\Agent\male-fruit-fly-brain-map\bci\comp1\outputs\_trial_global_blocked_r0_p12\viz_data.json (5.2 MB)
[acquire] global_blocked_r0_p13: D:\Dav\CodeHub\Agent\male-fruit-fly-brain-map\viz\export_data.py --regions visual_bilateral,ol_rest,central_brain,olfactory --visual-input dark --chem-input dangateA --plastic-mb --plastic-lr=-2e-7 --plastic-w0 0.03 --plastic-kcm-gain 0.015 --mbon-dan-gain 178 --plastic-dan-gate 150,0.02,400 --mbon-bias=-300 --t-end 5000.0 --seed 1045 --out D:\Dav\CodeHub\Agent\male-fruit-fly-brain-map\bci\comp1\outputs\_trial_global_blocked_r0_p13 --gpu --plastic-state-out D:\Dav\CodeHub\Agent\male-fruit-fly-brain-map\bci\comp1\outputs\states\global_blocked_r0_p13.npz --plastic-state-in D:\Dav\CodeHub\Agent\male-fruit-fly-brain-map\bci\comp1\outputs\states\global_blocked_r0_p12.npz
circuit cache: HIT circuit-693698e48fa257ee3380.npz (0.9 s)
regions: ON  = visual_bilateral, ol_rest, central_brain, olfactory
regions: OFF = audition, gustatory, proprioception, thermal, touch, vnc, vpn_central   <-- pass --regions to enable
plastic-mb: KCM split 33398 KC->MBON pairs (lr=-2e-07)
mbon-dan-gain: MBMD split 349 GABA MBON->DAN pairs from CEN_C (gain=178; 154 DAN_err cells)
dan-gate: monitoring DAN_err compartment (154 cells) -> 154 neurons, tau=150 ms, gain=0.02, t_ref=400 ms
kernel cache: HIT kernels-03f7b25805ae69ff754e.npz (0.1 s)
visual input: dark -> 1 frames @ 60.0 fps, 3377 photoreceptors sampled
chem: CEN[KCg-m@L] -> 687 neurons (KCg-m@L), 1600 pA x 1 pulses
chem: CEN[KCg-m@R] -> 652 neurons (KCg-m@R), 1600 pA x 1 pulses
chem: CEN[DAN_err] -> 154 neurons (DAN_err), 800 pA x 1 pulses
chem: CEN[KCg-m@L] -> 687 neurons (KCg-m@L), 1600 pA x 1 pulses
chem: CEN[KCg-m@R] -> 652 neurons (KCg-m@R), 1600 pA x 1 pulses
chem: CEN[MBON*] -> 96 neurons (MBON01@R, MBON02@R, MBON03@R, MBON04@R...), -300 pA x 1 pulses
chem calibration: CEN_C recurrence gain -> 0.002 (chem-run working point, exp019)
simulating 5.0 s ...
plastic state IN KCM: w mean 0.0969 min 0.0300
GPU forward buffers: 256 records, 1367 MB on device
dan-gate: baseline r0 = 0.00 Hz
plastic result KCM: w_scale mean 0.1107 min 0.0300 floor-hit 0/33398 | elig max 39.6777
dan-gate: trace 10000 steps -> D:\Dav\CodeHub\Agent\male-fruit-fly-brain-map\bci\comp1\outputs\_trial_global_blocked_r0_p13\_dan_trace.npy | r max 25.9 Hz, r0 0.00 Hz, mod max 0.518, mod integral 836.1 ms
biology loop: 56 s (5000 records)
phi_scalp checksum: L2=2.866609e-04 (baseline A/B file: D:\Dav\CodeHub\Agent\male-fruit-fly-brain-map\bci\comp1\outputs\_trial_global_blocked_r0_p13\_debug_phi_scalp.npy)
background EEG: fly signal 0.21 uV vs bg 11.33 uV at 156 deg -> d'=2 needs ~11386 trials (band 2-20 Hz: ~119923)
stim view frames: D:\Dav\CodeHub\Agent\male-fruit-fly-brain-map\bci\comp1\outputs\_trial_global_blocked_r0_p13\stim_frames.bin (0.0 MB)
wrote D:\Dav\CodeHub\Agent\male-fruit-fly-brain-map\bci\comp1\outputs\_trial_global_blocked_r0_p13\viz_data.json (5.2 MB)
[acquire] global_blocked_r0_p20: D:\Dav\CodeHub\Agent\male-fruit-fly-brain-map\viz\export_data.py --regions visual_bilateral,ol_rest,central_brain,olfactory --visual-input dark --chem-input dangateAB --plastic-mb --plastic-lr=-2e-7 --plastic-w0 0.03 --plastic-kcm-gain 0.015 --mbon-dan-gain 178 --plastic-dan-gate 150,0.02,400 --mbon-bias=-300 --t-end 5000.0 --seed 1042 --out D:\Dav\CodeHub\Agent\male-fruit-fly-brain-map\bci\comp1\outputs\_trial_global_blocked_r0_p20 --gpu --plastic-state-out D:\Dav\CodeHub\Agent\male-fruit-fly-brain-map\bci\comp1\outputs\states\global_blocked_r0_p20.npz --plastic-state-in D:\Dav\CodeHub\Agent\male-fruit-fly-brain-map\bci\comp1\outputs\states\global_blocked_r0_p13.npz
circuit cache: HIT circuit-693698e48fa257ee3380.npz (0.9 s)
regions: ON  = visual_bilateral, ol_rest, central_brain, olfactory
regions: OFF = audition, gustatory, proprioception, thermal, touch, vnc, vpn_central   <-- pass --regions to enable
plastic-mb: KCM split 33398 KC->MBON pairs (lr=-2e-07)
mbon-dan-gain: MBMD split 349 GABA MBON->DAN pairs from CEN_C (gain=178; 154 DAN_err cells)
dan-gate: monitoring DAN_err compartment (154 cells) -> 154 neurons, tau=150 ms, gain=0.02, t_ref=400 ms
kernel cache: HIT kernels-03f7b25805ae69ff754e.npz (0.1 s)
visual input: dark -> 1 frames @ 60.0 fps, 3377 photoreceptors sampled
chem: CEN[KCg-m@L] -> 687 neurons (KCg-m@L), 1600 pA x 1 pulses
chem: CEN[KCg-m@R] -> 652 neurons (KCg-m@R), 1600 pA x 1 pulses
chem: CEN[DAN_err] -> 154 neurons (DAN_err), 800 pA x 1 pulses
chem: CEN[KCab-m@L] -> 307 neurons (KCab-m@L), 1600 pA x 1 pulses
chem: CEN[KCab-m@R] -> 223 neurons (KCab-m@R), 1600 pA x 1 pulses
chem: CEN[KCab-m@L] -> 307 neurons (KCab-m@L), 1600 pA x 1 pulses
chem: CEN[KCab-m@R] -> 223 neurons (KCab-m@R), 1600 pA x 1 pulses
chem: CEN[MBON*] -> 96 neurons (MBON01@R, MBON02@R, MBON03@R, MBON04@R...), -300 pA x 1 pulses
chem calibration: CEN_C recurrence gain -> 0.002 (chem-run working point, exp019)
simulating 5.0 s ...
plastic state IN KCM: w mean 0.1107 min 0.0300
GPU forward buffers: 256 records, 1367 MB on device
dan-gate: baseline r0 = 0.00 Hz
plastic result KCM: w_scale mean 0.1257 min 0.0300 floor-hit 0/33398 | elig max 38.7565
dan-gate: trace 10000 steps -> D:\Dav\CodeHub\Agent\male-fruit-fly-brain-map\bci\comp1\outputs\_trial_global_blocked_r0_p20\_dan_trace.npy | r max 18.8 Hz, r0 0.00 Hz, mod max 0.375, mod integral 719.3 ms
biology loop: 58 s (5000 records)
phi_scalp checksum: L2=3.375864e-04 (baseline A/B file: D:\Dav\CodeHub\Agent\male-fruit-fly-brain-map\bci\comp1\outputs\_trial_global_blocked_r0_p20\_debug_phi_scalp.npy)
background EEG: fly signal 0.16 uV vs bg 11.33 uV at 156 deg -> d'=2 needs ~19312 trials (band 2-20 Hz: ~167000)
stim view frames: D:\Dav\CodeHub\Agent\male-fruit-fly-brain-map\bci\comp1\outputs\_trial_global_blocked_r0_p20\stim_frames.bin (0.0 MB)
wrote D:\Dav\CodeHub\Agent\male-fruit-fly-brain-map\bci\comp1\outputs\_trial_global_blocked_r0_p20\viz_data.json (5.2 MB)
[acquire] global_blocked_r0_p21: D:\Dav\CodeHub\Agent\male-fruit-fly-brain-map\viz\export_data.py --regions visual_bilateral,ol_rest,central_brain,olfactory --visual-input dark --chem-input dangateAB --plastic-mb --plastic-lr=-2e-7 --plastic-w0 0.03 --plastic-kcm-gain 0.015 --mbon-dan-gain 178 --plastic-dan-gate 150,0.02,400 --mbon-bias=-300 --t-end 5000.0 --seed 1043 --out D:\Dav\CodeHub\Agent\male-fruit-fly-brain-map\bci\comp1\outputs\_trial_global_blocked_r0_p21 --gpu --plastic-state-out D:\Dav\CodeHub\Agent\male-fruit-fly-brain-map\bci\comp1\outputs\states\global_blocked_r0_p21.npz --plastic-state-in D:\Dav\CodeHub\Agent\male-fruit-fly-brain-map\bci\comp1\outputs\states\global_blocked_r0_p20.npz
circuit cache: HIT circuit-693698e48fa257ee3380.npz (0.9 s)
regions: ON  = visual_bilateral, ol_rest, central_brain, olfactory
regions: OFF = audition, gustatory, proprioception, thermal, touch, vnc, vpn_central   <-- pass --regions to enable
plastic-mb: KCM split 33398 KC->MBON pairs (lr=-2e-07)
mbon-dan-gain: MBMD split 349 GABA MBON->DAN pairs from CEN_C (gain=178; 154 DAN_err cells)
dan-gate: monitoring DAN_err compartment (154 cells) -> 154 neurons, tau=150 ms, gain=0.02, t_ref=400 ms
kernel cache: HIT kernels-03f7b25805ae69ff754e.npz (0.1 s)
visual input: dark -> 1 frames @ 60.0 fps, 3377 photoreceptors sampled
chem: CEN[KCg-m@L] -> 687 neurons (KCg-m@L), 1600 pA x 1 pulses
chem: CEN[KCg-m@R] -> 652 neurons (KCg-m@R), 1600 pA x 1 pulses
chem: CEN[DAN_err] -> 154 neurons (DAN_err), 800 pA x 1 pulses
chem: CEN[KCab-m@L] -> 307 neurons (KCab-m@L), 1600 pA x 1 pulses
chem: CEN[KCab-m@R] -> 223 neurons (KCab-m@R), 1600 pA x 1 pulses
chem: CEN[KCab-m@L] -> 307 neurons (KCab-m@L), 1600 pA x 1 pulses
chem: CEN[KCab-m@R] -> 223 neurons (KCab-m@R), 1600 pA x 1 pulses
chem: CEN[MBON*] -> 96 neurons (MBON01@R, MBON02@R, MBON03@R, MBON04@R...), -300 pA x 1 pulses
chem calibration: CEN_C recurrence gain -> 0.002 (chem-run working point, exp019)
simulating 5.0 s ...
plastic state IN KCM: w mean 0.1257 min 0.0300
GPU forward buffers: 256 records, 1367 MB on device
dan-gate: baseline r0 = 0.00 Hz
plastic result KCM: w_scale mean 0.1404 min 0.0300 floor-hit 0/33398 | elig max 38.8356
dan-gate: trace 10000 steps -> D:\Dav\CodeHub\Agent\male-fruit-fly-brain-map\bci\comp1\outputs\_trial_global_blocked_r0_p21\_dan_trace.npy | r max 17.7 Hz, r0 0.00 Hz, mod max 0.354, mod integral 696.5 ms
biology loop: 59 s (5000 records)
phi_scalp checksum: L2=3.342761e-04 (baseline A/B file: D:\Dav\CodeHub\Agent\male-fruit-fly-brain-map\bci\comp1\outputs\_trial_global_blocked_r0_p21\_debug_phi_scalp.npy)
background EEG: fly signal 0.15 uV vs bg 11.33 uV at 156 deg -> d'=2 needs ~22738 trials (band 2-20 Hz: ~163805)
stim view frames: D:\Dav\CodeHub\Agent\male-fruit-fly-brain-map\bci\comp1\outputs\_trial_global_blocked_r0_p21\stim_frames.bin (0.0 MB)
wrote D:\Dav\CodeHub\Agent\male-fruit-fly-brain-map\bci\comp1\outputs\_trial_global_blocked_r0_p21\viz_data.json (5.2 MB)
[acquire] global_blocked_r0_p22: D:\Dav\CodeHub\Agent\male-fruit-fly-brain-map\viz\export_data.py --regions visual_bilateral,ol_rest,central_brain,olfactory --visual-input dark --chem-input dangateAB --plastic-mb --plastic-lr=-2e-7 --plastic-w0 0.03 --plastic-kcm-gain 0.015 --mbon-dan-gain 178 --plastic-dan-gate 150,0.02,400 --mbon-bias=-300 --t-end 5000.0 --seed 1044 --out D:\Dav\CodeHub\Agent\male-fruit-fly-brain-map\bci\comp1\outputs\_trial_global_blocked_r0_p22 --gpu --plastic-state-out D:\Dav\CodeHub\Agent\male-fruit-fly-brain-map\bci\comp1\outputs\states\global_blocked_r0_p22.npz --plastic-state-in D:\Dav\CodeHub\Agent\male-fruit-fly-brain-map\bci\comp1\outputs\states\global_blocked_r0_p21.npz
circuit cache: HIT circuit-693698e48fa257ee3380.npz (0.9 s)
regions: ON  = visual_bilateral, ol_rest, central_brain, olfactory
regions: OFF = audition, gustatory, proprioception, thermal, touch, vnc, vpn_central   <-- pass --regions to enable
plastic-mb: KCM split 33398 KC->MBON pairs (lr=-2e-07)
mbon-dan-gain: MBMD split 349 GABA MBON->DAN pairs from CEN_C (gain=178; 154 DAN_err cells)
dan-gate: monitoring DAN_err compartment (154 cells) -> 154 neurons, tau=150 ms, gain=0.02, t_ref=400 ms
kernel cache: HIT kernels-03f7b25805ae69ff754e.npz (0.1 s)
visual input: dark -> 1 frames @ 60.0 fps, 3377 photoreceptors sampled
chem: CEN[KCg-m@L] -> 687 neurons (KCg-m@L), 1600 pA x 1 pulses
chem: CEN[KCg-m@R] -> 652 neurons (KCg-m@R), 1600 pA x 1 pulses
chem: CEN[DAN_err] -> 154 neurons (DAN_err), 800 pA x 1 pulses
chem: CEN[KCab-m@L] -> 307 neurons (KCab-m@L), 1600 pA x 1 pulses
chem: CEN[KCab-m@R] -> 223 neurons (KCab-m@R), 1600 pA x 1 pulses
chem: CEN[KCab-m@L] -> 307 neurons (KCab-m@L), 1600 pA x 1 pulses
chem: CEN[KCab-m@R] -> 223 neurons (KCab-m@R), 1600 pA x 1 pulses
chem: CEN[MBON*] -> 96 neurons (MBON01@R, MBON02@R, MBON03@R, MBON04@R...), -300 pA x 1 pulses
chem calibration: CEN_C recurrence gain -> 0.002 (chem-run working point, exp019)
simulating 5.0 s ...
plastic state IN KCM: w mean 0.1404 min 0.0300
GPU forward buffers: 256 records, 1367 MB on device
dan-gate: baseline r0 = 0.00 Hz
plastic result KCM: w_scale mean 0.1551 min 0.0300 floor-hit 0/33398 | elig max 38.7693
dan-gate: trace 10000 steps -> D:\Dav\CodeHub\Agent\male-fruit-fly-brain-map\bci\comp1\outputs\_trial_global_blocked_r0_p22\_dan_trace.npy | r max 17.6 Hz, r0 0.00 Hz, mod max 0.352, mod integral 692.9 ms
biology loop: 58 s (5000 records)
phi_scalp checksum: L2=3.310550e-04 (baseline A/B file: D:\Dav\CodeHub\Agent\male-fruit-fly-brain-map\bci\comp1\outputs\_trial_global_blocked_r0_p22\_debug_phi_scalp.npy)
background EEG: fly signal 0.14 uV vs bg 11.33 uV at 156 deg -> d'=2 needs ~27548 trials (band 2-20 Hz: ~162596)
stim view frames: D:\Dav\CodeHub\Agent\male-fruit-fly-brain-map\bci\comp1\outputs\_trial_global_blocked_r0_p22\stim_frames.bin (0.0 MB)
wrote D:\Dav\CodeHub\Agent\male-fruit-fly-brain-map\bci\comp1\outputs\_trial_global_blocked_r0_p22\viz_data.json (5.2 MB)
[acquire] global_blocked_r0_p23: D:\Dav\CodeHub\Agent\male-fruit-fly-brain-map\viz\export_data.py --regions visual_bilateral,ol_rest,central_brain,olfactory --visual-input dark --chem-input dangateAB --plastic-mb --plastic-lr=-2e-7 --plastic-w0 0.03 --plastic-kcm-gain 0.015 --mbon-dan-gain 178 --plastic-dan-gate 150,0.02,400 --mbon-bias=-300 --t-end 5000.0 --seed 1045 --out D:\Dav\CodeHub\Agent\male-fruit-fly-brain-map\bci\comp1\outputs\_trial_global_blocked_r0_p23 --gpu --plastic-state-out D:\Dav\CodeHub\Agent\male-fruit-fly-brain-map\bci\comp1\outputs\states\global_blocked_r0_p23.npz --plastic-state-in D:\Dav\CodeHub\Agent\male-fruit-fly-brain-map\bci\comp1\outputs\states\global_blocked_r0_p22.npz
circuit cache: HIT circuit-693698e48fa257ee3380.npz (0.9 s)
regions: ON  = visual_bilateral, ol_rest, central_brain, olfactory
regions: OFF = audition, gustatory, proprioception, thermal, touch, vnc, vpn_central   <-- pass --regions to enable
plastic-mb: KCM split 33398 KC->MBON pairs (lr=-2e-07)
mbon-dan-gain: MBMD split 349 GABA MBON->DAN pairs from CEN_C (gain=178; 154 DAN_err cells)
dan-gate: monitoring DAN_err compartment (154 cells) -> 154 neurons, tau=150 ms, gain=0.02, t_ref=400 ms
kernel cache: HIT kernels-03f7b25805ae69ff754e.npz (0.1 s)
visual input: dark -> 1 frames @ 60.0 fps, 3377 photoreceptors sampled
chem: CEN[KCg-m@L] -> 687 neurons (KCg-m@L), 1600 pA x 1 pulses
chem: CEN[KCg-m@R] -> 652 neurons (KCg-m@R), 1600 pA x 1 pulses
chem: CEN[DAN_err] -> 154 neurons (DAN_err), 800 pA x 1 pulses
chem: CEN[KCab-m@L] -> 307 neurons (KCab-m@L), 1600 pA x 1 pulses
chem: CEN[KCab-m@R] -> 223 neurons (KCab-m@R), 1600 pA x 1 pulses
chem: CEN[KCab-m@L] -> 307 neurons (KCab-m@L), 1600 pA x 1 pulses
chem: CEN[KCab-m@R] -> 223 neurons (KCab-m@R), 1600 pA x 1 pulses
chem: CEN[MBON*] -> 96 neurons (MBON01@R, MBON02@R, MBON03@R, MBON04@R...), -300 pA x 1 pulses
chem calibration: CEN_C recurrence gain -> 0.002 (chem-run working point, exp019)
simulating 5.0 s ...
plastic state IN KCM: w mean 0.1551 min 0.0300
GPU forward buffers: 256 records, 1367 MB on device
dan-gate: baseline r0 = 0.00 Hz
plastic result KCM: w_scale mean 0.1699 min 0.0300 floor-hit 0/33398 | elig max 38.3731
dan-gate: trace 10000 steps -> D:\Dav\CodeHub\Agent\male-fruit-fly-brain-map\bci\comp1\outputs\_trial_global_blocked_r0_p23\_dan_trace.npy | r max 18.5 Hz, r0 0.00 Hz, mod max 0.369, mod integral 703.9 ms
biology loop: 55 s (5000 records)
phi_scalp checksum: L2=2.663304e-04 (baseline A/B file: D:\Dav\CodeHub\Agent\male-fruit-fly-brain-map\bci\comp1\outputs\_trial_global_blocked_r0_p23\_debug_phi_scalp.npy)
background EEG: fly signal 0.14 uV vs bg 11.33 uV at 156 deg -> d'=2 needs ~25083 trials (band 2-20 Hz: ~134833)
stim view frames: D:\Dav\CodeHub\Agent\male-fruit-fly-brain-map\bci\comp1\outputs\_trial_global_blocked_r0_p23\stim_frames.bin (0.0 MB)
wrote D:\Dav\CodeHub\Agent\male-fruit-fly-brain-map\bci\comp1\outputs\_trial_global_blocked_r0_p23\viz_data.json (5.2 MB)
[acquire] global_blocked_r0_p24: D:\Dav\CodeHub\Agent\male-fruit-fly-brain-map\viz\export_data.py --regions visual_bilateral,ol_rest,central_brain,olfactory --visual-input dark --chem-input dangateAB --plastic-mb --plastic-lr=-2e-7 --plastic-w0 0.03 --plastic-kcm-gain 0.015 --mbon-dan-gain 178 --plastic-dan-gate 150,0.02,400 --mbon-bias=-300 --t-end 5000.0 --seed 1046 --out D:\Dav\CodeHub\Agent\male-fruit-fly-brain-map\bci\comp1\outputs\_trial_global_blocked_r0_p24 --gpu --plastic-state-out D:\Dav\CodeHub\Agent\male-fruit-fly-brain-map\bci\comp1\outputs\states\global_blocked_r0_p24.npz --plastic-state-in D:\Dav\CodeHub\Agent\male-fruit-fly-brain-map\bci\comp1\outputs\states\global_blocked_r0_p23.npz
circuit cache: HIT circuit-693698e48fa257ee3380.npz (0.9 s)
regions: ON  = visual_bilateral, ol_rest, central_brain, olfactory
regions: OFF = audition, gustatory, proprioception, thermal, touch, vnc, vpn_central   <-- pass --regions to enable
plastic-mb: KCM split 33398 KC->MBON pairs (lr=-2e-07)
mbon-dan-gain: MBMD split 349 GABA MBON->DAN pairs from CEN_C (gain=178; 154 DAN_err cells)
dan-gate: monitoring DAN_err compartment (154 cells) -> 154 neurons, tau=150 ms, gain=0.02, t_ref=400 ms
kernel cache: HIT kernels-03f7b25805ae69ff754e.npz (0.1 s)
visual input: dark -> 1 frames @ 60.0 fps, 3377 photoreceptors sampled
chem: CEN[KCg-m@L] -> 687 neurons (KCg-m@L), 1600 pA x 1 pulses
chem: CEN[KCg-m@R] -> 652 neurons (KCg-m@R), 1600 pA x 1 pulses
chem: CEN[DAN_err] -> 154 neurons (DAN_err), 800 pA x 1 pulses
chem: CEN[KCab-m@L] -> 307 neurons (KCab-m@L), 1600 pA x 1 pulses
chem: CEN[KCab-m@R] -> 223 neurons (KCab-m@R), 1600 pA x 1 pulses
chem: CEN[KCab-m@L] -> 307 neurons (KCab-m@L), 1600 pA x 1 pulses
chem: CEN[KCab-m@R] -> 223 neurons (KCab-m@R), 1600 pA x 1 pulses
chem: CEN[MBON*] -> 96 neurons (MBON01@R, MBON02@R, MBON03@R, MBON04@R...), -300 pA x 1 pulses
chem calibration: CEN_C recurrence gain -> 0.002 (chem-run working point, exp019)
simulating 5.0 s ...
plastic state IN KCM: w mean 0.1699 min 0.0300
GPU forward buffers: 256 records, 1367 MB on device
dan-gate: baseline r0 = 0.00 Hz
plastic result KCM: w_scale mean 0.1847 min 0.0300 floor-hit 0/33398 | elig max 38.8074
dan-gate: trace 10000 steps -> D:\Dav\CodeHub\Agent\male-fruit-fly-brain-map\bci\comp1\outputs\_trial_global_blocked_r0_p24\_dan_trace.npy | r max 17.6 Hz, r0 0.00 Hz, mod max 0.352, mod integral 687.5 ms
biology loop: 58 s (5000 records)
phi_scalp checksum: L2=3.210167e-04 (baseline A/B file: D:\Dav\CodeHub\Agent\male-fruit-fly-brain-map\bci\comp1\outputs\_trial_global_blocked_r0_p24\_debug_phi_scalp.npy)
background EEG: fly signal 0.11 uV vs bg 11.33 uV at 156 deg -> d'=2 needs ~39957 trials (band 2-20 Hz: ~143720)
stim view frames: D:\Dav\CodeHub\Agent\male-fruit-fly-brain-map\bci\comp1\outputs\_trial_global_blocked_r0_p24\stim_frames.bin (0.0 MB)
wrote D:\Dav\CodeHub\Agent\male-fruit-fly-brain-map\bci\comp1\outputs\_trial_global_blocked_r0_p24\viz_data.json (5.2 MB)
[acquire] global_blocked_r0_p25: D:\Dav\CodeHub\Agent\male-fruit-fly-brain-map\viz\export_data.py --regions visual_bilateral,ol_rest,central_brain,olfactory --visual-input dark --chem-input dangateAB --plastic-mb --plastic-lr=-2e-7 --plastic-w0 0.03 --plastic-kcm-gain 0.015 --mbon-dan-gain 178 --plastic-dan-gate 150,0.02,400 --mbon-bias=-300 --t-end 5000.0 --seed 1047 --out D:\Dav\CodeHub\Agent\male-fruit-fly-brain-map\bci\comp1\outputs\_trial_global_blocked_r0_p25 --gpu --plastic-state-out D:\Dav\CodeHub\Agent\male-fruit-fly-brain-map\bci\comp1\outputs\states\global_blocked_r0_p25.npz --plastic-state-in D:\Dav\CodeHub\Agent\male-fruit-fly-brain-map\bci\comp1\outputs\states\global_blocked_r0_p24.npz
circuit cache: HIT circuit-693698e48fa257ee3380.npz (0.9 s)
regions: ON  = visual_bilateral, ol_rest, central_brain, olfactory
regions: OFF = audition, gustatory, proprioception, thermal, touch, vnc, vpn_central   <-- pass --regions to enable
plastic-mb: KCM split 33398 KC->MBON pairs (lr=-2e-07)
mbon-dan-gain: MBMD split 349 GABA MBON->DAN pairs from CEN_C (gain=178; 154 DAN_err cells)
dan-gate: monitoring DAN_err compartment (154 cells) -> 154 neurons, tau=150 ms, gain=0.02, t_ref=400 ms
kernel cache: HIT kernels-03f7b25805ae69ff754e.npz (0.1 s)
visual input: dark -> 1 frames @ 60.0 fps, 3377 photoreceptors sampled
chem: CEN[KCg-m@L] -> 687 neurons (KCg-m@L), 1600 pA x 1 pulses
chem: CEN[KCg-m@R] -> 652 neurons (KCg-m@R), 1600 pA x 1 pulses
chem: CEN[DAN_err] -> 154 neurons (DAN_err), 800 pA x 1 pulses
chem: CEN[KCab-m@L] -> 307 neurons (KCab-m@L), 1600 pA x 1 pulses
chem: CEN[KCab-m@R] -> 223 neurons (KCab-m@R), 1600 pA x 1 pulses
chem: CEN[KCab-m@L] -> 307 neurons (KCab-m@L), 1600 pA x 1 pulses
chem: CEN[KCab-m@R] -> 223 neurons (KCab-m@R), 1600 pA x 1 pulses
chem: CEN[MBON*] -> 96 neurons (MBON01@R, MBON02@R, MBON03@R, MBON04@R...), -300 pA x 1 pulses
chem calibration: CEN_C recurrence gain -> 0.002 (chem-run working point, exp019)
simulating 5.0 s ...
plastic state IN KCM: w mean 0.1847 min 0.0300
GPU forward buffers: 256 records, 1367 MB on device
dan-gate: baseline r0 = 0.00 Hz
plastic result KCM: w_scale mean 0.1988 min 0.0300 floor-hit 0/33398 | elig max 38.7104
dan-gate: trace 10000 steps -> D:\Dav\CodeHub\Agent\male-fruit-fly-brain-map\bci\comp1\outputs\_trial_global_blocked_r0_p25\_dan_trace.npy | r max 17.5 Hz, r0 0.00 Hz, mod max 0.351, mod integral 667.4 ms
biology loop: 58 s (5000 records)
phi_scalp checksum: L2=3.052248e-04 (baseline A/B file: D:\Dav\CodeHub\Agent\male-fruit-fly-brain-map\bci\comp1\outputs\_trial_global_blocked_r0_p25\_debug_phi_scalp.npy)
background EEG: fly signal 0.12 uV vs bg 11.33 uV at 156 deg -> d'=2 needs ~33743 trials (band 2-20 Hz: ~81301)
stim view frames: D:\Dav\CodeHub\Agent\male-fruit-fly-brain-map\bci\comp1\outputs\_trial_global_blocked_r0_p25\stim_frames.bin (0.0 MB)
wrote D:\Dav\CodeHub\Agent\male-fruit-fly-brain-map\bci\comp1\outputs\_trial_global_blocked_r0_p25\viz_data.json (5.2 MB)
[acquire] global_control_r0_p10: D:\Dav\CodeHub\Agent\male-fruit-fly-brain-map\viz\export_data.py --regions visual_bilateral,ol_rest,central_brain,olfactory --visual-input dark --chem-input dangateC --plastic-mb --plastic-lr=-2e-7 --plastic-w0 0.03 --plastic-kcm-gain 0.015 --mbon-dan-gain 178 --plastic-dan-gate 150,0.02,400 --mbon-bias=-300 --t-end 5000.0 --seed 1092 --out D:\Dav\CodeHub\Agent\male-fruit-fly-brain-map\bci\comp1\outputs\_trial_global_control_r0_p10 --gpu --plastic-state-out D:\Dav\CodeHub\Agent\male-fruit-fly-brain-map\bci\comp1\outputs\states\global_control_r0_p10.npz
circuit cache: HIT circuit-693698e48fa257ee3380.npz (0.9 s)
regions: ON  = visual_bilateral, ol_rest, central_brain, olfactory
regions: OFF = audition, gustatory, proprioception, thermal, touch, vnc, vpn_central   <-- pass --regions to enable
plastic-mb: KCM split 33398 KC->MBON pairs (lr=-2e-07)
mbon-dan-gain: MBMD split 349 GABA MBON->DAN pairs from CEN_C (gain=178; 154 DAN_err cells)
dan-gate: monitoring DAN_err compartment (154 cells) -> 154 neurons, tau=150 ms, gain=0.02, t_ref=400 ms
kernel cache: HIT kernels-03f7b25805ae69ff754e.npz (0.1 s)
visual input: dark -> 1 frames @ 60.0 fps, 3377 photoreceptors sampled
chem: CEN[KCab-s@L] -> 234 neurons (KCab-s@L), 1600 pA x 1 pulses
chem: CEN[KCab-s@R] -> 421 neurons (KCab-s@R), 1600 pA x 1 pulses
chem: CEN[DAN_err] -> 154 neurons (DAN_err), 800 pA x 1 pulses
chem: CEN[KCab-s@L] -> 234 neurons (KCab-s@L), 1600 pA x 1 pulses
chem: CEN[KCab-s@R] -> 421 neurons (KCab-s@R), 1600 pA x 1 pulses
chem: CEN[MBON*] -> 96 neurons (MBON01@R, MBON02@R, MBON03@R, MBON04@R...), -300 pA x 1 pulses
chem calibration: CEN_C recurrence gain -> 0.002 (chem-run working point, exp019)
simulating 5.0 s ...
GPU forward buffers: 256 records, 1367 MB on device
dan-gate: baseline r0 = 0.00 Hz
plastic result KCM: w_scale mean 0.0452 min 0.0300 floor-hit 0/33398 | elig max 38.5753
dan-gate: trace 10000 steps -> D:\Dav\CodeHub\Agent\male-fruit-fly-brain-map\bci\comp1\outputs\_trial_global_control_r0_p10\_dan_trace.npy | r max 118.0 Hz, r0 0.00 Hz, mod max 1.000, mod integral 2166.3 ms
biology loop: 56 s (5000 records)
phi_scalp checksum: L2=2.743345e-04 (baseline A/B file: D:\Dav\CodeHub\Agent\male-fruit-fly-brain-map\bci\comp1\outputs\_trial_global_control_r0_p10\_debug_phi_scalp.npy)
background EEG: fly signal 0.17 uV vs bg 13.10 uV at 168 deg -> d'=2 needs ~23687 trials (band 2-20 Hz: ~387954)
stim view frames: D:\Dav\CodeHub\Agent\male-fruit-fly-brain-map\bci\comp1\outputs\_trial_global_control_r0_p10\stim_frames.bin (0.0 MB)
wrote D:\Dav\CodeHub\Agent\male-fruit-fly-brain-map\bci\comp1\outputs\_trial_global_control_r0_p10\viz_data.json (5.2 MB)
[acquire] global_control_r0_p11: D:\Dav\CodeHub\Agent\male-fruit-fly-brain-map\viz\export_data.py --regions visual_bilateral,ol_rest,central_brain,olfactory --visual-input dark --chem-input dangateC --plastic-mb --plastic-lr=-2e-7 --plastic-w0 0.03 --plastic-kcm-gain 0.015 --mbon-dan-gain 178 --plastic-dan-gate 150,0.02,400 --mbon-bias=-300 --t-end 5000.0 --seed 1093 --out D:\Dav\CodeHub\Agent\male-fruit-fly-brain-map\bci\comp1\outputs\_trial_global_control_r0_p11 --gpu --plastic-state-out D:\Dav\CodeHub\Agent\male-fruit-fly-brain-map\bci\comp1\outputs\states\global_control_r0_p11.npz --plastic-state-in D:\Dav\CodeHub\Agent\male-fruit-fly-brain-map\bci\comp1\outputs\states\global_control_r0_p10.npz
circuit cache: HIT circuit-693698e48fa257ee3380.npz (0.9 s)
regions: ON  = visual_bilateral, ol_rest, central_brain, olfactory
regions: OFF = audition, gustatory, proprioception, thermal, touch, vnc, vpn_central   <-- pass --regions to enable
plastic-mb: KCM split 33398 KC->MBON pairs (lr=-2e-07)
mbon-dan-gain: MBMD split 349 GABA MBON->DAN pairs from CEN_C (gain=178; 154 DAN_err cells)
dan-gate: monitoring DAN_err compartment (154 cells) -> 154 neurons, tau=150 ms, gain=0.02, t_ref=400 ms
kernel cache: HIT kernels-03f7b25805ae69ff754e.npz (0.1 s)
visual input: dark -> 1 frames @ 60.0 fps, 3377 photoreceptors sampled
chem: CEN[KCab-s@L] -> 234 neurons (KCab-s@L), 1600 pA x 1 pulses
chem: CEN[KCab-s@R] -> 421 neurons (KCab-s@R), 1600 pA x 1 pulses
chem: CEN[DAN_err] -> 154 neurons (DAN_err), 800 pA x 1 pulses
chem: CEN[KCab-s@L] -> 234 neurons (KCab-s@L), 1600 pA x 1 pulses
chem: CEN[KCab-s@R] -> 421 neurons (KCab-s@R), 1600 pA x 1 pulses
chem: CEN[MBON*] -> 96 neurons (MBON01@R, MBON02@R, MBON03@R, MBON04@R...), -300 pA x 1 pulses
chem calibration: CEN_C recurrence gain -> 0.002 (chem-run working point, exp019)
simulating 5.0 s ...
plastic state IN KCM: w mean 0.0452 min 0.0300
GPU forward buffers: 256 records, 1367 MB on device
dan-gate: baseline r0 = 0.00 Hz
plastic result KCM: w_scale mean 0.0604 min 0.0300 floor-hit 0/33398 | elig max 38.5247
dan-gate: trace 10000 steps -> D:\Dav\CodeHub\Agent\male-fruit-fly-brain-map\bci\comp1\outputs\_trial_global_control_r0_p11\_dan_trace.npy | r max 113.1 Hz, r0 0.00 Hz, mod max 1.000, mod integral 2161.1 ms
biology loop: 57 s (5000 records)
phi_scalp checksum: L2=2.709722e-04 (baseline A/B file: D:\Dav\CodeHub\Agent\male-fruit-fly-brain-map\bci\comp1\outputs\_trial_global_control_r0_p11\_debug_phi_scalp.npy)
background EEG: fly signal 0.15 uV vs bg 13.10 uV at 168 deg -> d'=2 needs ~28506 trials (band 2-20 Hz: ~464597)
stim view frames: D:\Dav\CodeHub\Agent\male-fruit-fly-brain-map\bci\comp1\outputs\_trial_global_control_r0_p11\stim_frames.bin (0.0 MB)
wrote D:\Dav\CodeHub\Agent\male-fruit-fly-brain-map\bci\comp1\outputs\_trial_global_control_r0_p11\viz_data.json (5.2 MB)
[acquire] global_control_r0_p12: D:\Dav\CodeHub\Agent\male-fruit-fly-brain-map\viz\export_data.py --regions visual_bilateral,ol_rest,central_brain,olfactory --visual-input dark --chem-input dangateC --plastic-mb --plastic-lr=-2e-7 --plastic-w0 0.03 --plastic-kcm-gain 0.015 --mbon-dan-gain 178 --plastic-dan-gate 150,0.02,400 --mbon-bias=-300 --t-end 5000.0 --seed 1094 --out D:\Dav\CodeHub\Agent\male-fruit-fly-brain-map\bci\comp1\outputs\_trial_global_control_r0_p12 --gpu --plastic-state-out D:\Dav\CodeHub\Agent\male-fruit-fly-brain-map\bci\comp1\outputs\states\global_control_r0_p12.npz --plastic-state-in D:\Dav\CodeHub\Agent\male-fruit-fly-brain-map\bci\comp1\outputs\states\global_control_r0_p11.npz
circuit cache: HIT circuit-693698e48fa257ee3380.npz (0.9 s)
regions: ON  = visual_bilateral, ol_rest, central_brain, olfactory
regions: OFF = audition, gustatory, proprioception, thermal, touch, vnc, vpn_central   <-- pass --regions to enable
plastic-mb: KCM split 33398 KC->MBON pairs (lr=-2e-07)
mbon-dan-gain: MBMD split 349 GABA MBON->DAN pairs from CEN_C (gain=178; 154 DAN_err cells)
dan-gate: monitoring DAN_err compartment (154 cells) -> 154 neurons, tau=150 ms, gain=0.02, t_ref=400 ms
kernel cache: HIT kernels-03f7b25805ae69ff754e.npz (0.1 s)
visual input: dark -> 1 frames @ 60.0 fps, 3377 photoreceptors sampled
chem: CEN[KCab-s@L] -> 234 neurons (KCab-s@L), 1600 pA x 1 pulses
chem: CEN[KCab-s@R] -> 421 neurons (KCab-s@R), 1600 pA x 1 pulses
chem: CEN[DAN_err] -> 154 neurons (DAN_err), 800 pA x 1 pulses
chem: CEN[KCab-s@L] -> 234 neurons (KCab-s@L), 1600 pA x 1 pulses
chem: CEN[KCab-s@R] -> 421 neurons (KCab-s@R), 1600 pA x 1 pulses
chem: CEN[MBON*] -> 96 neurons (MBON01@R, MBON02@R, MBON03@R, MBON04@R...), -300 pA x 1 pulses
chem calibration: CEN_C recurrence gain -> 0.002 (chem-run working point, exp019)
simulating 5.0 s ...
plastic state IN KCM: w mean 0.0604 min 0.0300
GPU forward buffers: 256 records, 1367 MB on device
dan-gate: baseline r0 = 0.00 Hz
plastic result KCM: w_scale mean 0.0756 min 0.0300 floor-hit 0/33398 | elig max 38.5285
dan-gate: trace 10000 steps -> D:\Dav\CodeHub\Agent\male-fruit-fly-brain-map\bci\comp1\outputs\_trial_global_control_r0_p12\_dan_trace.npy | r max 113.4 Hz, r0 0.00 Hz, mod max 1.000, mod integral 2158.6 ms
biology loop: 56 s (5000 records)
phi_scalp checksum: L2=2.684912e-04 (baseline A/B file: D:\Dav\CodeHub\Agent\male-fruit-fly-brain-map\bci\comp1\outputs\_trial_global_control_r0_p12\_debug_phi_scalp.npy)
background EEG: fly signal 0.15 uV vs bg 13.10 uV at 168 deg -> d'=2 needs ~32254 trials (band 2-20 Hz: ~524476)
stim view frames: D:\Dav\CodeHub\Agent\male-fruit-fly-brain-map\bci\comp1\outputs\_trial_global_control_r0_p12\stim_frames.bin (0.0 MB)
wrote D:\Dav\CodeHub\Agent\male-fruit-fly-brain-map\bci\comp1\outputs\_trial_global_control_r0_p12\viz_data.json (5.2 MB)
[acquire] global_control_r0_p13: D:\Dav\CodeHub\Agent\male-fruit-fly-brain-map\viz\export_data.py --regions visual_bilateral,ol_rest,central_brain,olfactory --visual-input dark --chem-input dangateC --plastic-mb --plastic-lr=-2e-7 --plastic-w0 0.03 --plastic-kcm-gain 0.015 --mbon-dan-gain 178 --plastic-dan-gate 150,0.02,400 --mbon-bias=-300 --t-end 5000.0 --seed 1095 --out D:\Dav\CodeHub\Agent\male-fruit-fly-brain-map\bci\comp1\outputs\_trial_global_control_r0_p13 --gpu --plastic-state-out D:\Dav\CodeHub\Agent\male-fruit-fly-brain-map\bci\comp1\outputs\states\global_control_r0_p13.npz --plastic-state-in D:\Dav\CodeHub\Agent\male-fruit-fly-brain-map\bci\comp1\outputs\states\global_control_r0_p12.npz
circuit cache: HIT circuit-693698e48fa257ee3380.npz (1.0 s)
regions: ON  = visual_bilateral, ol_rest, central_brain, olfactory
regions: OFF = audition, gustatory, proprioception, thermal, touch, vnc, vpn_central   <-- pass --regions to enable
plastic-mb: KCM split 33398 KC->MBON pairs (lr=-2e-07)
mbon-dan-gain: MBMD split 349 GABA MBON->DAN pairs from CEN_C (gain=178; 154 DAN_err cells)
dan-gate: monitoring DAN_err compartment (154 cells) -> 154 neurons, tau=150 ms, gain=0.02, t_ref=400 ms
kernel cache: HIT kernels-03f7b25805ae69ff754e.npz (0.1 s)
visual input: dark -> 1 frames @ 60.0 fps, 3377 photoreceptors sampled
chem: CEN[KCab-s@L] -> 234 neurons (KCab-s@L), 1600 pA x 1 pulses
chem: CEN[KCab-s@R] -> 421 neurons (KCab-s@R), 1600 pA x 1 pulses
chem: CEN[DAN_err] -> 154 neurons (DAN_err), 800 pA x 1 pulses
chem: CEN[KCab-s@L] -> 234 neurons (KCab-s@L), 1600 pA x 1 pulses
chem: CEN[KCab-s@R] -> 421 neurons (KCab-s@R), 1600 pA x 1 pulses
chem: CEN[MBON*] -> 96 neurons (MBON01@R, MBON02@R, MBON03@R, MBON04@R...), -300 pA x 1 pulses
chem calibration: CEN_C recurrence gain -> 0.002 (chem-run working point, exp019)
simulating 5.0 s ...
plastic state IN KCM: w mean 0.0756 min 0.0300
GPU forward buffers: 256 records, 1367 MB on device
dan-gate: baseline r0 = 0.00 Hz
plastic result KCM: w_scale mean 0.0908 min 0.0300 floor-hit 0/33398 | elig max 38.5223
dan-gate: trace 10000 steps -> D:\Dav\CodeHub\Agent\male-fruit-fly-brain-map\bci\comp1\outputs\_trial_global_control_r0_p13\_dan_trace.npy | r max 113.0 Hz, r0 0.00 Hz, mod max 1.000, mod integral 2158.6 ms
biology loop: 56 s (5000 records)
phi_scalp checksum: L2=2.649114e-04 (baseline A/B file: D:\Dav\CodeHub\Agent\male-fruit-fly-brain-map\bci\comp1\outputs\_trial_global_control_r0_p13\_debug_phi_scalp.npy)
background EEG: fly signal 0.13 uV vs bg 13.10 uV at 168 deg -> d'=2 needs ~38083 trials (band 2-20 Hz: ~583534)
stim view frames: D:\Dav\CodeHub\Agent\male-fruit-fly-brain-map\bci\comp1\outputs\_trial_global_control_r0_p13\stim_frames.bin (0.0 MB)
wrote D:\Dav\CodeHub\Agent\male-fruit-fly-brain-map\bci\comp1\outputs\_trial_global_control_r0_p13\viz_data.json (5.2 MB)
[acquire] global_control_r0_p20: D:\Dav\CodeHub\Agent\male-fruit-fly-brain-map\viz\export_data.py --regions visual_bilateral,ol_rest,central_brain,olfactory --visual-input dark --chem-input dangateAB --plastic-mb --plastic-lr=-2e-7 --plastic-w0 0.03 --plastic-kcm-gain 0.015 --mbon-dan-gain 178 --plastic-dan-gate 150,0.02,400 --mbon-bias=-300 --t-end 5000.0 --seed 1092 --out D:\Dav\CodeHub\Agent\male-fruit-fly-brain-map\bci\comp1\outputs\_trial_global_control_r0_p20 --gpu --plastic-state-out D:\Dav\CodeHub\Agent\male-fruit-fly-brain-map\bci\comp1\outputs\states\global_control_r0_p20.npz --plastic-state-in D:\Dav\CodeHub\Agent\male-fruit-fly-brain-map\bci\comp1\outputs\states\global_control_r0_p13.npz
circuit cache: HIT circuit-693698e48fa257ee3380.npz (0.9 s)
regions: ON  = visual_bilateral, ol_rest, central_brain, olfactory
regions: OFF = audition, gustatory, proprioception, thermal, touch, vnc, vpn_central   <-- pass --regions to enable
plastic-mb: KCM split 33398 KC->MBON pairs (lr=-2e-07)
mbon-dan-gain: MBMD split 349 GABA MBON->DAN pairs from CEN_C (gain=178; 154 DAN_err cells)
dan-gate: monitoring DAN_err compartment (154 cells) -> 154 neurons, tau=150 ms, gain=0.02, t_ref=400 ms
kernel cache: HIT kernels-03f7b25805ae69ff754e.npz (0.1 s)
visual input: dark -> 1 frames @ 60.0 fps, 3377 photoreceptors sampled
chem: CEN[KCg-m@L] -> 687 neurons (KCg-m@L), 1600 pA x 1 pulses
chem: CEN[KCg-m@R] -> 652 neurons (KCg-m@R), 1600 pA x 1 pulses
chem: CEN[DAN_err] -> 154 neurons (DAN_err), 800 pA x 1 pulses
chem: CEN[KCab-m@L] -> 307 neurons (KCab-m@L), 1600 pA x 1 pulses
chem: CEN[KCab-m@R] -> 223 neurons (KCab-m@R), 1600 pA x 1 pulses
chem: CEN[KCab-m@L] -> 307 neurons (KCab-m@L), 1600 pA x 1 pulses
chem: CEN[KCab-m@R] -> 223 neurons (KCab-m@R), 1600 pA x 1 pulses
chem: CEN[MBON*] -> 96 neurons (MBON01@R, MBON02@R, MBON03@R, MBON04@R...), -300 pA x 1 pulses
chem calibration: CEN_C recurrence gain -> 0.002 (chem-run working point, exp019)
simulating 5.0 s ...
plastic state IN KCM: w mean 0.0908 min 0.0300
GPU forward buffers: 256 records, 1367 MB on device
dan-gate: baseline r0 = 0.00 Hz
plastic result KCM: w_scale mean 0.1306 min 0.0300 floor-hit 0/33398 | elig max 38.4272
dan-gate: trace 10000 steps -> D:\Dav\CodeHub\Agent\male-fruit-fly-brain-map\bci\comp1\outputs\_trial_global_control_r0_p20\_dan_trace.npy | r max 52.1 Hz, r0 0.00 Hz, mod max 1.000, mod integral 1874.4 ms
biology loop: 55 s (5000 records)
phi_scalp checksum: L2=2.890869e-04 (baseline A/B file: D:\Dav\CodeHub\Agent\male-fruit-fly-brain-map\bci\comp1\outputs\_trial_global_control_r0_p20\_debug_phi_scalp.npy)
background EEG: fly signal 0.23 uV vs bg 11.33 uV at 156 deg -> d'=2 needs ~10022 trials (band 2-20 Hz: ~176975)
stim view frames: D:\Dav\CodeHub\Agent\male-fruit-fly-brain-map\bci\comp1\outputs\_trial_global_control_r0_p20\stim_frames.bin (0.0 MB)
wrote D:\Dav\CodeHub\Agent\male-fruit-fly-brain-map\bci\comp1\outputs\_trial_global_control_r0_p20\viz_data.json (5.2 MB)
[acquire] global_control_r0_p21: D:\Dav\CodeHub\Agent\male-fruit-fly-brain-map\viz\export_data.py --regions visual_bilateral,ol_rest,central_brain,olfactory --visual-input dark --chem-input dangateAB --plastic-mb --plastic-lr=-2e-7 --plastic-w0 0.03 --plastic-kcm-gain 0.015 --mbon-dan-gain 178 --plastic-dan-gate 150,0.02,400 --mbon-bias=-300 --t-end 5000.0 --seed 1093 --out D:\Dav\CodeHub\Agent\male-fruit-fly-brain-map\bci\comp1\outputs\_trial_global_control_r0_p21 --gpu --plastic-state-out D:\Dav\CodeHub\Agent\male-fruit-fly-brain-map\bci\comp1\outputs\states\global_control_r0_p21.npz --plastic-state-in D:\Dav\CodeHub\Agent\male-fruit-fly-brain-map\bci\comp1\outputs\states\global_control_r0_p20.npz
circuit cache: HIT circuit-693698e48fa257ee3380.npz (0.9 s)
regions: ON  = visual_bilateral, ol_rest, central_brain, olfactory
regions: OFF = audition, gustatory, proprioception, thermal, touch, vnc, vpn_central   <-- pass --regions to enable
plastic-mb: KCM split 33398 KC->MBON pairs (lr=-2e-07)
mbon-dan-gain: MBMD split 349 GABA MBON->DAN pairs from CEN_C (gain=178; 154 DAN_err cells)
dan-gate: monitoring DAN_err compartment (154 cells) -> 154 neurons, tau=150 ms, gain=0.02, t_ref=400 ms
kernel cache: HIT kernels-03f7b25805ae69ff754e.npz (0.1 s)
visual input: dark -> 1 frames @ 60.0 fps, 3377 photoreceptors sampled
chem: CEN[KCg-m@L] -> 687 neurons (KCg-m@L), 1600 pA x 1 pulses
chem: CEN[KCg-m@R] -> 652 neurons (KCg-m@R), 1600 pA x 1 pulses
chem: CEN[DAN_err] -> 154 neurons (DAN_err), 800 pA x 1 pulses
chem: CEN[KCab-m@L] -> 307 neurons (KCab-m@L), 1600 pA x 1 pulses
chem: CEN[KCab-m@R] -> 223 neurons (KCab-m@R), 1600 pA x 1 pulses
chem: CEN[KCab-m@L] -> 307 neurons (KCab-m@L), 1600 pA x 1 pulses
chem: CEN[KCab-m@R] -> 223 neurons (KCab-m@R), 1600 pA x 1 pulses
chem: CEN[MBON*] -> 96 neurons (MBON01@R, MBON02@R, MBON03@R, MBON04@R...), -300 pA x 1 pulses
chem calibration: CEN_C recurrence gain -> 0.002 (chem-run working point, exp019)
simulating 5.0 s ...
plastic state IN KCM: w mean 0.1306 min 0.0300
GPU forward buffers: 256 records, 1367 MB on device
dan-gate: baseline r0 = 0.00 Hz
plastic result KCM: w_scale mean 0.1552 min 0.0300 floor-hit 0/33398 | elig max 38.4665
dan-gate: trace 10000 steps -> D:\Dav\CodeHub\Agent\male-fruit-fly-brain-map\bci\comp1\outputs\_trial_global_control_r0_p21\_dan_trace.npy | r max 32.0 Hz, r0 0.00 Hz, mod max 0.639, mod integral 1168.9 ms
biology loop: 55 s (5000 records)
phi_scalp checksum: L2=2.849858e-04 (baseline A/B file: D:\Dav\CodeHub\Agent\male-fruit-fly-brain-map\bci\comp1\outputs\_trial_global_control_r0_p21\_debug_phi_scalp.npy)
background EEG: fly signal 0.21 uV vs bg 11.33 uV at 156 deg -> d'=2 needs ~11284 trials (band 2-20 Hz: ~160502)
stim view frames: D:\Dav\CodeHub\Agent\male-fruit-fly-brain-map\bci\comp1\outputs\_trial_global_control_r0_p21\stim_frames.bin (0.0 MB)
wrote D:\Dav\CodeHub\Agent\male-fruit-fly-brain-map\bci\comp1\outputs\_trial_global_control_r0_p21\viz_data.json (5.2 MB)
[acquire] global_control_r0_p22: D:\Dav\CodeHub\Agent\male-fruit-fly-brain-map\viz\export_data.py --regions visual_bilateral,ol_rest,central_brain,olfactory --visual-input dark --chem-input dangateAB --plastic-mb --plastic-lr=-2e-7 --plastic-w0 0.03 --plastic-kcm-gain 0.015 --mbon-dan-gain 178 --plastic-dan-gate 150,0.02,400 --mbon-bias=-300 --t-end 5000.0 --seed 1094 --out D:\Dav\CodeHub\Agent\male-fruit-fly-brain-map\bci\comp1\outputs\_trial_global_control_r0_p22 --gpu --plastic-state-out D:\Dav\CodeHub\Agent\male-fruit-fly-brain-map\bci\comp1\outputs\states\global_control_r0_p22.npz --plastic-state-in D:\Dav\CodeHub\Agent\male-fruit-fly-brain-map\bci\comp1\outputs\states\global_control_r0_p21.npz
circuit cache: HIT circuit-693698e48fa257ee3380.npz (0.9 s)
regions: ON  = visual_bilateral, ol_rest, central_brain, olfactory
regions: OFF = audition, gustatory, proprioception, thermal, touch, vnc, vpn_central   <-- pass --regions to enable
plastic-mb: KCM split 33398 KC->MBON pairs (lr=-2e-07)
mbon-dan-gain: MBMD split 349 GABA MBON->DAN pairs from CEN_C (gain=178; 154 DAN_err cells)
dan-gate: monitoring DAN_err compartment (154 cells) -> 154 neurons, tau=150 ms, gain=0.02, t_ref=400 ms
kernel cache: HIT kernels-03f7b25805ae69ff754e.npz (0.1 s)
visual input: dark -> 1 frames @ 60.0 fps, 3377 photoreceptors sampled
chem: CEN[KCg-m@L] -> 687 neurons (KCg-m@L), 1600 pA x 1 pulses
chem: CEN[KCg-m@R] -> 652 neurons (KCg-m@R), 1600 pA x 1 pulses
chem: CEN[DAN_err] -> 154 neurons (DAN_err), 800 pA x 1 pulses
chem: CEN[KCab-m@L] -> 307 neurons (KCab-m@L), 1600 pA x 1 pulses
chem: CEN[KCab-m@R] -> 223 neurons (KCab-m@R), 1600 pA x 1 pulses
chem: CEN[KCab-m@L] -> 307 neurons (KCab-m@L), 1600 pA x 1 pulses
chem: CEN[KCab-m@R] -> 223 neurons (KCab-m@R), 1600 pA x 1 pulses
chem: CEN[MBON*] -> 96 neurons (MBON01@R, MBON02@R, MBON03@R, MBON04@R...), -300 pA x 1 pulses
chem calibration: CEN_C recurrence gain -> 0.002 (chem-run working point, exp019)
simulating 5.0 s ...
plastic state IN KCM: w mean 0.1552 min 0.0300
GPU forward buffers: 256 records, 1367 MB on device
dan-gate: baseline r0 = 0.00 Hz
plastic result KCM: w_scale mean 0.1769 min 0.0300 floor-hit 0/33398 | elig max 38.2342
dan-gate: trace 10000 steps -> D:\Dav\CodeHub\Agent\male-fruit-fly-brain-map\bci\comp1\outputs\_trial_global_control_r0_p22\_dan_trace.npy | r max 28.5 Hz, r0 0.00 Hz, mod max 0.570, mod integral 1024.5 ms
biology loop: 55 s (5000 records)
phi_scalp checksum: L2=2.813021e-04 (baseline A/B file: D:\Dav\CodeHub\Agent\male-fruit-fly-brain-map\bci\comp1\outputs\_trial_global_control_r0_p22\_debug_phi_scalp.npy)
background EEG: fly signal 0.20 uV vs bg 11.33 uV at 156 deg -> d'=2 needs ~13425 trials (band 2-20 Hz: ~157820)
stim view frames: D:\Dav\CodeHub\Agent\male-fruit-fly-brain-map\bci\comp1\outputs\_trial_global_control_r0_p22\stim_frames.bin (0.0 MB)
wrote D:\Dav\CodeHub\Agent\male-fruit-fly-brain-map\bci\comp1\outputs\_trial_global_control_r0_p22\viz_data.json (5.2 MB)
[acquire] global_control_r0_p23: D:\Dav\CodeHub\Agent\male-fruit-fly-brain-map\viz\export_data.py --regions visual_bilateral,ol_rest,central_brain,olfactory --visual-input dark --chem-input dangateAB --plastic-mb --plastic-lr=-2e-7 --plastic-w0 0.03 --plastic-kcm-gain 0.015 --mbon-dan-gain 178 --plastic-dan-gate 150,0.02,400 --mbon-bias=-300 --t-end 5000.0 --seed 1095 --out D:\Dav\CodeHub\Agent\male-fruit-fly-brain-map\bci\comp1\outputs\_trial_global_control_r0_p23 --gpu --plastic-state-out D:\Dav\CodeHub\Agent\male-fruit-fly-brain-map\bci\comp1\outputs\states\global_control_r0_p23.npz --plastic-state-in D:\Dav\CodeHub\Agent\male-fruit-fly-brain-map\bci\comp1\outputs\states\global_control_r0_p22.npz
circuit cache: HIT circuit-693698e48fa257ee3380.npz (0.9 s)
regions: ON  = visual_bilateral, ol_rest, central_brain, olfactory
regions: OFF = audition, gustatory, proprioception, thermal, touch, vnc, vpn_central   <-- pass --regions to enable
plastic-mb: KCM split 33398 KC->MBON pairs (lr=-2e-07)
mbon-dan-gain: MBMD split 349 GABA MBON->DAN pairs from CEN_C (gain=178; 154 DAN_err cells)
dan-gate: monitoring DAN_err compartment (154 cells) -> 154 neurons, tau=150 ms, gain=0.02, t_ref=400 ms
kernel cache: HIT kernels-03f7b25805ae69ff754e.npz (0.1 s)
visual input: dark -> 1 frames @ 60.0 fps, 3377 photoreceptors sampled
chem: CEN[KCg-m@L] -> 687 neurons (KCg-m@L), 1600 pA x 1 pulses
chem: CEN[KCg-m@R] -> 652 neurons (KCg-m@R), 1600 pA x 1 pulses
chem: CEN[DAN_err] -> 154 neurons (DAN_err), 800 pA x 1 pulses
chem: CEN[KCab-m@L] -> 307 neurons (KCab-m@L), 1600 pA x 1 pulses
chem: CEN[KCab-m@R] -> 223 neurons (KCab-m@R), 1600 pA x 1 pulses
chem: CEN[KCab-m@L] -> 307 neurons (KCab-m@L), 1600 pA x 1 pulses
chem: CEN[KCab-m@R] -> 223 neurons (KCab-m@R), 1600 pA x 1 pulses
chem: CEN[MBON*] -> 96 neurons (MBON01@R, MBON02@R, MBON03@R, MBON04@R...), -300 pA x 1 pulses
chem calibration: CEN_C recurrence gain -> 0.002 (chem-run working point, exp019)
simulating 5.0 s ...
plastic state IN KCM: w mean 0.1769 min 0.0300
GPU forward buffers: 256 records, 1367 MB on device
dan-gate: baseline r0 = 0.00 Hz
plastic result KCM: w_scale mean 0.1931 min 0.0300 floor-hit 0/33398 | elig max 38.8293
dan-gate: trace 10000 steps -> D:\Dav\CodeHub\Agent\male-fruit-fly-brain-map\bci\comp1\outputs\_trial_global_control_r0_p23\_dan_trace.npy | r max 22.0 Hz, r0 0.00 Hz, mod max 0.441, mod integral 774.8 ms
biology loop: 59 s (5000 records)
phi_scalp checksum: L2=3.205309e-04 (baseline A/B file: D:\Dav\CodeHub\Agent\male-fruit-fly-brain-map\bci\comp1\outputs\_trial_global_control_r0_p23\_debug_phi_scalp.npy)
background EEG: fly signal 0.14 uV vs bg 11.33 uV at 156 deg -> d'=2 needs ~27083 trials (band 2-20 Hz: ~121652)
stim view frames: D:\Dav\CodeHub\Agent\male-fruit-fly-brain-map\bci\comp1\outputs\_trial_global_control_r0_p23\stim_frames.bin (0.0 MB)
wrote D:\Dav\CodeHub\Agent\male-fruit-fly-brain-map\bci\comp1\outputs\_trial_global_control_r0_p23\viz_data.json (5.2 MB)
[acquire] global_control_r0_p24: D:\Dav\CodeHub\Agent\male-fruit-fly-brain-map\viz\export_data.py --regions visual_bilateral,ol_rest,central_brain,olfactory --visual-input dark --chem-input dangateAB --plastic-mb --plastic-lr=-2e-7 --plastic-w0 0.03 --plastic-kcm-gain 0.015 --mbon-dan-gain 178 --plastic-dan-gate 150,0.02,400 --mbon-bias=-300 --t-end 5000.0 --seed 1096 --out D:\Dav\CodeHub\Agent\male-fruit-fly-brain-map\bci\comp1\outputs\_trial_global_control_r0_p24 --gpu --plastic-state-out D:\Dav\CodeHub\Agent\male-fruit-fly-brain-map\bci\comp1\outputs\states\global_control_r0_p24.npz --plastic-state-in D:\Dav\CodeHub\Agent\male-fruit-fly-brain-map\bci\comp1\outputs\states\global_control_r0_p23.npz
circuit cache: HIT circuit-693698e48fa257ee3380.npz (0.9 s)
regions: ON  = visual_bilateral, ol_rest, central_brain, olfactory
regions: OFF = audition, gustatory, proprioception, thermal, touch, vnc, vpn_central   <-- pass --regions to enable
plastic-mb: KCM split 33398 KC->MBON pairs (lr=-2e-07)
mbon-dan-gain: MBMD split 349 GABA MBON->DAN pairs from CEN_C (gain=178; 154 DAN_err cells)
dan-gate: monitoring DAN_err compartment (154 cells) -> 154 neurons, tau=150 ms, gain=0.02, t_ref=400 ms
kernel cache: HIT kernels-03f7b25805ae69ff754e.npz (0.1 s)
visual input: dark -> 1 frames @ 60.0 fps, 3377 photoreceptors sampled
chem: CEN[KCg-m@L] -> 687 neurons (KCg-m@L), 1600 pA x 1 pulses
chem: CEN[KCg-m@R] -> 652 neurons (KCg-m@R), 1600 pA x 1 pulses
chem: CEN[DAN_err] -> 154 neurons (DAN_err), 800 pA x 1 pulses
chem: CEN[KCab-m@L] -> 307 neurons (KCab-m@L), 1600 pA x 1 pulses
chem: CEN[KCab-m@R] -> 223 neurons (KCab-m@R), 1600 pA x 1 pulses
chem: CEN[KCab-m@L] -> 307 neurons (KCab-m@L), 1600 pA x 1 pulses
chem: CEN[KCab-m@R] -> 223 neurons (KCab-m@R), 1600 pA x 1 pulses
chem: CEN[MBON*] -> 96 neurons (MBON01@R, MBON02@R, MBON03@R, MBON04@R...), -300 pA x 1 pulses
chem calibration: CEN_C recurrence gain -> 0.002 (chem-run working point, exp019)
simulating 5.0 s ...
plastic state IN KCM: w mean 0.1931 min 0.0300
GPU forward buffers: 256 records, 1367 MB on device
dan-gate: baseline r0 = 0.00 Hz
plastic result KCM: w_scale mean 0.2081 min 0.0300 floor-hit 0/33398 | elig max 38.7811
dan-gate: trace 10000 steps -> D:\Dav\CodeHub\Agent\male-fruit-fly-brain-map\bci\comp1\outputs\_trial_global_control_r0_p24\_dan_trace.npy | r max 18.6 Hz, r0 0.00 Hz, mod max 0.371, mod integral 709.1 ms
biology loop: 59 s (5000 records)
phi_scalp checksum: L2=3.316915e-04 (baseline A/B file: D:\Dav\CodeHub\Agent\male-fruit-fly-brain-map\bci\comp1\outputs\_trial_global_control_r0_p24\_debug_phi_scalp.npy)
background EEG: fly signal 0.14 uV vs bg 11.33 uV at 156 deg -> d'=2 needs ~24331 trials (band 2-20 Hz: ~167379)
stim view frames: D:\Dav\CodeHub\Agent\male-fruit-fly-brain-map\bci\comp1\outputs\_trial_global_control_r0_p24\stim_frames.bin (0.0 MB)
wrote D:\Dav\CodeHub\Agent\male-fruit-fly-brain-map\bci\comp1\outputs\_trial_global_control_r0_p24\viz_data.json (5.2 MB)
[acquire] global_control_r0_p25: D:\Dav\CodeHub\Agent\male-fruit-fly-brain-map\viz\export_data.py --regions visual_bilateral,ol_rest,central_brain,olfactory --visual-input dark --chem-input dangateAB --plastic-mb --plastic-lr=-2e-7 --plastic-w0 0.03 --plastic-kcm-gain 0.015 --mbon-dan-gain 178 --plastic-dan-gate 150,0.02,400 --mbon-bias=-300 --t-end 5000.0 --seed 1097 --out D:\Dav\CodeHub\Agent\male-fruit-fly-brain-map\bci\comp1\outputs\_trial_global_control_r0_p25 --gpu --plastic-state-out D:\Dav\CodeHub\Agent\male-fruit-fly-brain-map\bci\comp1\outputs\states\global_control_r0_p25.npz --plastic-state-in D:\Dav\CodeHub\Agent\male-fruit-fly-brain-map\bci\comp1\outputs\states\global_control_r0_p24.npz
circuit cache: HIT circuit-693698e48fa257ee3380.npz (0.9 s)
regions: ON  = visual_bilateral, ol_rest, central_brain, olfactory
regions: OFF = audition, gustatory, proprioception, thermal, touch, vnc, vpn_central   <-- pass --regions to enable
plastic-mb: KCM split 33398 KC->MBON pairs (lr=-2e-07)
mbon-dan-gain: MBMD split 349 GABA MBON->DAN pairs from CEN_C (gain=178; 154 DAN_err cells)
dan-gate: monitoring DAN_err compartment (154 cells) -> 154 neurons, tau=150 ms, gain=0.02, t_ref=400 ms
kernel cache: HIT kernels-03f7b25805ae69ff754e.npz (0.1 s)
visual input: dark -> 1 frames @ 60.0 fps, 3377 photoreceptors sampled
chem: CEN[KCg-m@L] -> 687 neurons (KCg-m@L), 1600 pA x 1 pulses
chem: CEN[KCg-m@R] -> 652 neurons (KCg-m@R), 1600 pA x 1 pulses
chem: CEN[DAN_err] -> 154 neurons (DAN_err), 800 pA x 1 pulses
chem: CEN[KCab-m@L] -> 307 neurons (KCab-m@L), 1600 pA x 1 pulses
chem: CEN[KCab-m@R] -> 223 neurons (KCab-m@R), 1600 pA x 1 pulses
chem: CEN[KCab-m@L] -> 307 neurons (KCab-m@L), 1600 pA x 1 pulses
chem: CEN[KCab-m@R] -> 223 neurons (KCab-m@R), 1600 pA x 1 pulses
chem: CEN[MBON*] -> 96 neurons (MBON01@R, MBON02@R, MBON03@R, MBON04@R...), -300 pA x 1 pulses
chem calibration: CEN_C recurrence gain -> 0.002 (chem-run working point, exp019)
simulating 5.0 s ...
plastic state IN KCM: w mean 0.2081 min 0.0300
GPU forward buffers: 256 records, 1367 MB on device
dan-gate: baseline r0 = 0.00 Hz
plastic result KCM: w_scale mean 0.2226 min 0.0300 floor-hit 0/33398 | elig max 38.7102
dan-gate: trace 10000 steps -> D:\Dav\CodeHub\Agent\male-fruit-fly-brain-map\bci\comp1\outputs\_trial_global_control_r0_p25\_dan_trace.npy | r max 17.6 Hz, r0 0.00 Hz, mod max 0.352, mod integral 686.8 ms
biology loop: 58 s (5000 records)
phi_scalp checksum: L2=3.288951e-04 (baseline A/B file: D:\Dav\CodeHub\Agent\male-fruit-fly-brain-map\bci\comp1\outputs\_trial_global_control_r0_p25\_debug_phi_scalp.npy)
background EEG: fly signal 0.13 uV vs bg 11.33 uV at 156 deg -> d'=2 needs ~29121 trials (band 2-20 Hz: ~166395)
stim view frames: D:\Dav\CodeHub\Agent\male-fruit-fly-brain-map\bci\comp1\outputs\_trial_global_control_r0_p25\stim_frames.bin (0.0 MB)
wrote D:\Dav\CodeHub\Agent\male-fruit-fly-brain-map\bci\comp1\outputs\_trial_global_control_r0_p25\viz_data.json (5.2 MB)
[acquire] comp_blocked_r0_p10: D:\Dav\CodeHub\Agent\male-fruit-fly-brain-map\viz\export_data.py --regions visual_bilateral,ol_rest,central_brain,olfactory --visual-input dark --chem-input compA --plastic-mb --plastic-lr=-2e-7 --plastic-w0 0.03 --plastic-kcm-gain 0.015 --mbon-dan-gain 178 --plastic-dan-gate 150,0.16,400 --mbon-bias=-300 --t-end 5000.0 --seed 1042 --out D:\Dav\CodeHub\Agent\male-fruit-fly-brain-map\bci\comp1\outputs\_trial_comp_blocked_r0_p10 --gpu --plastic-state-out D:\Dav\CodeHub\Agent\male-fruit-fly-brain-map\bci\comp1\outputs\states\comp_blocked_r0_p10.npz --plastic-comp-reward PAM07*
circuit cache: HIT circuit-693698e48fa257ee3380.npz (0.9 s)
regions: ON  = visual_bilateral, ol_rest, central_brain, olfactory
regions: OFF = audition, gustatory, proprioception, thermal, touch, vnc, vpn_central   <-- pass --regions to enable
plastic-mb: KCM split 33398 KC->MBON pairs (lr=-2e-07)
mbon-dan-gain: MBMD split 349 GABA MBON->DAN pairs from CEN_C (gain=178; 154 DAN_err cells)
comp-reward: PAM07* -> 14 DAN cells, 14 feedback MBONs
dan-gate: monitoring compartment PAM07* (14 cells) -> 14 neurons, tau=150 ms, gain=0.16, t_ref=400 ms; comp gate 4582/33398 edges
kernel cache: HIT kernels-03f7b25805ae69ff754e.npz (0.1 s)
visual input: dark -> 1 frames @ 60.0 fps, 3377 photoreceptors sampled
chem: CEN[KCg-m@L] -> 687 neurons (KCg-m@L), 1600 pA x 1 pulses
chem: CEN[KCg-m@R] -> 652 neurons (KCg-m@R), 1600 pA x 1 pulses
chem: CEN[PAM07*] -> 14 neurons (PAM07@L, PAM07@R), 800 pA x 1 pulses
chem: CEN[KCg-m@L] -> 687 neurons (KCg-m@L), 1600 pA x 1 pulses
chem: CEN[KCg-m@R] -> 652 neurons (KCg-m@R), 1600 pA x 1 pulses
chem: CEN[MBON*] -> 96 neurons (MBON01@R, MBON02@R, MBON03@R, MBON04@R...), -300 pA x 1 pulses
chem calibration: CEN_C recurrence gain -> 0.002 (chem-run working point, exp019)
simulating 5.0 s ...
GPU forward buffers: 256 records, 1367 MB on device
dan-gate: baseline r0 = 0.00 Hz
plastic result KCM: w_scale mean 0.0302 min 0.0300 floor-hit 0/33398 | elig max 39.6483
dan-gate: trace 10000 steps -> D:\Dav\CodeHub\Agent\male-fruit-fly-brain-map\bci\comp1\outputs\_trial_comp_blocked_r0_p10\_dan_trace.npy | r max 6.3 Hz, r0 0.00 Hz, mod max 1.000, mod integral 160.0 ms
biology loop: 57 s (5000 records)
phi_scalp checksum: L2=3.006069e-04 (baseline A/B file: D:\Dav\CodeHub\Agent\male-fruit-fly-brain-map\bci\comp1\outputs\_trial_comp_blocked_r0_p10\_debug_phi_scalp.npy)
background EEG: fly signal 0.27 uV vs bg 11.33 uV at 156 deg -> d'=2 needs ~6935 trials (band 2-20 Hz: ~89237)
stim view frames: D:\Dav\CodeHub\Agent\male-fruit-fly-brain-map\bci\comp1\outputs\_trial_comp_blocked_r0_p10\stim_frames.bin (0.0 MB)
wrote D:\Dav\CodeHub\Agent\male-fruit-fly-brain-map\bci\comp1\outputs\_trial_comp_blocked_r0_p10\viz_data.json (5.2 MB)
[acquire] comp_blocked_r0_p11: D:\Dav\CodeHub\Agent\male-fruit-fly-brain-map\viz\export_data.py --regions visual_bilateral,ol_rest,central_brain,olfactory --visual-input dark --chem-input compA --plastic-mb --plastic-lr=-2e-7 --plastic-w0 0.03 --plastic-kcm-gain 0.015 --mbon-dan-gain 178 --plastic-dan-gate 150,0.16,400 --mbon-bias=-300 --t-end 5000.0 --seed 1043 --out D:\Dav\CodeHub\Agent\male-fruit-fly-brain-map\bci\comp1\outputs\_trial_comp_blocked_r0_p11 --gpu --plastic-state-out D:\Dav\CodeHub\Agent\male-fruit-fly-brain-map\bci\comp1\outputs\states\comp_blocked_r0_p11.npz --plastic-comp-reward PAM07* --plastic-state-in D:\Dav\CodeHub\Agent\male-fruit-fly-brain-map\bci\comp1\outputs\states\comp_blocked_r0_p10.npz
circuit cache: HIT circuit-693698e48fa257ee3380.npz (0.9 s)
regions: ON  = visual_bilateral, ol_rest, central_brain, olfactory
regions: OFF = audition, gustatory, proprioception, thermal, touch, vnc, vpn_central   <-- pass --regions to enable
plastic-mb: KCM split 33398 KC->MBON pairs (lr=-2e-07)
mbon-dan-gain: MBMD split 349 GABA MBON->DAN pairs from CEN_C (gain=178; 154 DAN_err cells)
comp-reward: PAM07* -> 14 DAN cells, 14 feedback MBONs
dan-gate: monitoring compartment PAM07* (14 cells) -> 14 neurons, tau=150 ms, gain=0.16, t_ref=400 ms; comp gate 4582/33398 edges
kernel cache: HIT kernels-03f7b25805ae69ff754e.npz (0.1 s)
visual input: dark -> 1 frames @ 60.0 fps, 3377 photoreceptors sampled
chem: CEN[KCg-m@L] -> 687 neurons (KCg-m@L), 1600 pA x 1 pulses
chem: CEN[KCg-m@R] -> 652 neurons (KCg-m@R), 1600 pA x 1 pulses
chem: CEN[PAM07*] -> 14 neurons (PAM07@L, PAM07@R), 800 pA x 1 pulses
chem: CEN[KCg-m@L] -> 687 neurons (KCg-m@L), 1600 pA x 1 pulses
chem: CEN[KCg-m@R] -> 652 neurons (KCg-m@R), 1600 pA x 1 pulses
chem: CEN[MBON*] -> 96 neurons (MBON01@R, MBON02@R, MBON03@R, MBON04@R...), -300 pA x 1 pulses
chem calibration: CEN_C recurrence gain -> 0.002 (chem-run working point, exp019)
simulating 5.0 s ...
plastic state IN KCM: w mean 0.0302 min 0.0300
GPU forward buffers: 256 records, 1367 MB on device
dan-gate: baseline r0 = 0.00 Hz
plastic result KCM: w_scale mean 0.0305 min 0.0300 floor-hit 0/33398 | elig max 39.5834
dan-gate: trace 10000 steps -> D:\Dav\CodeHub\Agent\male-fruit-fly-brain-map\bci\comp1\outputs\_trial_comp_blocked_r0_p11\_dan_trace.npy | r max 7.7 Hz, r0 0.00 Hz, mod max 1.000, mod integral 190.6 ms
biology loop: 58 s (5000 records)
phi_scalp checksum: L2=3.007221e-04 (baseline A/B file: D:\Dav\CodeHub\Agent\male-fruit-fly-brain-map\bci\comp1\outputs\_trial_comp_blocked_r0_p11\_debug_phi_scalp.npy)
background EEG: fly signal 0.27 uV vs bg 11.33 uV at 156 deg -> d'=2 needs ~6933 trials (band 2-20 Hz: ~90277)
stim view frames: D:\Dav\CodeHub\Agent\male-fruit-fly-brain-map\bci\comp1\outputs\_trial_comp_blocked_r0_p11\stim_frames.bin (0.0 MB)
wrote D:\Dav\CodeHub\Agent\male-fruit-fly-brain-map\bci\comp1\outputs\_trial_comp_blocked_r0_p11\viz_data.json (5.2 MB)
[acquire] comp_blocked_r0_p12: D:\Dav\CodeHub\Agent\male-fruit-fly-brain-map\viz\export_data.py --regions visual_bilateral,ol_rest,central_brain,olfactory --visual-input dark --chem-input compA --plastic-mb --plastic-lr=-2e-7 --plastic-w0 0.03 --plastic-kcm-gain 0.015 --mbon-dan-gain 178 --plastic-dan-gate 150,0.16,400 --mbon-bias=-300 --t-end 5000.0 --seed 1044 --out D:\Dav\CodeHub\Agent\male-fruit-fly-brain-map\bci\comp1\outputs\_trial_comp_blocked_r0_p12 --gpu --plastic-state-out D:\Dav\CodeHub\Agent\male-fruit-fly-brain-map\bci\comp1\outputs\states\comp_blocked_r0_p12.npz --plastic-comp-reward PAM07* --plastic-state-in D:\Dav\CodeHub\Agent\male-fruit-fly-brain-map\bci\comp1\outputs\states\comp_blocked_r0_p11.npz
circuit cache: HIT circuit-693698e48fa257ee3380.npz (0.9 s)
regions: ON  = visual_bilateral, ol_rest, central_brain, olfactory
regions: OFF = audition, gustatory, proprioception, thermal, touch, vnc, vpn_central   <-- pass --regions to enable
plastic-mb: KCM split 33398 KC->MBON pairs (lr=-2e-07)
mbon-dan-gain: MBMD split 349 GABA MBON->DAN pairs from CEN_C (gain=178; 154 DAN_err cells)
comp-reward: PAM07* -> 14 DAN cells, 14 feedback MBONs
dan-gate: monitoring compartment PAM07* (14 cells) -> 14 neurons, tau=150 ms, gain=0.16, t_ref=400 ms; comp gate 4582/33398 edges
kernel cache: HIT kernels-03f7b25805ae69ff754e.npz (0.1 s)
visual input: dark -> 1 frames @ 60.0 fps, 3377 photoreceptors sampled
chem: CEN[KCg-m@L] -> 687 neurons (KCg-m@L), 1600 pA x 1 pulses
chem: CEN[KCg-m@R] -> 652 neurons (KCg-m@R), 1600 pA x 1 pulses
chem: CEN[PAM07*] -> 14 neurons (PAM07@L, PAM07@R), 800 pA x 1 pulses
chem: CEN[KCg-m@L] -> 687 neurons (KCg-m@L), 1600 pA x 1 pulses
chem: CEN[KCg-m@R] -> 652 neurons (KCg-m@R), 1600 pA x 1 pulses
chem: CEN[MBON*] -> 96 neurons (MBON01@R, MBON02@R, MBON03@R, MBON04@R...), -300 pA x 1 pulses
chem calibration: CEN_C recurrence gain -> 0.002 (chem-run working point, exp019)
simulating 5.0 s ...
plastic state IN KCM: w mean 0.0305 min 0.0300
GPU forward buffers: 256 records, 1367 MB on device
dan-gate: baseline r0 = 0.00 Hz
plastic result KCM: w_scale mean 0.0307 min 0.0300 floor-hit 0/33398 | elig max 39.6536
dan-gate: trace 10000 steps -> D:\Dav\CodeHub\Agent\male-fruit-fly-brain-map\bci\comp1\outputs\_trial_comp_blocked_r0_p12\_dan_trace.npy | r max 6.4 Hz, r0 0.00 Hz, mod max 1.000, mod integral 160.0 ms
biology loop: 58 s (5000 records)
phi_scalp checksum: L2=3.005906e-04 (baseline A/B file: D:\Dav\CodeHub\Agent\male-fruit-fly-brain-map\bci\comp1\outputs\_trial_comp_blocked_r0_p12\_debug_phi_scalp.npy)
background EEG: fly signal 0.27 uV vs bg 11.33 uV at 156 deg -> d'=2 needs ~6982 trials (band 2-20 Hz: ~89322)
stim view frames: D:\Dav\CodeHub\Agent\male-fruit-fly-brain-map\bci\comp1\outputs\_trial_comp_blocked_r0_p12\stim_frames.bin (0.0 MB)
wrote D:\Dav\CodeHub\Agent\male-fruit-fly-brain-map\bci\comp1\outputs\_trial_comp_blocked_r0_p12\viz_data.json (5.2 MB)
[acquire] comp_blocked_r0_p13: D:\Dav\CodeHub\Agent\male-fruit-fly-brain-map\viz\export_data.py --regions visual_bilateral,ol_rest,central_brain,olfactory --visual-input dark --chem-input compA --plastic-mb --plastic-lr=-2e-7 --plastic-w0 0.03 --plastic-kcm-gain 0.015 --mbon-dan-gain 178 --plastic-dan-gate 150,0.16,400 --mbon-bias=-300 --t-end 5000.0 --seed 1045 --out D:\Dav\CodeHub\Agent\male-fruit-fly-brain-map\bci\comp1\outputs\_trial_comp_blocked_r0_p13 --gpu --plastic-state-out D:\Dav\CodeHub\Agent\male-fruit-fly-brain-map\bci\comp1\outputs\states\comp_blocked_r0_p13.npz --plastic-comp-reward PAM07* --plastic-state-in D:\Dav\CodeHub\Agent\male-fruit-fly-brain-map\bci\comp1\outputs\states\comp_blocked_r0_p12.npz
circuit cache: HIT circuit-693698e48fa257ee3380.npz (1.8 s)
regions: ON  = visual_bilateral, ol_rest, central_brain, olfactory
regions: OFF = audition, gustatory, proprioception, thermal, touch, vnc, vpn_central   <-- pass --regions to enable
plastic-mb: KCM split 33398 KC->MBON pairs (lr=-2e-07)
mbon-dan-gain: MBMD split 349 GABA MBON->DAN pairs from CEN_C (gain=178; 154 DAN_err cells)
comp-reward: PAM07* -> 14 DAN cells, 14 feedback MBONs
dan-gate: monitoring compartment PAM07* (14 cells) -> 14 neurons, tau=150 ms, gain=0.16, t_ref=400 ms; comp gate 4582/33398 edges
kernel cache: HIT kernels-03f7b25805ae69ff754e.npz (1.5 s)
visual input: dark -> 1 frames @ 60.0 fps, 3377 photoreceptors sampled
chem: CEN[KCg-m@L] -> 687 neurons (KCg-m@L), 1600 pA x 1 pulses
chem: CEN[KCg-m@R] -> 652 neurons (KCg-m@R), 1600 pA x 1 pulses
chem: CEN[PAM07*] -> 14 neurons (PAM07@L, PAM07@R), 800 pA x 1 pulses
chem: CEN[KCg-m@L] -> 687 neurons (KCg-m@L), 1600 pA x 1 pulses
chem: CEN[KCg-m@R] -> 652 neurons (KCg-m@R), 1600 pA x 1 pulses
chem: CEN[MBON*] -> 96 neurons (MBON01@R, MBON02@R, MBON03@R, MBON04@R...), -300 pA x 1 pulses
chem calibration: CEN_C recurrence gain -> 0.002 (chem-run working point, exp019)
simulating 5.0 s ...
plastic state IN KCM: w mean 0.0307 min 0.0300
GPU forward buffers: 256 records, 1367 MB on device
dan-gate: baseline r0 = 0.00 Hz
plastic result KCM: w_scale mean 0.0310 min 0.0300 floor-hit 0/33398 | elig max 39.6783
dan-gate: trace 10000 steps -> D:\Dav\CodeHub\Agent\male-fruit-fly-brain-map\bci\comp1\outputs\_trial_comp_blocked_r0_p13\_dan_trace.npy | r max 7.3 Hz, r0 0.00 Hz, mod max 1.000, mod integral 180.7 ms
biology loop: 57 s (5000 records)
phi_scalp checksum: L2=3.002454e-04 (baseline A/B file: D:\Dav\CodeHub\Agent\male-fruit-fly-brain-map\bci\comp1\outputs\_trial_comp_blocked_r0_p13\_debug_phi_scalp.npy)
background EEG: fly signal 0.27 uV vs bg 11.33 uV at 156 deg -> d'=2 needs ~7017 trials (band 2-20 Hz: ~89477)
stim view frames: D:\Dav\CodeHub\Agent\male-fruit-fly-brain-map\bci\comp1\outputs\_trial_comp_blocked_r0_p13\stim_frames.bin (0.0 MB)
wrote D:\Dav\CodeHub\Agent\male-fruit-fly-brain-map\bci\comp1\outputs\_trial_comp_blocked_r0_p13\viz_data.json (5.2 MB)
[acquire] comp_blocked_r0_p20: D:\Dav\CodeHub\Agent\male-fruit-fly-brain-map\viz\export_data.py --regions visual_bilateral,ol_rest,central_brain,olfactory --visual-input dark --chem-input compAB --plastic-mb --plastic-lr=-2e-7 --plastic-w0 0.03 --plastic-kcm-gain 0.015 --mbon-dan-gain 178 --plastic-dan-gate 150,0.16,400 --mbon-bias=-300 --t-end 5000.0 --seed 1042 --out D:\Dav\CodeHub\Agent\male-fruit-fly-brain-map\bci\comp1\outputs\_trial_comp_blocked_r0_p20 --gpu --plastic-state-out D:\Dav\CodeHub\Agent\male-fruit-fly-brain-map\bci\comp1\outputs\states\comp_blocked_r0_p20.npz --plastic-comp-reward PAM07* --plastic-state-in D:\Dav\CodeHub\Agent\male-fruit-fly-brain-map\bci\comp1\outputs\states\comp_blocked_r0_p13.npz
circuit cache: HIT circuit-693698e48fa257ee3380.npz (0.9 s)
regions: ON  = visual_bilateral, ol_rest, central_brain, olfactory
regions: OFF = audition, gustatory, proprioception, thermal, touch, vnc, vpn_central   <-- pass --regions to enable
plastic-mb: KCM split 33398 KC->MBON pairs (lr=-2e-07)
mbon-dan-gain: MBMD split 349 GABA MBON->DAN pairs from CEN_C (gain=178; 154 DAN_err cells)
comp-reward: PAM07* -> 14 DAN cells, 14 feedback MBONs
dan-gate: monitoring compartment PAM07* (14 cells) -> 14 neurons, tau=150 ms, gain=0.16, t_ref=400 ms; comp gate 4582/33398 edges
kernel cache: HIT kernels-03f7b25805ae69ff754e.npz (0.1 s)
visual input: dark -> 1 frames @ 60.0 fps, 3377 photoreceptors sampled
chem: CEN[KCg-m@L] -> 687 neurons (KCg-m@L), 1600 pA x 1 pulses
chem: CEN[KCg-m@R] -> 652 neurons (KCg-m@R), 1600 pA x 1 pulses
chem: CEN[PAM07*] -> 14 neurons (PAM07@L, PAM07@R), 800 pA x 1 pulses
chem: CEN[KCab-m@L] -> 307 neurons (KCab-m@L), 1600 pA x 1 pulses
chem: CEN[KCab-m@R] -> 223 neurons (KCab-m@R), 1600 pA x 1 pulses
chem: CEN[KCab-m@L] -> 307 neurons (KCab-m@L), 1600 pA x 1 pulses
chem: CEN[KCab-m@R] -> 223 neurons (KCab-m@R), 1600 pA x 1 pulses
chem: CEN[MBON*] -> 96 neurons (MBON01@R, MBON02@R, MBON03@R, MBON04@R...), -300 pA x 1 pulses
chem calibration: CEN_C recurrence gain -> 0.002 (chem-run working point, exp019)
simulating 5.0 s ...
plastic state IN KCM: w mean 0.0310 min 0.0300
GPU forward buffers: 256 records, 1367 MB on device
dan-gate: baseline r0 = 0.00 Hz
plastic result KCM: w_scale mean 0.0312 min 0.0300 floor-hit 0/33398 | elig max 38.2698
dan-gate: trace 10000 steps -> D:\Dav\CodeHub\Agent\male-fruit-fly-brain-map\bci\comp1\outputs\_trial_comp_blocked_r0_p20\_dan_trace.npy | r max 5.5 Hz, r0 0.00 Hz, mod max 0.879, mod integral 137.1 ms
biology loop: 56 s (5000 records)
phi_scalp checksum: L2=2.925808e-04 (baseline A/B file: D:\Dav\CodeHub\Agent\male-fruit-fly-brain-map\bci\comp1\outputs\_trial_comp_blocked_r0_p20\_debug_phi_scalp.npy)
background EEG: fly signal 0.25 uV vs bg 11.33 uV at 156 deg -> d'=2 needs ~8360 trials (band 2-20 Hz: ~167968)
stim view frames: D:\Dav\CodeHub\Agent\male-fruit-fly-brain-map\bci\comp1\outputs\_trial_comp_blocked_r0_p20\stim_frames.bin (0.0 MB)
wrote D:\Dav\CodeHub\Agent\male-fruit-fly-brain-map\bci\comp1\outputs\_trial_comp_blocked_r0_p20\viz_data.json (5.2 MB)
[acquire] comp_blocked_r0_p21: D:\Dav\CodeHub\Agent\male-fruit-fly-brain-map\viz\export_data.py --regions visual_bilateral,ol_rest,central_brain,olfactory --visual-input dark --chem-input compAB --plastic-mb --plastic-lr=-2e-7 --plastic-w0 0.03 --plastic-kcm-gain 0.015 --mbon-dan-gain 178 --plastic-dan-gate 150,0.16,400 --mbon-bias=-300 --t-end 5000.0 --seed 1043 --out D:\Dav\CodeHub\Agent\male-fruit-fly-brain-map\bci\comp1\outputs\_trial_comp_blocked_r0_p21 --gpu --plastic-state-out D:\Dav\CodeHub\Agent\male-fruit-fly-brain-map\bci\comp1\outputs\states\comp_blocked_r0_p21.npz --plastic-comp-reward PAM07* --plastic-state-in D:\Dav\CodeHub\Agent\male-fruit-fly-brain-map\bci\comp1\outputs\states\comp_blocked_r0_p20.npz
circuit cache: HIT circuit-693698e48fa257ee3380.npz (0.9 s)
regions: ON  = visual_bilateral, ol_rest, central_brain, olfactory
regions: OFF = audition, gustatory, proprioception, thermal, touch, vnc, vpn_central   <-- pass --regions to enable
plastic-mb: KCM split 33398 KC->MBON pairs (lr=-2e-07)
mbon-dan-gain: MBMD split 349 GABA MBON->DAN pairs from CEN_C (gain=178; 154 DAN_err cells)
comp-reward: PAM07* -> 14 DAN cells, 14 feedback MBONs
dan-gate: monitoring compartment PAM07* (14 cells) -> 14 neurons, tau=150 ms, gain=0.16, t_ref=400 ms; comp gate 4582/33398 edges
kernel cache: HIT kernels-03f7b25805ae69ff754e.npz (0.1 s)
visual input: dark -> 1 frames @ 60.0 fps, 3377 photoreceptors sampled
chem: CEN[KCg-m@L] -> 687 neurons (KCg-m@L), 1600 pA x 1 pulses
chem: CEN[KCg-m@R] -> 652 neurons (KCg-m@R), 1600 pA x 1 pulses
chem: CEN[PAM07*] -> 14 neurons (PAM07@L, PAM07@R), 800 pA x 1 pulses
chem: CEN[KCab-m@L] -> 307 neurons (KCab-m@L), 1600 pA x 1 pulses
chem: CEN[KCab-m@R] -> 223 neurons (KCab-m@R), 1600 pA x 1 pulses
chem: CEN[KCab-m@L] -> 307 neurons (KCab-m@L), 1600 pA x 1 pulses
chem: CEN[KCab-m@R] -> 223 neurons (KCab-m@R), 1600 pA x 1 pulses
chem: CEN[MBON*] -> 96 neurons (MBON01@R, MBON02@R, MBON03@R, MBON04@R...), -300 pA x 1 pulses
chem calibration: CEN_C recurrence gain -> 0.002 (chem-run working point, exp019)
simulating 5.0 s ...
plastic state IN KCM: w mean 0.0312 min 0.0300
GPU forward buffers: 256 records, 1367 MB on device
dan-gate: baseline r0 = 0.00 Hz
plastic result KCM: w_scale mean 0.0314 min 0.0300 floor-hit 0/33398 | elig max 38.3236
dan-gate: trace 10000 steps -> D:\Dav\CodeHub\Agent\male-fruit-fly-brain-map\bci\comp1\outputs\_trial_comp_blocked_r0_p21\_dan_trace.npy | r max 6.4 Hz, r0 0.00 Hz, mod max 1.000, mod integral 159.9 ms
biology loop: 56 s (5000 records)
phi_scalp checksum: L2=2.926636e-04 (baseline A/B file: D:\Dav\CodeHub\Agent\male-fruit-fly-brain-map\bci\comp1\outputs\_trial_comp_blocked_r0_p21\_debug_phi_scalp.npy)
background EEG: fly signal 0.25 uV vs bg 11.33 uV at 156 deg -> d'=2 needs ~8337 trials (band 2-20 Hz: ~166224)
stim view frames: D:\Dav\CodeHub\Agent\male-fruit-fly-brain-map\bci\comp1\outputs\_trial_comp_blocked_r0_p21\stim_frames.bin (0.0 MB)
wrote D:\Dav\CodeHub\Agent\male-fruit-fly-brain-map\bci\comp1\outputs\_trial_comp_blocked_r0_p21\viz_data.json (5.2 MB)
[acquire] comp_blocked_r0_p22: D:\Dav\CodeHub\Agent\male-fruit-fly-brain-map\viz\export_data.py --regions visual_bilateral,ol_rest,central_brain,olfactory --visual-input dark --chem-input compAB --plastic-mb --plastic-lr=-2e-7 --plastic-w0 0.03 --plastic-kcm-gain 0.015 --mbon-dan-gain 178 --plastic-dan-gate 150,0.16,400 --mbon-bias=-300 --t-end 5000.0 --seed 1044 --out D:\Dav\CodeHub\Agent\male-fruit-fly-brain-map\bci\comp1\outputs\_trial_comp_blocked_r0_p22 --gpu --plastic-state-out D:\Dav\CodeHub\Agent\male-fruit-fly-brain-map\bci\comp1\outputs\states\comp_blocked_r0_p22.npz --plastic-comp-reward PAM07* --plastic-state-in D:\Dav\CodeHub\Agent\male-fruit-fly-brain-map\bci\comp1\outputs\states\comp_blocked_r0_p21.npz
circuit cache: HIT circuit-693698e48fa257ee3380.npz (0.9 s)
regions: ON  = visual_bilateral, ol_rest, central_brain, olfactory
regions: OFF = audition, gustatory, proprioception, thermal, touch, vnc, vpn_central   <-- pass --regions to enable
plastic-mb: KCM split 33398 KC->MBON pairs (lr=-2e-07)
mbon-dan-gain: MBMD split 349 GABA MBON->DAN pairs from CEN_C (gain=178; 154 DAN_err cells)
comp-reward: PAM07* -> 14 DAN cells, 14 feedback MBONs
dan-gate: monitoring compartment PAM07* (14 cells) -> 14 neurons, tau=150 ms, gain=0.16, t_ref=400 ms; comp gate 4582/33398 edges
kernel cache: HIT kernels-03f7b25805ae69ff754e.npz (0.1 s)
visual input: dark -> 1 frames @ 60.0 fps, 3377 photoreceptors sampled
chem: CEN[KCg-m@L] -> 687 neurons (KCg-m@L), 1600 pA x 1 pulses
chem: CEN[KCg-m@R] -> 652 neurons (KCg-m@R), 1600 pA x 1 pulses
chem: CEN[PAM07*] -> 14 neurons (PAM07@L, PAM07@R), 800 pA x 1 pulses
chem: CEN[KCab-m@L] -> 307 neurons (KCab-m@L), 1600 pA x 1 pulses
chem: CEN[KCab-m@R] -> 223 neurons (KCab-m@R), 1600 pA x 1 pulses
chem: CEN[KCab-m@L] -> 307 neurons (KCab-m@L), 1600 pA x 1 pulses
chem: CEN[KCab-m@R] -> 223 neurons (KCab-m@R), 1600 pA x 1 pulses
chem: CEN[MBON*] -> 96 neurons (MBON01@R, MBON02@R, MBON03@R, MBON04@R...), -300 pA x 1 pulses
chem calibration: CEN_C recurrence gain -> 0.002 (chem-run working point, exp019)
simulating 5.0 s ...
plastic state IN KCM: w mean 0.0314 min 0.0300
GPU forward buffers: 256 records, 1367 MB on device
dan-gate: baseline r0 = 0.00 Hz
plastic result KCM: w_scale mean 0.0316 min 0.0300 floor-hit 0/33398 | elig max 38.3233
dan-gate: trace 10000 steps -> D:\Dav\CodeHub\Agent\male-fruit-fly-brain-map\bci\comp1\outputs\_trial_comp_blocked_r0_p22\_dan_trace.npy | r max 6.0 Hz, r0 0.00 Hz, mod max 0.961, mod integral 148.6 ms
biology loop: 56 s (5000 records)
phi_scalp checksum: L2=2.917556e-04 (baseline A/B file: D:\Dav\CodeHub\Agent\male-fruit-fly-brain-map\bci\comp1\outputs\_trial_comp_blocked_r0_p22\_debug_phi_scalp.npy)
background EEG: fly signal 0.25 uV vs bg 11.33 uV at 156 deg -> d'=2 needs ~8518 trials (band 2-20 Hz: ~165080)
stim view frames: D:\Dav\CodeHub\Agent\male-fruit-fly-brain-map\bci\comp1\outputs\_trial_comp_blocked_r0_p22\stim_frames.bin (0.0 MB)
wrote D:\Dav\CodeHub\Agent\male-fruit-fly-brain-map\bci\comp1\outputs\_trial_comp_blocked_r0_p22\viz_data.json (5.2 MB)
[acquire] comp_blocked_r0_p23: D:\Dav\CodeHub\Agent\male-fruit-fly-brain-map\viz\export_data.py --regions visual_bilateral,ol_rest,central_brain,olfactory --visual-input dark --chem-input compAB --plastic-mb --plastic-lr=-2e-7 --plastic-w0 0.03 --plastic-kcm-gain 0.015 --mbon-dan-gain 178 --plastic-dan-gate 150,0.16,400 --mbon-bias=-300 --t-end 5000.0 --seed 1045 --out D:\Dav\CodeHub\Agent\male-fruit-fly-brain-map\bci\comp1\outputs\_trial_comp_blocked_r0_p23 --gpu --plastic-state-out D:\Dav\CodeHub\Agent\male-fruit-fly-brain-map\bci\comp1\outputs\states\comp_blocked_r0_p23.npz --plastic-comp-reward PAM07* --plastic-state-in D:\Dav\CodeHub\Agent\male-fruit-fly-brain-map\bci\comp1\outputs\states\comp_blocked_r0_p22.npz
circuit cache: HIT circuit-693698e48fa257ee3380.npz (0.9 s)
regions: ON  = visual_bilateral, ol_rest, central_brain, olfactory
regions: OFF = audition, gustatory, proprioception, thermal, touch, vnc, vpn_central   <-- pass --regions to enable
plastic-mb: KCM split 33398 KC->MBON pairs (lr=-2e-07)
mbon-dan-gain: MBMD split 349 GABA MBON->DAN pairs from CEN_C (gain=178; 154 DAN_err cells)
comp-reward: PAM07* -> 14 DAN cells, 14 feedback MBONs
dan-gate: monitoring compartment PAM07* (14 cells) -> 14 neurons, tau=150 ms, gain=0.16, t_ref=400 ms; comp gate 4582/33398 edges
kernel cache: HIT kernels-03f7b25805ae69ff754e.npz (0.1 s)
visual input: dark -> 1 frames @ 60.0 fps, 3377 photoreceptors sampled
chem: CEN[KCg-m@L] -> 687 neurons (KCg-m@L), 1600 pA x 1 pulses
chem: CEN[KCg-m@R] -> 652 neurons (KCg-m@R), 1600 pA x 1 pulses
chem: CEN[PAM07*] -> 14 neurons (PAM07@L, PAM07@R), 800 pA x 1 pulses
chem: CEN[KCab-m@L] -> 307 neurons (KCab-m@L), 1600 pA x 1 pulses
chem: CEN[KCab-m@R] -> 223 neurons (KCab-m@R), 1600 pA x 1 pulses
chem: CEN[KCab-m@L] -> 307 neurons (KCab-m@L), 1600 pA x 1 pulses
chem: CEN[KCab-m@R] -> 223 neurons (KCab-m@R), 1600 pA x 1 pulses
chem: CEN[MBON*] -> 96 neurons (MBON01@R, MBON02@R, MBON03@R, MBON04@R...), -300 pA x 1 pulses
chem calibration: CEN_C recurrence gain -> 0.002 (chem-run working point, exp019)
simulating 5.0 s ...
plastic state IN KCM: w mean 0.0316 min 0.0300
GPU forward buffers: 256 records, 1367 MB on device
dan-gate: baseline r0 = 0.00 Hz
plastic result KCM: w_scale mean 0.0319 min 0.0300 floor-hit 0/33398 | elig max 38.2393
dan-gate: trace 10000 steps -> D:\Dav\CodeHub\Agent\male-fruit-fly-brain-map\bci\comp1\outputs\_trial_comp_blocked_r0_p23\_dan_trace.npy | r max 6.4 Hz, r0 0.00 Hz, mod max 1.000, mod integral 159.9 ms
biology loop: 57 s (5000 records)
phi_scalp checksum: L2=2.920814e-04 (baseline A/B file: D:\Dav\CodeHub\Agent\male-fruit-fly-brain-map\bci\comp1\outputs\_trial_comp_blocked_r0_p23\_debug_phi_scalp.npy)
background EEG: fly signal 0.25 uV vs bg 11.33 uV at 156 deg -> d'=2 needs ~8429 trials (band 2-20 Hz: ~163032)
stim view frames: D:\Dav\CodeHub\Agent\male-fruit-fly-brain-map\bci\comp1\outputs\_trial_comp_blocked_r0_p23\stim_frames.bin (0.0 MB)
wrote D:\Dav\CodeHub\Agent\male-fruit-fly-brain-map\bci\comp1\outputs\_trial_comp_blocked_r0_p23\viz_data.json (5.2 MB)
[acquire] comp_blocked_r0_p24: D:\Dav\CodeHub\Agent\male-fruit-fly-brain-map\viz\export_data.py --regions visual_bilateral,ol_rest,central_brain,olfactory --visual-input dark --chem-input compAB --plastic-mb --plastic-lr=-2e-7 --plastic-w0 0.03 --plastic-kcm-gain 0.015 --mbon-dan-gain 178 --plastic-dan-gate 150,0.16,400 --mbon-bias=-300 --t-end 5000.0 --seed 1046 --out D:\Dav\CodeHub\Agent\male-fruit-fly-brain-map\bci\comp1\outputs\_trial_comp_blocked_r0_p24 --gpu --plastic-state-out D:\Dav\CodeHub\Agent\male-fruit-fly-brain-map\bci\comp1\outputs\states\comp_blocked_r0_p24.npz --plastic-comp-reward PAM07* --plastic-state-in D:\Dav\CodeHub\Agent\male-fruit-fly-brain-map\bci\comp1\outputs\states\comp_blocked_r0_p23.npz
circuit cache: HIT circuit-693698e48fa257ee3380.npz (1.0 s)
regions: ON  = visual_bilateral, ol_rest, central_brain, olfactory
regions: OFF = audition, gustatory, proprioception, thermal, touch, vnc, vpn_central   <-- pass --regions to enable
plastic-mb: KCM split 33398 KC->MBON pairs (lr=-2e-07)
mbon-dan-gain: MBMD split 349 GABA MBON->DAN pairs from CEN_C (gain=178; 154 DAN_err cells)
comp-reward: PAM07* -> 14 DAN cells, 14 feedback MBONs
dan-gate: monitoring compartment PAM07* (14 cells) -> 14 neurons, tau=150 ms, gain=0.16, t_ref=400 ms; comp gate 4582/33398 edges
kernel cache: HIT kernels-03f7b25805ae69ff754e.npz (0.1 s)
visual input: dark -> 1 frames @ 60.0 fps, 3377 photoreceptors sampled
chem: CEN[KCg-m@L] -> 687 neurons (KCg-m@L), 1600 pA x 1 pulses
chem: CEN[KCg-m@R] -> 652 neurons (KCg-m@R), 1600 pA x 1 pulses
chem: CEN[PAM07*] -> 14 neurons (PAM07@L, PAM07@R), 800 pA x 1 pulses
chem: CEN[KCab-m@L] -> 307 neurons (KCab-m@L), 1600 pA x 1 pulses
chem: CEN[KCab-m@R] -> 223 neurons (KCab-m@R), 1600 pA x 1 pulses
chem: CEN[KCab-m@L] -> 307 neurons (KCab-m@L), 1600 pA x 1 pulses
chem: CEN[KCab-m@R] -> 223 neurons (KCab-m@R), 1600 pA x 1 pulses
chem: CEN[MBON*] -> 96 neurons (MBON01@R, MBON02@R, MBON03@R, MBON04@R...), -300 pA x 1 pulses
chem calibration: CEN_C recurrence gain -> 0.002 (chem-run working point, exp019)
simulating 5.0 s ...
plastic state IN KCM: w mean 0.0319 min 0.0300
GPU forward buffers: 256 records, 1367 MB on device
dan-gate: baseline r0 = 0.00 Hz
plastic result KCM: w_scale mean 0.0321 min 0.0300 floor-hit 0/33398 | elig max 38.3356
dan-gate: trace 10000 steps -> D:\Dav\CodeHub\Agent\male-fruit-fly-brain-map\bci\comp1\outputs\_trial_comp_blocked_r0_p24\_dan_trace.npy | r max 6.0 Hz, r0 0.00 Hz, mod max 0.967, mod integral 148.6 ms
biology loop: 57 s (5000 records)
phi_scalp checksum: L2=2.921963e-04 (baseline A/B file: D:\Dav\CodeHub\Agent\male-fruit-fly-brain-map\bci\comp1\outputs\_trial_comp_blocked_r0_p24\_debug_phi_scalp.npy)
background EEG: fly signal 0.25 uV vs bg 11.33 uV at 156 deg -> d'=2 needs ~8467 trials (band 2-20 Hz: ~163358)
stim view frames: D:\Dav\CodeHub\Agent\male-fruit-fly-brain-map\bci\comp1\outputs\_trial_comp_blocked_r0_p24\stim_frames.bin (0.0 MB)
wrote D:\Dav\CodeHub\Agent\male-fruit-fly-brain-map\bci\comp1\outputs\_trial_comp_blocked_r0_p24\viz_data.json (5.2 MB)
[acquire] comp_blocked_r0_p25: D:\Dav\CodeHub\Agent\male-fruit-fly-brain-map\viz\export_data.py --regions visual_bilateral,ol_rest,central_brain,olfactory --visual-input dark --chem-input compAB --plastic-mb --plastic-lr=-2e-7 --plastic-w0 0.03 --plastic-kcm-gain 0.015 --mbon-dan-gain 178 --plastic-dan-gate 150,0.16,400 --mbon-bias=-300 --t-end 5000.0 --seed 1047 --out D:\Dav\CodeHub\Agent\male-fruit-fly-brain-map\bci\comp1\outputs\_trial_comp_blocked_r0_p25 --gpu --plastic-state-out D:\Dav\CodeHub\Agent\male-fruit-fly-brain-map\bci\comp1\outputs\states\comp_blocked_r0_p25.npz --plastic-comp-reward PAM07* --plastic-state-in D:\Dav\CodeHub\Agent\male-fruit-fly-brain-map\bci\comp1\outputs\states\comp_blocked_r0_p24.npz
circuit cache: HIT circuit-693698e48fa257ee3380.npz (0.9 s)
regions: ON  = visual_bilateral, ol_rest, central_brain, olfactory
regions: OFF = audition, gustatory, proprioception, thermal, touch, vnc, vpn_central   <-- pass --regions to enable
plastic-mb: KCM split 33398 KC->MBON pairs (lr=-2e-07)
mbon-dan-gain: MBMD split 349 GABA MBON->DAN pairs from CEN_C (gain=178; 154 DAN_err cells)
comp-reward: PAM07* -> 14 DAN cells, 14 feedback MBONs
dan-gate: monitoring compartment PAM07* (14 cells) -> 14 neurons, tau=150 ms, gain=0.16, t_ref=400 ms; comp gate 4582/33398 edges
kernel cache: HIT kernels-03f7b25805ae69ff754e.npz (0.1 s)
visual input: dark -> 1 frames @ 60.0 fps, 3377 photoreceptors sampled
chem: CEN[KCg-m@L] -> 687 neurons (KCg-m@L), 1600 pA x 1 pulses
chem: CEN[KCg-m@R] -> 652 neurons (KCg-m@R), 1600 pA x 1 pulses
chem: CEN[PAM07*] -> 14 neurons (PAM07@L, PAM07@R), 800 pA x 1 pulses
chem: CEN[KCab-m@L] -> 307 neurons (KCab-m@L), 1600 pA x 1 pulses
chem: CEN[KCab-m@R] -> 223 neurons (KCab-m@R), 1600 pA x 1 pulses
chem: CEN[KCab-m@L] -> 307 neurons (KCab-m@L), 1600 pA x 1 pulses
chem: CEN[KCab-m@R] -> 223 neurons (KCab-m@R), 1600 pA x 1 pulses
chem: CEN[MBON*] -> 96 neurons (MBON01@R, MBON02@R, MBON03@R, MBON04@R...), -300 pA x 1 pulses
chem calibration: CEN_C recurrence gain -> 0.002 (chem-run working point, exp019)
simulating 5.0 s ...
plastic state IN KCM: w mean 0.0321 min 0.0300
GPU forward buffers: 256 records, 1367 MB on device
dan-gate: baseline r0 = 0.00 Hz
plastic result KCM: w_scale mean 0.0323 min 0.0300 floor-hit 0/33398 | elig max 38.1777
dan-gate: trace 10000 steps -> D:\Dav\CodeHub\Agent\male-fruit-fly-brain-map\bci\comp1\outputs\_trial_comp_blocked_r0_p25\_dan_trace.npy | r max 6.0 Hz, r0 0.00 Hz, mod max 0.957, mod integral 148.6 ms
biology loop: 56 s (5000 records)
phi_scalp checksum: L2=2.926804e-04 (baseline A/B file: D:\Dav\CodeHub\Agent\male-fruit-fly-brain-map\bci\comp1\outputs\_trial_comp_blocked_r0_p25\_debug_phi_scalp.npy)
background EEG: fly signal 0.25 uV vs bg 11.33 uV at 156 deg -> d'=2 needs ~8403 trials (band 2-20 Hz: ~161461)
stim view frames: D:\Dav\CodeHub\Agent\male-fruit-fly-brain-map\bci\comp1\outputs\_trial_comp_blocked_r0_p25\stim_frames.bin (0.0 MB)
wrote D:\Dav\CodeHub\Agent\male-fruit-fly-brain-map\bci\comp1\outputs\_trial_comp_blocked_r0_p25\viz_data.json (5.2 MB)
[acquire] comp_control_r0_p10: D:\Dav\CodeHub\Agent\male-fruit-fly-brain-map\viz\export_data.py --regions visual_bilateral,ol_rest,central_brain,olfactory --visual-input dark --chem-input compC --plastic-mb --plastic-lr=-2e-7 --plastic-w0 0.03 --plastic-kcm-gain 0.015 --mbon-dan-gain 178 --plastic-dan-gate 150,0.16,400 --mbon-bias=-300 --t-end 5000.0 --seed 1092 --out D:\Dav\CodeHub\Agent\male-fruit-fly-brain-map\bci\comp1\outputs\_trial_comp_control_r0_p10 --gpu --plastic-state-out D:\Dav\CodeHub\Agent\male-fruit-fly-brain-map\bci\comp1\outputs\states\comp_control_r0_p10.npz --plastic-comp-reward PAM07*
circuit cache: HIT circuit-693698e48fa257ee3380.npz (0.9 s)
regions: ON  = visual_bilateral, ol_rest, central_brain, olfactory
regions: OFF = audition, gustatory, proprioception, thermal, touch, vnc, vpn_central   <-- pass --regions to enable
plastic-mb: KCM split 33398 KC->MBON pairs (lr=-2e-07)
mbon-dan-gain: MBMD split 349 GABA MBON->DAN pairs from CEN_C (gain=178; 154 DAN_err cells)
comp-reward: PAM07* -> 14 DAN cells, 14 feedback MBONs
dan-gate: monitoring compartment PAM07* (14 cells) -> 14 neurons, tau=150 ms, gain=0.16, t_ref=400 ms; comp gate 4582/33398 edges
kernel cache: HIT kernels-03f7b25805ae69ff754e.npz (0.1 s)
visual input: dark -> 1 frames @ 60.0 fps, 3377 photoreceptors sampled
chem: CEN[KCab-s@L] -> 234 neurons (KCab-s@L), 1600 pA x 1 pulses
chem: CEN[KCab-s@R] -> 421 neurons (KCab-s@R), 1600 pA x 1 pulses
chem: CEN[PAM07*] -> 14 neurons (PAM07@L, PAM07@R), 800 pA x 1 pulses
chem: CEN[KCab-s@L] -> 234 neurons (KCab-s@L), 1600 pA x 1 pulses
chem: CEN[KCab-s@R] -> 421 neurons (KCab-s@R), 1600 pA x 1 pulses
chem: CEN[MBON*] -> 96 neurons (MBON01@R, MBON02@R, MBON03@R, MBON04@R...), -300 pA x 1 pulses
chem calibration: CEN_C recurrence gain -> 0.002 (chem-run working point, exp019)
simulating 5.0 s ...
GPU forward buffers: 256 records, 1367 MB on device
dan-gate: baseline r0 = 0.00 Hz
plastic result KCM: w_scale mean 0.0312 min 0.0300 floor-hit 0/33398 | elig max 38.5737
dan-gate: trace 10000 steps -> D:\Dav\CodeHub\Agent\male-fruit-fly-brain-map\bci\comp1\outputs\_trial_comp_control_r0_p10\_dan_trace.npy | r max 63.6 Hz, r0 0.00 Hz, mod max 1.000, mod integral 2345.7 ms
biology loop: 57 s (5000 records)
phi_scalp checksum: L2=2.756923e-04 (baseline A/B file: D:\Dav\CodeHub\Agent\male-fruit-fly-brain-map\bci\comp1\outputs\_trial_comp_control_r0_p10\_debug_phi_scalp.npy)
background EEG: fly signal 0.18 uV vs bg 13.10 uV at 168 deg -> d'=2 needs ~21240 trials (band 2-20 Hz: ~350850)
stim view frames: D:\Dav\CodeHub\Agent\male-fruit-fly-brain-map\bci\comp1\outputs\_trial_comp_control_r0_p10\stim_frames.bin (0.0 MB)
wrote D:\Dav\CodeHub\Agent\male-fruit-fly-brain-map\bci\comp1\outputs\_trial_comp_control_r0_p10\viz_data.json (5.2 MB)
[acquire] comp_control_r0_p11: D:\Dav\CodeHub\Agent\male-fruit-fly-brain-map\viz\export_data.py --regions visual_bilateral,ol_rest,central_brain,olfactory --visual-input dark --chem-input compC --plastic-mb --plastic-lr=-2e-7 --plastic-w0 0.03 --plastic-kcm-gain 0.015 --mbon-dan-gain 178 --plastic-dan-gate 150,0.16,400 --mbon-bias=-300 --t-end 5000.0 --seed 1093 --out D:\Dav\CodeHub\Agent\male-fruit-fly-brain-map\bci\comp1\outputs\_trial_comp_control_r0_p11 --gpu --plastic-state-out D:\Dav\CodeHub\Agent\male-fruit-fly-brain-map\bci\comp1\outputs\states\comp_control_r0_p11.npz --plastic-comp-reward PAM07* --plastic-state-in D:\Dav\CodeHub\Agent\male-fruit-fly-brain-map\bci\comp1\outputs\states\comp_control_r0_p10.npz
circuit cache: HIT circuit-693698e48fa257ee3380.npz (0.9 s)
regions: ON  = visual_bilateral, ol_rest, central_brain, olfactory
regions: OFF = audition, gustatory, proprioception, thermal, touch, vnc, vpn_central   <-- pass --regions to enable
plastic-mb: KCM split 33398 KC->MBON pairs (lr=-2e-07)
mbon-dan-gain: MBMD split 349 GABA MBON->DAN pairs from CEN_C (gain=178; 154 DAN_err cells)
comp-reward: PAM07* -> 14 DAN cells, 14 feedback MBONs
dan-gate: monitoring compartment PAM07* (14 cells) -> 14 neurons, tau=150 ms, gain=0.16, t_ref=400 ms; comp gate 4582/33398 edges
kernel cache: HIT kernels-03f7b25805ae69ff754e.npz (0.1 s)
visual input: dark -> 1 frames @ 60.0 fps, 3377 photoreceptors sampled
chem: CEN[KCab-s@L] -> 234 neurons (KCab-s@L), 1600 pA x 1 pulses
chem: CEN[KCab-s@R] -> 421 neurons (KCab-s@R), 1600 pA x 1 pulses
chem: CEN[PAM07*] -> 14 neurons (PAM07@L, PAM07@R), 800 pA x 1 pulses
chem: CEN[KCab-s@L] -> 234 neurons (KCab-s@L), 1600 pA x 1 pulses
chem: CEN[KCab-s@R] -> 421 neurons (KCab-s@R), 1600 pA x 1 pulses
chem: CEN[MBON*] -> 96 neurons (MBON01@R, MBON02@R, MBON03@R, MBON04@R...), -300 pA x 1 pulses
chem calibration: CEN_C recurrence gain -> 0.002 (chem-run working point, exp019)
simulating 5.0 s ...
plastic state IN KCM: w mean 0.0312 min 0.0300
GPU forward buffers: 256 records, 1367 MB on device
dan-gate: baseline r0 = 0.00 Hz
plastic result KCM: w_scale mean 0.0325 min 0.0300 floor-hit 0/33398 | elig max 38.5247
dan-gate: trace 10000 steps -> D:\Dav\CodeHub\Agent\male-fruit-fly-brain-map\bci\comp1\outputs\_trial_comp_control_r0_p11\_dan_trace.npy | r max 51.3 Hz, r0 0.00 Hz, mod max 1.000, mod integral 2352.1 ms
biology loop: 57 s (5000 records)
phi_scalp checksum: L2=2.755810e-04 (baseline A/B file: D:\Dav\CodeHub\Agent\male-fruit-fly-brain-map\bci\comp1\outputs\_trial_comp_control_r0_p11\_debug_phi_scalp.npy)
background EEG: fly signal 0.18 uV vs bg 13.10 uV at 168 deg -> d'=2 needs ~21921 trials (band 2-20 Hz: ~349246)
stim view frames: D:\Dav\CodeHub\Agent\male-fruit-fly-brain-map\bci\comp1\outputs\_trial_comp_control_r0_p11\stim_frames.bin (0.0 MB)
wrote D:\Dav\CodeHub\Agent\male-fruit-fly-brain-map\bci\comp1\outputs\_trial_comp_control_r0_p11\viz_data.json (5.2 MB)
[acquire] comp_control_r0_p12: D:\Dav\CodeHub\Agent\male-fruit-fly-brain-map\viz\export_data.py --regions visual_bilateral,ol_rest,central_brain,olfactory --visual-input dark --chem-input compC --plastic-mb --plastic-lr=-2e-7 --plastic-w0 0.03 --plastic-kcm-gain 0.015 --mbon-dan-gain 178 --plastic-dan-gate 150,0.16,400 --mbon-bias=-300 --t-end 5000.0 --seed 1094 --out D:\Dav\CodeHub\Agent\male-fruit-fly-brain-map\bci\comp1\outputs\_trial_comp_control_r0_p12 --gpu --plastic-state-out D:\Dav\CodeHub\Agent\male-fruit-fly-brain-map\bci\comp1\outputs\states\comp_control_r0_p12.npz --plastic-comp-reward PAM07* --plastic-state-in D:\Dav\CodeHub\Agent\male-fruit-fly-brain-map\bci\comp1\outputs\states\comp_control_r0_p11.npz
circuit cache: HIT circuit-693698e48fa257ee3380.npz (0.9 s)
regions: ON  = visual_bilateral, ol_rest, central_brain, olfactory
regions: OFF = audition, gustatory, proprioception, thermal, touch, vnc, vpn_central   <-- pass --regions to enable
plastic-mb: KCM split 33398 KC->MBON pairs (lr=-2e-07)
mbon-dan-gain: MBMD split 349 GABA MBON->DAN pairs from CEN_C (gain=178; 154 DAN_err cells)
comp-reward: PAM07* -> 14 DAN cells, 14 feedback MBONs
dan-gate: monitoring compartment PAM07* (14 cells) -> 14 neurons, tau=150 ms, gain=0.16, t_ref=400 ms; comp gate 4582/33398 edges
kernel cache: HIT kernels-03f7b25805ae69ff754e.npz (0.1 s)
visual input: dark -> 1 frames @ 60.0 fps, 3377 photoreceptors sampled
chem: CEN[KCab-s@L] -> 234 neurons (KCab-s@L), 1600 pA x 1 pulses
chem: CEN[KCab-s@R] -> 421 neurons (KCab-s@R), 1600 pA x 1 pulses
chem: CEN[PAM07*] -> 14 neurons (PAM07@L, PAM07@R), 800 pA x 1 pulses
chem: CEN[KCab-s@L] -> 234 neurons (KCab-s@L), 1600 pA x 1 pulses
chem: CEN[KCab-s@R] -> 421 neurons (KCab-s@R), 1600 pA x 1 pulses
chem: CEN[MBON*] -> 96 neurons (MBON01@R, MBON02@R, MBON03@R, MBON04@R...), -300 pA x 1 pulses
chem calibration: CEN_C recurrence gain -> 0.002 (chem-run working point, exp019)
simulating 5.0 s ...
plastic state IN KCM: w mean 0.0325 min 0.0300
GPU forward buffers: 256 records, 1367 MB on device
dan-gate: baseline r0 = 0.00 Hz
plastic result KCM: w_scale mean 0.0337 min 0.0300 floor-hit 0/33398 | elig max 38.5001
dan-gate: trace 10000 steps -> D:\Dav\CodeHub\Agent\male-fruit-fly-brain-map\bci\comp1\outputs\_trial_comp_control_r0_p12\_dan_trace.npy | r max 68.5 Hz, r0 0.00 Hz, mod max 1.000, mod integral 2341.9 ms
biology loop: 58 s (5000 records)
phi_scalp checksum: L2=2.755603e-04 (baseline A/B file: D:\Dav\CodeHub\Agent\male-fruit-fly-brain-map\bci\comp1\outputs\_trial_comp_control_r0_p12\_debug_phi_scalp.npy)
background EEG: fly signal 0.18 uV vs bg 13.10 uV at 168 deg -> d'=2 needs ~21970 trials (band 2-20 Hz: ~359734)
stim view frames: D:\Dav\CodeHub\Agent\male-fruit-fly-brain-map\bci\comp1\outputs\_trial_comp_control_r0_p12\stim_frames.bin (0.0 MB)
wrote D:\Dav\CodeHub\Agent\male-fruit-fly-brain-map\bci\comp1\outputs\_trial_comp_control_r0_p12\viz_data.json (5.2 MB)
[acquire] comp_control_r0_p13: D:\Dav\CodeHub\Agent\male-fruit-fly-brain-map\viz\export_data.py --regions visual_bilateral,ol_rest,central_brain,olfactory --visual-input dark --chem-input compC --plastic-mb --plastic-lr=-2e-7 --plastic-w0 0.03 --plastic-kcm-gain 0.015 --mbon-dan-gain 178 --plastic-dan-gate 150,0.16,400 --mbon-bias=-300 --t-end 5000.0 --seed 1095 --out D:\Dav\CodeHub\Agent\male-fruit-fly-brain-map\bci\comp1\outputs\_trial_comp_control_r0_p13 --gpu --plastic-state-out D:\Dav\CodeHub\Agent\male-fruit-fly-brain-map\bci\comp1\outputs\states\comp_control_r0_p13.npz --plastic-comp-reward PAM07* --plastic-state-in D:\Dav\CodeHub\Agent\male-fruit-fly-brain-map\bci\comp1\outputs\states\comp_control_r0_p12.npz
circuit cache: HIT circuit-693698e48fa257ee3380.npz (0.9 s)
regions: ON  = visual_bilateral, ol_rest, central_brain, olfactory
regions: OFF = audition, gustatory, proprioception, thermal, touch, vnc, vpn_central   <-- pass --regions to enable
plastic-mb: KCM split 33398 KC->MBON pairs (lr=-2e-07)
mbon-dan-gain: MBMD split 349 GABA MBON->DAN pairs from CEN_C (gain=178; 154 DAN_err cells)
comp-reward: PAM07* -> 14 DAN cells, 14 feedback MBONs
dan-gate: monitoring compartment PAM07* (14 cells) -> 14 neurons, tau=150 ms, gain=0.16, t_ref=400 ms; comp gate 4582/33398 edges
kernel cache: HIT kernels-03f7b25805ae69ff754e.npz (0.1 s)
visual input: dark -> 1 frames @ 60.0 fps, 3377 photoreceptors sampled
chem: CEN[KCab-s@L] -> 234 neurons (KCab-s@L), 1600 pA x 1 pulses
chem: CEN[KCab-s@R] -> 421 neurons (KCab-s@R), 1600 pA x 1 pulses
chem: CEN[PAM07*] -> 14 neurons (PAM07@L, PAM07@R), 800 pA x 1 pulses
chem: CEN[KCab-s@L] -> 234 neurons (KCab-s@L), 1600 pA x 1 pulses
chem: CEN[KCab-s@R] -> 421 neurons (KCab-s@R), 1600 pA x 1 pulses
chem: CEN[MBON*] -> 96 neurons (MBON01@R, MBON02@R, MBON03@R, MBON04@R...), -300 pA x 1 pulses
chem calibration: CEN_C recurrence gain -> 0.002 (chem-run working point, exp019)
simulating 5.0 s ...
plastic state IN KCM: w mean 0.0337 min 0.0300
GPU forward buffers: 256 records, 1367 MB on device
dan-gate: baseline r0 = 0.00 Hz
plastic result KCM: w_scale mean 0.0350 min 0.0300 floor-hit 0/33398 | elig max 38.5078
dan-gate: trace 10000 steps -> D:\Dav\CodeHub\Agent\male-fruit-fly-brain-map\bci\comp1\outputs\_trial_comp_control_r0_p13\_dan_trace.npy | r max 53.9 Hz, r0 0.00 Hz, mod max 1.000, mod integral 2337.0 ms
biology loop: 57 s (5000 records)
phi_scalp checksum: L2=2.750220e-04 (baseline A/B file: D:\Dav\CodeHub\Agent\male-fruit-fly-brain-map\bci\comp1\outputs\_trial_comp_control_r0_p13\_debug_phi_scalp.npy)
background EEG: fly signal 0.17 uV vs bg 13.10 uV at 168 deg -> d'=2 needs ~22721 trials (band 2-20 Hz: ~368880)
stim view frames: D:\Dav\CodeHub\Agent\male-fruit-fly-brain-map\bci\comp1\outputs\_trial_comp_control_r0_p13\stim_frames.bin (0.0 MB)
wrote D:\Dav\CodeHub\Agent\male-fruit-fly-brain-map\bci\comp1\outputs\_trial_comp_control_r0_p13\viz_data.json (5.2 MB)
[acquire] comp_control_r0_p20: D:\Dav\CodeHub\Agent\male-fruit-fly-brain-map\viz\export_data.py --regions visual_bilateral,ol_rest,central_brain,olfactory --visual-input dark --chem-input compAB --plastic-mb --plastic-lr=-2e-7 --plastic-w0 0.03 --plastic-kcm-gain 0.015 --mbon-dan-gain 178 --plastic-dan-gate 150,0.16,400 --mbon-bias=-300 --t-end 5000.0 --seed 1092 --out D:\Dav\CodeHub\Agent\male-fruit-fly-brain-map\bci\comp1\outputs\_trial_comp_control_r0_p20 --gpu --plastic-state-out D:\Dav\CodeHub\Agent\male-fruit-fly-brain-map\bci\comp1\outputs\states\comp_control_r0_p20.npz --plastic-comp-reward PAM07* --plastic-state-in D:\Dav\CodeHub\Agent\male-fruit-fly-brain-map\bci\comp1\outputs\states\comp_control_r0_p13.npz
circuit cache: HIT circuit-693698e48fa257ee3380.npz (0.9 s)
regions: ON  = visual_bilateral, ol_rest, central_brain, olfactory
regions: OFF = audition, gustatory, proprioception, thermal, touch, vnc, vpn_central   <-- pass --regions to enable
plastic-mb: KCM split 33398 KC->MBON pairs (lr=-2e-07)
mbon-dan-gain: MBMD split 349 GABA MBON->DAN pairs from CEN_C (gain=178; 154 DAN_err cells)
comp-reward: PAM07* -> 14 DAN cells, 14 feedback MBONs
dan-gate: monitoring compartment PAM07* (14 cells) -> 14 neurons, tau=150 ms, gain=0.16, t_ref=400 ms; comp gate 4582/33398 edges
kernel cache: HIT kernels-03f7b25805ae69ff754e.npz (0.1 s)
visual input: dark -> 1 frames @ 60.0 fps, 3377 photoreceptors sampled
chem: CEN[KCg-m@L] -> 687 neurons (KCg-m@L), 1600 pA x 1 pulses
chem: CEN[KCg-m@R] -> 652 neurons (KCg-m@R), 1600 pA x 1 pulses
chem: CEN[PAM07*] -> 14 neurons (PAM07@L, PAM07@R), 800 pA x 1 pulses
chem: CEN[KCab-m@L] -> 307 neurons (KCab-m@L), 1600 pA x 1 pulses
chem: CEN[KCab-m@R] -> 223 neurons (KCab-m@R), 1600 pA x 1 pulses
chem: CEN[KCab-m@L] -> 307 neurons (KCab-m@L), 1600 pA x 1 pulses
chem: CEN[KCab-m@R] -> 223 neurons (KCab-m@R), 1600 pA x 1 pulses
chem: CEN[MBON*] -> 96 neurons (MBON01@R, MBON02@R, MBON03@R, MBON04@R...), -300 pA x 1 pulses
chem calibration: CEN_C recurrence gain -> 0.002 (chem-run working point, exp019)
simulating 5.0 s ...
plastic state IN KCM: w mean 0.0350 min 0.0300
GPU forward buffers: 256 records, 1367 MB on device
dan-gate: baseline r0 = 0.00 Hz
plastic result KCM: w_scale mean 0.0352 min 0.0300 floor-hit 0/33398 | elig max 38.3690
dan-gate: trace 10000 steps -> D:\Dav\CodeHub\Agent\male-fruit-fly-brain-map\bci\comp1\outputs\_trial_comp_control_r0_p20\_dan_trace.npy | r max 5.9 Hz, r0 0.00 Hz, mod max 0.946, mod integral 148.6 ms
biology loop: 57 s (5000 records)
phi_scalp checksum: L2=2.909600e-04 (baseline A/B file: D:\Dav\CodeHub\Agent\male-fruit-fly-brain-map\bci\comp1\outputs\_trial_comp_control_r0_p20\_debug_phi_scalp.npy)
background EEG: fly signal 0.24 uV vs bg 11.33 uV at 156 deg -> d'=2 needs ~8540 trials (band 2-20 Hz: ~142423)
stim view frames: D:\Dav\CodeHub\Agent\male-fruit-fly-brain-map\bci\comp1\outputs\_trial_comp_control_r0_p20\stim_frames.bin (0.0 MB)
wrote D:\Dav\CodeHub\Agent\male-fruit-fly-brain-map\bci\comp1\outputs\_trial_comp_control_r0_p20\viz_data.json (5.2 MB)
[acquire] comp_control_r0_p21: D:\Dav\CodeHub\Agent\male-fruit-fly-brain-map\viz\export_data.py --regions visual_bilateral,ol_rest,central_brain,olfactory --visual-input dark --chem-input compAB --plastic-mb --plastic-lr=-2e-7 --plastic-w0 0.03 --plastic-kcm-gain 0.015 --mbon-dan-gain 178 --plastic-dan-gate 150,0.16,400 --mbon-bias=-300 --t-end 5000.0 --seed 1093 --out D:\Dav\CodeHub\Agent\male-fruit-fly-brain-map\bci\comp1\outputs\_trial_comp_control_r0_p21 --gpu --plastic-state-out D:\Dav\CodeHub\Agent\male-fruit-fly-brain-map\bci\comp1\outputs\states\comp_control_r0_p21.npz --plastic-comp-reward PAM07* --plastic-state-in D:\Dav\CodeHub\Agent\male-fruit-fly-brain-map\bci\comp1\outputs\states\comp_control_r0_p20.npz
circuit cache: HIT circuit-693698e48fa257ee3380.npz (0.9 s)
regions: ON  = visual_bilateral, ol_rest, central_brain, olfactory
regions: OFF = audition, gustatory, proprioception, thermal, touch, vnc, vpn_central   <-- pass --regions to enable
plastic-mb: KCM split 33398 KC->MBON pairs (lr=-2e-07)
mbon-dan-gain: MBMD split 349 GABA MBON->DAN pairs from CEN_C (gain=178; 154 DAN_err cells)
comp-reward: PAM07* -> 14 DAN cells, 14 feedback MBONs
dan-gate: monitoring compartment PAM07* (14 cells) -> 14 neurons, tau=150 ms, gain=0.16, t_ref=400 ms; comp gate 4582/33398 edges
kernel cache: HIT kernels-03f7b25805ae69ff754e.npz (0.1 s)
visual input: dark -> 1 frames @ 60.0 fps, 3377 photoreceptors sampled
chem: CEN[KCg-m@L] -> 687 neurons (KCg-m@L), 1600 pA x 1 pulses
chem: CEN[KCg-m@R] -> 652 neurons (KCg-m@R), 1600 pA x 1 pulses
chem: CEN[PAM07*] -> 14 neurons (PAM07@L, PAM07@R), 800 pA x 1 pulses
chem: CEN[KCab-m@L] -> 307 neurons (KCab-m@L), 1600 pA x 1 pulses
chem: CEN[KCab-m@R] -> 223 neurons (KCab-m@R), 1600 pA x 1 pulses
chem: CEN[KCab-m@L] -> 307 neurons (KCab-m@L), 1600 pA x 1 pulses
chem: CEN[KCab-m@R] -> 223 neurons (KCab-m@R), 1600 pA x 1 pulses
chem: CEN[MBON*] -> 96 neurons (MBON01@R, MBON02@R, MBON03@R, MBON04@R...), -300 pA x 1 pulses
chem calibration: CEN_C recurrence gain -> 0.002 (chem-run working point, exp019)
simulating 5.0 s ...
plastic state IN KCM: w mean 0.0352 min 0.0300
GPU forward buffers: 256 records, 1367 MB on device
dan-gate: baseline r0 = 0.00 Hz
plastic result KCM: w_scale mean 0.0354 min 0.0300 floor-hit 0/33398 | elig max 38.4665
dan-gate: trace 10000 steps -> D:\Dav\CodeHub\Agent\male-fruit-fly-brain-map\bci\comp1\outputs\_trial_comp_control_r0_p21\_dan_trace.npy | r max 6.0 Hz, r0 0.00 Hz, mod max 0.957, mod integral 148.6 ms
biology loop: 56 s (5000 records)
phi_scalp checksum: L2=2.909568e-04 (baseline A/B file: D:\Dav\CodeHub\Agent\male-fruit-fly-brain-map\bci\comp1\outputs\_trial_comp_control_r0_p21\_debug_phi_scalp.npy)
background EEG: fly signal 0.24 uV vs bg 11.33 uV at 156 deg -> d'=2 needs ~8540 trials (band 2-20 Hz: ~142514)
stim view frames: D:\Dav\CodeHub\Agent\male-fruit-fly-brain-map\bci\comp1\outputs\_trial_comp_control_r0_p21\stim_frames.bin (0.0 MB)
wrote D:\Dav\CodeHub\Agent\male-fruit-fly-brain-map\bci\comp1\outputs\_trial_comp_control_r0_p21\viz_data.json (5.2 MB)
[acquire] comp_control_r0_p22: D:\Dav\CodeHub\Agent\male-fruit-fly-brain-map\viz\export_data.py --regions visual_bilateral,ol_rest,central_brain,olfactory --visual-input dark --chem-input compAB --plastic-mb --plastic-lr=-2e-7 --plastic-w0 0.03 --plastic-kcm-gain 0.015 --mbon-dan-gain 178 --plastic-dan-gate 150,0.16,400 --mbon-bias=-300 --t-end 5000.0 --seed 1094 --out D:\Dav\CodeHub\Agent\male-fruit-fly-brain-map\bci\comp1\outputs\_trial_comp_control_r0_p22 --gpu --plastic-state-out D:\Dav\CodeHub\Agent\male-fruit-fly-brain-map\bci\comp1\outputs\states\comp_control_r0_p22.npz --plastic-comp-reward PAM07* --plastic-state-in D:\Dav\CodeHub\Agent\male-fruit-fly-brain-map\bci\comp1\outputs\states\comp_control_r0_p21.npz
circuit cache: HIT circuit-693698e48fa257ee3380.npz (0.9 s)
regions: ON  = visual_bilateral, ol_rest, central_brain, olfactory
regions: OFF = audition, gustatory, proprioception, thermal, touch, vnc, vpn_central   <-- pass --regions to enable
plastic-mb: KCM split 33398 KC->MBON pairs (lr=-2e-07)
mbon-dan-gain: MBMD split 349 GABA MBON->DAN pairs from CEN_C (gain=178; 154 DAN_err cells)
comp-reward: PAM07* -> 14 DAN cells, 14 feedback MBONs
dan-gate: monitoring compartment PAM07* (14 cells) -> 14 neurons, tau=150 ms, gain=0.16, t_ref=400 ms; comp gate 4582/33398 edges
kernel cache: HIT kernels-03f7b25805ae69ff754e.npz (0.1 s)
visual input: dark -> 1 frames @ 60.0 fps, 3377 photoreceptors sampled
chem: CEN[KCg-m@L] -> 687 neurons (KCg-m@L), 1600 pA x 1 pulses
chem: CEN[KCg-m@R] -> 652 neurons (KCg-m@R), 1600 pA x 1 pulses
chem: CEN[PAM07*] -> 14 neurons (PAM07@L, PAM07@R), 800 pA x 1 pulses
chem: CEN[KCab-m@L] -> 307 neurons (KCab-m@L), 1600 pA x 1 pulses
chem: CEN[KCab-m@R] -> 223 neurons (KCab-m@R), 1600 pA x 1 pulses
chem: CEN[KCab-m@L] -> 307 neurons (KCab-m@L), 1600 pA x 1 pulses
chem: CEN[KCab-m@R] -> 223 neurons (KCab-m@R), 1600 pA x 1 pulses
chem: CEN[MBON*] -> 96 neurons (MBON01@R, MBON02@R, MBON03@R, MBON04@R...), -300 pA x 1 pulses
chem calibration: CEN_C recurrence gain -> 0.002 (chem-run working point, exp019)
simulating 5.0 s ...
plastic state IN KCM: w mean 0.0354 min 0.0300
GPU forward buffers: 256 records, 1367 MB on device
dan-gate: baseline r0 = 0.00 Hz
plastic result KCM: w_scale mean 0.0356 min 0.0300 floor-hit 0/33398 | elig max 38.2342
dan-gate: trace 10000 steps -> D:\Dav\CodeHub\Agent\male-fruit-fly-brain-map\bci\comp1\outputs\_trial_comp_control_r0_p22\_dan_trace.npy | r max 6.0 Hz, r0 0.00 Hz, mod max 0.955, mod integral 148.6 ms
biology loop: 57 s (5000 records)
phi_scalp checksum: L2=2.923229e-04 (baseline A/B file: D:\Dav\CodeHub\Agent\male-fruit-fly-brain-map\bci\comp1\outputs\_trial_comp_control_r0_p22\_debug_phi_scalp.npy)
background EEG: fly signal 0.25 uV vs bg 11.33 uV at 156 deg -> d'=2 needs ~8430 trials (band 2-20 Hz: ~155707)
stim view frames: D:\Dav\CodeHub\Agent\male-fruit-fly-brain-map\bci\comp1\outputs\_trial_comp_control_r0_p22\stim_frames.bin (0.0 MB)
wrote D:\Dav\CodeHub\Agent\male-fruit-fly-brain-map\bci\comp1\outputs\_trial_comp_control_r0_p22\viz_data.json (5.2 MB)
[acquire] comp_control_r0_p23: D:\Dav\CodeHub\Agent\male-fruit-fly-brain-map\viz\export_data.py --regions visual_bilateral,ol_rest,central_brain,olfactory --visual-input dark --chem-input compAB --plastic-mb --plastic-lr=-2e-7 --plastic-w0 0.03 --plastic-kcm-gain 0.015 --mbon-dan-gain 178 --plastic-dan-gate 150,0.16,400 --mbon-bias=-300 --t-end 5000.0 --seed 1095 --out D:\Dav\CodeHub\Agent\male-fruit-fly-brain-map\bci\comp1\outputs\_trial_comp_control_r0_p23 --gpu --plastic-state-out D:\Dav\CodeHub\Agent\male-fruit-fly-brain-map\bci\comp1\outputs\states\comp_control_r0_p23.npz --plastic-comp-reward PAM07* --plastic-state-in D:\Dav\CodeHub\Agent\male-fruit-fly-brain-map\bci\comp1\outputs\states\comp_control_r0_p22.npz
circuit cache: HIT circuit-693698e48fa257ee3380.npz (0.9 s)
regions: ON  = visual_bilateral, ol_rest, central_brain, olfactory
regions: OFF = audition, gustatory, proprioception, thermal, touch, vnc, vpn_central   <-- pass --regions to enable
plastic-mb: KCM split 33398 KC->MBON pairs (lr=-2e-07)
mbon-dan-gain: MBMD split 349 GABA MBON->DAN pairs from CEN_C (gain=178; 154 DAN_err cells)
comp-reward: PAM07* -> 14 DAN cells, 14 feedback MBONs
dan-gate: monitoring compartment PAM07* (14 cells) -> 14 neurons, tau=150 ms, gain=0.16, t_ref=400 ms; comp gate 4582/33398 edges
kernel cache: HIT kernels-03f7b25805ae69ff754e.npz (0.1 s)
visual input: dark -> 1 frames @ 60.0 fps, 3377 photoreceptors sampled
chem: CEN[KCg-m@L] -> 687 neurons (KCg-m@L), 1600 pA x 1 pulses
chem: CEN[KCg-m@R] -> 652 neurons (KCg-m@R), 1600 pA x 1 pulses
chem: CEN[PAM07*] -> 14 neurons (PAM07@L, PAM07@R), 800 pA x 1 pulses
chem: CEN[KCab-m@L] -> 307 neurons (KCab-m@L), 1600 pA x 1 pulses
chem: CEN[KCab-m@R] -> 223 neurons (KCab-m@R), 1600 pA x 1 pulses
chem: CEN[KCab-m@L] -> 307 neurons (KCab-m@L), 1600 pA x 1 pulses
chem: CEN[KCab-m@R] -> 223 neurons (KCab-m@R), 1600 pA x 1 pulses
chem: CEN[MBON*] -> 96 neurons (MBON01@R, MBON02@R, MBON03@R, MBON04@R...), -300 pA x 1 pulses
chem calibration: CEN_C recurrence gain -> 0.002 (chem-run working point, exp019)
simulating 5.0 s ...
plastic state IN KCM: w mean 0.0356 min 0.0300
GPU forward buffers: 256 records, 1367 MB on device
dan-gate: baseline r0 = 0.00 Hz
plastic result KCM: w_scale mean 0.0359 min 0.0300 floor-hit 0/33398 | elig max 38.3258
dan-gate: trace 10000 steps -> D:\Dav\CodeHub\Agent\male-fruit-fly-brain-map\bci\comp1\outputs\_trial_comp_control_r0_p23\_dan_trace.npy | r max 6.0 Hz, r0 0.00 Hz, mod max 0.955, mod integral 148.6 ms
biology loop: 56 s (5000 records)
phi_scalp checksum: L2=2.916529e-04 (baseline A/B file: D:\Dav\CodeHub\Agent\male-fruit-fly-brain-map\bci\comp1\outputs\_trial_comp_control_r0_p23\_debug_phi_scalp.npy)
background EEG: fly signal 0.25 uV vs bg 11.33 uV at 156 deg -> d'=2 needs ~8475 trials (band 2-20 Hz: ~159413)
stim view frames: D:\Dav\CodeHub\Agent\male-fruit-fly-brain-map\bci\comp1\outputs\_trial_comp_control_r0_p23\stim_frames.bin (0.0 MB)
wrote D:\Dav\CodeHub\Agent\male-fruit-fly-brain-map\bci\comp1\outputs\_trial_comp_control_r0_p23\viz_data.json (5.2 MB)
[acquire] comp_control_r0_p24: D:\Dav\CodeHub\Agent\male-fruit-fly-brain-map\viz\export_data.py --regions visual_bilateral,ol_rest,central_brain,olfactory --visual-input dark --chem-input compAB --plastic-mb --plastic-lr=-2e-7 --plastic-w0 0.03 --plastic-kcm-gain 0.015 --mbon-dan-gain 178 --plastic-dan-gate 150,0.16,400 --mbon-bias=-300 --t-end 5000.0 --seed 1096 --out D:\Dav\CodeHub\Agent\male-fruit-fly-brain-map\bci\comp1\outputs\_trial_comp_control_r0_p24 --gpu --plastic-state-out D:\Dav\CodeHub\Agent\male-fruit-fly-brain-map\bci\comp1\outputs\states\comp_control_r0_p24.npz --plastic-comp-reward PAM07* --plastic-state-in D:\Dav\CodeHub\Agent\male-fruit-fly-brain-map\bci\comp1\outputs\states\comp_control_r0_p23.npz
circuit cache: HIT circuit-693698e48fa257ee3380.npz (0.9 s)
regions: ON  = visual_bilateral, ol_rest, central_brain, olfactory
regions: OFF = audition, gustatory, proprioception, thermal, touch, vnc, vpn_central   <-- pass --regions to enable
plastic-mb: KCM split 33398 KC->MBON pairs (lr=-2e-07)
mbon-dan-gain: MBMD split 349 GABA MBON->DAN pairs from CEN_C (gain=178; 154 DAN_err cells)
comp-reward: PAM07* -> 14 DAN cells, 14 feedback MBONs
dan-gate: monitoring compartment PAM07* (14 cells) -> 14 neurons, tau=150 ms, gain=0.16, t_ref=400 ms; comp gate 4582/33398 edges
kernel cache: HIT kernels-03f7b25805ae69ff754e.npz (0.1 s)
visual input: dark -> 1 frames @ 60.0 fps, 3377 photoreceptors sampled
chem: CEN[KCg-m@L] -> 687 neurons (KCg-m@L), 1600 pA x 1 pulses
chem: CEN[KCg-m@R] -> 652 neurons (KCg-m@R), 1600 pA x 1 pulses
chem: CEN[PAM07*] -> 14 neurons (PAM07@L, PAM07@R), 800 pA x 1 pulses
chem: CEN[KCab-m@L] -> 307 neurons (KCab-m@L), 1600 pA x 1 pulses
chem: CEN[KCab-m@R] -> 223 neurons (KCab-m@R), 1600 pA x 1 pulses
chem: CEN[KCab-m@L] -> 307 neurons (KCab-m@L), 1600 pA x 1 pulses
chem: CEN[KCab-m@R] -> 223 neurons (KCab-m@R), 1600 pA x 1 pulses
chem: CEN[MBON*] -> 96 neurons (MBON01@R, MBON02@R, MBON03@R, MBON04@R...), -300 pA x 1 pulses
chem calibration: CEN_C recurrence gain -> 0.002 (chem-run working point, exp019)
simulating 5.0 s ...
plastic state IN KCM: w mean 0.0359 min 0.0300
GPU forward buffers: 256 records, 1367 MB on device
dan-gate: baseline r0 = 0.00 Hz
plastic result KCM: w_scale mean 0.0361 min 0.0300 floor-hit 0/33398 | elig max 38.1195
dan-gate: trace 10000 steps -> D:\Dav\CodeHub\Agent\male-fruit-fly-brain-map\bci\comp1\outputs\_trial_comp_control_r0_p24\_dan_trace.npy | r max 6.9 Hz, r0 0.00 Hz, mod max 1.000, mod integral 170.7 ms
biology loop: 56 s (5000 records)
phi_scalp checksum: L2=2.925465e-04 (baseline A/B file: D:\Dav\CodeHub\Agent\male-fruit-fly-brain-map\bci\comp1\outputs\_trial_comp_control_r0_p24\_debug_phi_scalp.npy)
background EEG: fly signal 0.25 uV vs bg 11.33 uV at 156 deg -> d'=2 needs ~8406 trials (band 2-20 Hz: ~156372)
stim view frames: D:\Dav\CodeHub\Agent\male-fruit-fly-brain-map\bci\comp1\outputs\_trial_comp_control_r0_p24\stim_frames.bin (0.0 MB)
wrote D:\Dav\CodeHub\Agent\male-fruit-fly-brain-map\bci\comp1\outputs\_trial_comp_control_r0_p24\viz_data.json (5.2 MB)
[acquire] comp_control_r0_p25: D:\Dav\CodeHub\Agent\male-fruit-fly-brain-map\viz\export_data.py --regions visual_bilateral,ol_rest,central_brain,olfactory --visual-input dark --chem-input compAB --plastic-mb --plastic-lr=-2e-7 --plastic-w0 0.03 --plastic-kcm-gain 0.015 --mbon-dan-gain 178 --plastic-dan-gate 150,0.16,400 --mbon-bias=-300 --t-end 5000.0 --seed 1097 --out D:\Dav\CodeHub\Agent\male-fruit-fly-brain-map\bci\comp1\outputs\_trial_comp_control_r0_p25 --gpu --plastic-state-out D:\Dav\CodeHub\Agent\male-fruit-fly-brain-map\bci\comp1\outputs\states\comp_control_r0_p25.npz --plastic-comp-reward PAM07* --plastic-state-in D:\Dav\CodeHub\Agent\male-fruit-fly-brain-map\bci\comp1\outputs\states\comp_control_r0_p24.npz
circuit cache: HIT circuit-693698e48fa257ee3380.npz (0.9 s)
regions: ON  = visual_bilateral, ol_rest, central_brain, olfactory
regions: OFF = audition, gustatory, proprioception, thermal, touch, vnc, vpn_central   <-- pass --regions to enable
plastic-mb: KCM split 33398 KC->MBON pairs (lr=-2e-07)
mbon-dan-gain: MBMD split 349 GABA MBON->DAN pairs from CEN_C (gain=178; 154 DAN_err cells)
comp-reward: PAM07* -> 14 DAN cells, 14 feedback MBONs
dan-gate: monitoring compartment PAM07* (14 cells) -> 14 neurons, tau=150 ms, gain=0.16, t_ref=400 ms; comp gate 4582/33398 edges
kernel cache: HIT kernels-03f7b25805ae69ff754e.npz (0.1 s)
visual input: dark -> 1 frames @ 60.0 fps, 3377 photoreceptors sampled
chem: CEN[KCg-m@L] -> 687 neurons (KCg-m@L), 1600 pA x 1 pulses
chem: CEN[KCg-m@R] -> 652 neurons (KCg-m@R), 1600 pA x 1 pulses
chem: CEN[PAM07*] -> 14 neurons (PAM07@L, PAM07@R), 800 pA x 1 pulses
chem: CEN[KCab-m@L] -> 307 neurons (KCab-m@L), 1600 pA x 1 pulses
chem: CEN[KCab-m@R] -> 223 neurons (KCab-m@R), 1600 pA x 1 pulses
chem: CEN[KCab-m@L] -> 307 neurons (KCab-m@L), 1600 pA x 1 pulses
chem: CEN[KCab-m@R] -> 223 neurons (KCab-m@R), 1600 pA x 1 pulses
chem: CEN[MBON*] -> 96 neurons (MBON01@R, MBON02@R, MBON03@R, MBON04@R...), -300 pA x 1 pulses
chem calibration: CEN_C recurrence gain -> 0.002 (chem-run working point, exp019)
simulating 5.0 s ...
plastic state IN KCM: w mean 0.0361 min 0.0300
GPU forward buffers: 256 records, 1367 MB on device
dan-gate: baseline r0 = 0.00 Hz
plastic result KCM: w_scale mean 0.0363 min 0.0300 floor-hit 0/33398 | elig max 38.4553
dan-gate: trace 10000 steps -> D:\Dav\CodeHub\Agent\male-fruit-fly-brain-map\bci\comp1\outputs\_trial_comp_control_r0_p25\_dan_trace.npy | r max 5.1 Hz, r0 0.00 Hz, mod max 0.814, mod integral 125.7 ms
biology loop: 57 s (5000 records)
phi_scalp checksum: L2=2.926937e-04 (baseline A/B file: D:\Dav\CodeHub\Agent\male-fruit-fly-brain-map\bci\comp1\outputs\_trial_comp_control_r0_p25\_debug_phi_scalp.npy)
background EEG: fly signal 0.25 uV vs bg 11.33 uV at 156 deg -> d'=2 needs ~8410 trials (band 2-20 Hz: ~162481)
stim view frames: D:\Dav\CodeHub\Agent\male-fruit-fly-brain-map\bci\comp1\outputs\_trial_comp_control_r0_p25\stim_frames.bin (0.0 MB)
wrote D:\Dav\CodeHub\Agent\male-fruit-fly-brain-map\bci\comp1\outputs\_trial_comp_control_r0_p25\viz_data.json (5.2 MB)
[acquire] global_blocked_r1_p10: D:\Dav\CodeHub\Agent\male-fruit-fly-brain-map\viz\export_data.py --regions visual_bilateral,ol_rest,central_brain,olfactory --visual-input dark --chem-input dangateA --plastic-mb --plastic-lr=-2e-7 --plastic-w0 0.03 --plastic-kcm-gain 0.015 --mbon-dan-gain 178 --plastic-dan-gate 150,0.02,400 --mbon-bias=-300 --t-end 5000.0 --seed 1052 --out D:\Dav\CodeHub\Agent\male-fruit-fly-brain-map\bci\comp1\outputs\_trial_global_blocked_r1_p10 --gpu --plastic-state-out D:\Dav\CodeHub\Agent\male-fruit-fly-brain-map\bci\comp1\outputs\states\global_blocked_r1_p10.npz
circuit cache: HIT circuit-693698e48fa257ee3380.npz (0.9 s)
regions: ON  = visual_bilateral, ol_rest, central_brain, olfactory
regions: OFF = audition, gustatory, proprioception, thermal, touch, vnc, vpn_central   <-- pass --regions to enable
plastic-mb: KCM split 33398 KC->MBON pairs (lr=-2e-07)
mbon-dan-gain: MBMD split 349 GABA MBON->DAN pairs from CEN_C (gain=178; 154 DAN_err cells)
dan-gate: monitoring DAN_err compartment (154 cells) -> 154 neurons, tau=150 ms, gain=0.02, t_ref=400 ms
kernel cache: HIT kernels-03f7b25805ae69ff754e.npz (0.1 s)
visual input: dark -> 1 frames @ 60.0 fps, 3377 photoreceptors sampled
chem: CEN[KCg-m@L] -> 687 neurons (KCg-m@L), 1600 pA x 1 pulses
chem: CEN[KCg-m@R] -> 652 neurons (KCg-m@R), 1600 pA x 1 pulses
chem: CEN[DAN_err] -> 154 neurons (DAN_err), 800 pA x 1 pulses
chem: CEN[KCg-m@L] -> 687 neurons (KCg-m@L), 1600 pA x 1 pulses
chem: CEN[KCg-m@R] -> 652 neurons (KCg-m@R), 1600 pA x 1 pulses
chem: CEN[MBON*] -> 96 neurons (MBON01@R, MBON02@R, MBON03@R, MBON04@R...), -300 pA x 1 pulses
chem calibration: CEN_C recurrence gain -> 0.002 (chem-run working point, exp019)
simulating 5.0 s ...
GPU forward buffers: 256 records, 1367 MB on device
dan-gate: baseline r0 = 0.00 Hz
plastic result KCM: w_scale mean 0.0618 min 0.0300 floor-hit 0/33398 | elig max 39.5770
dan-gate: trace 10000 steps -> D:\Dav\CodeHub\Agent\male-fruit-fly-brain-map\bci\comp1\outputs\_trial_global_blocked_r1_p10\_dan_trace.npy | r max 52.3 Hz, r0 0.00 Hz, mod max 1.000, mod integral 1902.5 ms
biology loop: 55 s (5000 records)
phi_scalp checksum: L2=2.968715e-04 (baseline A/B file: D:\Dav\CodeHub\Agent\male-fruit-fly-brain-map\bci\comp1\outputs\_trial_global_blocked_r1_p10\_debug_phi_scalp.npy)
background EEG: fly signal 0.25 uV vs bg 11.33 uV at 156 deg -> d'=2 needs ~8032 trials (band 2-20 Hz: ~101123)
stim view frames: D:\Dav\CodeHub\Agent\male-fruit-fly-brain-map\bci\comp1\outputs\_trial_global_blocked_r1_p10\stim_frames.bin (0.0 MB)
wrote D:\Dav\CodeHub\Agent\male-fruit-fly-brain-map\bci\comp1\outputs\_trial_global_blocked_r1_p10\viz_data.json (5.2 MB)
[acquire] global_blocked_r1_p11: D:\Dav\CodeHub\Agent\male-fruit-fly-brain-map\viz\export_data.py --regions visual_bilateral,ol_rest,central_brain,olfactory --visual-input dark --chem-input dangateA --plastic-mb --plastic-lr=-2e-7 --plastic-w0 0.03 --plastic-kcm-gain 0.015 --mbon-dan-gain 178 --plastic-dan-gate 150,0.02,400 --mbon-bias=-300 --t-end 5000.0 --seed 1053 --out D:\Dav\CodeHub\Agent\male-fruit-fly-brain-map\bci\comp1\outputs\_trial_global_blocked_r1_p11 --gpu --plastic-state-out D:\Dav\CodeHub\Agent\male-fruit-fly-brain-map\bci\comp1\outputs\states\global_blocked_r1_p11.npz --plastic-state-in D:\Dav\CodeHub\Agent\male-fruit-fly-brain-map\bci\comp1\outputs\states\global_blocked_r1_p10.npz
circuit cache: HIT circuit-693698e48fa257ee3380.npz (0.9 s)
regions: ON  = visual_bilateral, ol_rest, central_brain, olfactory
regions: OFF = audition, gustatory, proprioception, thermal, touch, vnc, vpn_central   <-- pass --regions to enable
plastic-mb: KCM split 33398 KC->MBON pairs (lr=-2e-07)
mbon-dan-gain: MBMD split 349 GABA MBON->DAN pairs from CEN_C (gain=178; 154 DAN_err cells)
dan-gate: monitoring DAN_err compartment (154 cells) -> 154 neurons, tau=150 ms, gain=0.02, t_ref=400 ms
kernel cache: HIT kernels-03f7b25805ae69ff754e.npz (0.1 s)
visual input: dark -> 1 frames @ 60.0 fps, 3377 photoreceptors sampled
chem: CEN[KCg-m@L] -> 687 neurons (KCg-m@L), 1600 pA x 1 pulses
chem: CEN[KCg-m@R] -> 652 neurons (KCg-m@R), 1600 pA x 1 pulses
chem: CEN[DAN_err] -> 154 neurons (DAN_err), 800 pA x 1 pulses
chem: CEN[KCg-m@L] -> 687 neurons (KCg-m@L), 1600 pA x 1 pulses
chem: CEN[KCg-m@R] -> 652 neurons (KCg-m@R), 1600 pA x 1 pulses
chem: CEN[MBON*] -> 96 neurons (MBON01@R, MBON02@R, MBON03@R, MBON04@R...), -300 pA x 1 pulses
chem calibration: CEN_C recurrence gain -> 0.002 (chem-run working point, exp019)
simulating 5.0 s ...
plastic state IN KCM: w mean 0.0618 min 0.0300
GPU forward buffers: 256 records, 1367 MB on device
dan-gate: baseline r0 = 0.00 Hz
plastic result KCM: w_scale mean 0.0818 min 0.0300 floor-hit 0/33398 | elig max 39.6409
dan-gate: trace 10000 steps -> D:\Dav\CodeHub\Agent\male-fruit-fly-brain-map\bci\comp1\outputs\_trial_global_blocked_r1_p11\_dan_trace.npy | r max 32.0 Hz, r0 0.00 Hz, mod max 0.640, mod integral 1207.0 ms
biology loop: 55 s (5000 records)
phi_scalp checksum: L2=2.935287e-04 (baseline A/B file: D:\Dav\CodeHub\Agent\male-fruit-fly-brain-map\bci\comp1\outputs\_trial_global_blocked_r1_p11\_debug_phi_scalp.npy)
background EEG: fly signal 0.24 uV vs bg 11.33 uV at 156 deg -> d'=2 needs ~8958 trials (band 2-20 Hz: ~105219)
stim view frames: D:\Dav\CodeHub\Agent\male-fruit-fly-brain-map\bci\comp1\outputs\_trial_global_blocked_r1_p11\stim_frames.bin (0.0 MB)
wrote D:\Dav\CodeHub\Agent\male-fruit-fly-brain-map\bci\comp1\outputs\_trial_global_blocked_r1_p11\viz_data.json (5.2 MB)
[acquire] global_blocked_r1_p12: D:\Dav\CodeHub\Agent\male-fruit-fly-brain-map\viz\export_data.py --regions visual_bilateral,ol_rest,central_brain,olfactory --visual-input dark --chem-input dangateA --plastic-mb --plastic-lr=-2e-7 --plastic-w0 0.03 --plastic-kcm-gain 0.015 --mbon-dan-gain 178 --plastic-dan-gate 150,0.02,400 --mbon-bias=-300 --t-end 5000.0 --seed 1054 --out D:\Dav\CodeHub\Agent\male-fruit-fly-brain-map\bci\comp1\outputs\_trial_global_blocked_r1_p12 --gpu --plastic-state-out D:\Dav\CodeHub\Agent\male-fruit-fly-brain-map\bci\comp1\outputs\states\global_blocked_r1_p12.npz --plastic-state-in D:\Dav\CodeHub\Agent\male-fruit-fly-brain-map\bci\comp1\outputs\states\global_blocked_r1_p11.npz
circuit cache: HIT circuit-693698e48fa257ee3380.npz (0.9 s)
regions: ON  = visual_bilateral, ol_rest, central_brain, olfactory
regions: OFF = audition, gustatory, proprioception, thermal, touch, vnc, vpn_central   <-- pass --regions to enable
plastic-mb: KCM split 33398 KC->MBON pairs (lr=-2e-07)
mbon-dan-gain: MBMD split 349 GABA MBON->DAN pairs from CEN_C (gain=178; 154 DAN_err cells)
dan-gate: monitoring DAN_err compartment (154 cells) -> 154 neurons, tau=150 ms, gain=0.02, t_ref=400 ms
kernel cache: HIT kernels-03f7b25805ae69ff754e.npz (0.1 s)
visual input: dark -> 1 frames @ 60.0 fps, 3377 photoreceptors sampled
chem: CEN[KCg-m@L] -> 687 neurons (KCg-m@L), 1600 pA x 1 pulses
chem: CEN[KCg-m@R] -> 652 neurons (KCg-m@R), 1600 pA x 1 pulses
chem: CEN[DAN_err] -> 154 neurons (DAN_err), 800 pA x 1 pulses
chem: CEN[KCg-m@L] -> 687 neurons (KCg-m@L), 1600 pA x 1 pulses
chem: CEN[KCg-m@R] -> 652 neurons (KCg-m@R), 1600 pA x 1 pulses
chem: CEN[MBON*] -> 96 neurons (MBON01@R, MBON02@R, MBON03@R, MBON04@R...), -300 pA x 1 pulses
chem calibration: CEN_C recurrence gain -> 0.002 (chem-run working point, exp019)
simulating 5.0 s ...
plastic state IN KCM: w mean 0.0818 min 0.0300
GPU forward buffers: 256 records, 1367 MB on device
dan-gate: baseline r0 = 0.00 Hz
plastic result KCM: w_scale mean 0.0992 min 0.0300 floor-hit 0/33398 | elig max 39.6243
dan-gate: trace 10000 steps -> D:\Dav\CodeHub\Agent\male-fruit-fly-brain-map\bci\comp1\outputs\_trial_global_blocked_r1_p12\_dan_trace.npy | r max 29.6 Hz, r0 0.00 Hz, mod max 0.592, mod integral 1053.2 ms
biology loop: 55 s (5000 records)
phi_scalp checksum: L2=2.894000e-04 (baseline A/B file: D:\Dav\CodeHub\Agent\male-fruit-fly-brain-map\bci\comp1\outputs\_trial_global_blocked_r1_p12\_debug_phi_scalp.npy)
background EEG: fly signal 0.23 uV vs bg 11.33 uV at 156 deg -> d'=2 needs ~10150 trials (band 2-20 Hz: ~111862)
stim view frames: D:\Dav\CodeHub\Agent\male-fruit-fly-brain-map\bci\comp1\outputs\_trial_global_blocked_r1_p12\stim_frames.bin (0.0 MB)
wrote D:\Dav\CodeHub\Agent\male-fruit-fly-brain-map\bci\comp1\outputs\_trial_global_blocked_r1_p12\viz_data.json (5.2 MB)
[acquire] global_blocked_r1_p13: D:\Dav\CodeHub\Agent\male-fruit-fly-brain-map\viz\export_data.py --regions visual_bilateral,ol_rest,central_brain,olfactory --visual-input dark --chem-input dangateA --plastic-mb --plastic-lr=-2e-7 --plastic-w0 0.03 --plastic-kcm-gain 0.015 --mbon-dan-gain 178 --plastic-dan-gate 150,0.02,400 --mbon-bias=-300 --t-end 5000.0 --seed 1055 --out D:\Dav\CodeHub\Agent\male-fruit-fly-brain-map\bci\comp1\outputs\_trial_global_blocked_r1_p13 --gpu --plastic-state-out D:\Dav\CodeHub\Agent\male-fruit-fly-brain-map\bci\comp1\outputs\states\global_blocked_r1_p13.npz --plastic-state-in D:\Dav\CodeHub\Agent\male-fruit-fly-brain-map\bci\comp1\outputs\states\global_blocked_r1_p12.npz
circuit cache: HIT circuit-693698e48fa257ee3380.npz (0.9 s)
regions: ON  = visual_bilateral, ol_rest, central_brain, olfactory
regions: OFF = audition, gustatory, proprioception, thermal, touch, vnc, vpn_central   <-- pass --regions to enable
plastic-mb: KCM split 33398 KC->MBON pairs (lr=-2e-07)
mbon-dan-gain: MBMD split 349 GABA MBON->DAN pairs from CEN_C (gain=178; 154 DAN_err cells)
dan-gate: monitoring DAN_err compartment (154 cells) -> 154 neurons, tau=150 ms, gain=0.02, t_ref=400 ms
kernel cache: HIT kernels-03f7b25805ae69ff754e.npz (0.1 s)
visual input: dark -> 1 frames @ 60.0 fps, 3377 photoreceptors sampled
chem: CEN[KCg-m@L] -> 687 neurons (KCg-m@L), 1600 pA x 1 pulses
chem: CEN[KCg-m@R] -> 652 neurons (KCg-m@R), 1600 pA x 1 pulses
chem: CEN[DAN_err] -> 154 neurons (DAN_err), 800 pA x 1 pulses
chem: CEN[KCg-m@L] -> 687 neurons (KCg-m@L), 1600 pA x 1 pulses
chem: CEN[KCg-m@R] -> 652 neurons (KCg-m@R), 1600 pA x 1 pulses
chem: CEN[MBON*] -> 96 neurons (MBON01@R, MBON02@R, MBON03@R, MBON04@R...), -300 pA x 1 pulses
chem calibration: CEN_C recurrence gain -> 0.002 (chem-run working point, exp019)
simulating 5.0 s ...
plastic state IN KCM: w mean 0.0992 min 0.0300
GPU forward buffers: 256 records, 1367 MB on device
dan-gate: baseline r0 = 0.00 Hz
plastic result KCM: w_scale mean 0.1119 min 0.0300 floor-hit 0/33398 | elig max 40.2174
dan-gate: trace 10000 steps -> D:\Dav\CodeHub\Agent\male-fruit-fly-brain-map\bci\comp1\outputs\_trial_global_blocked_r1_p13\_dan_trace.npy | r max 21.6 Hz, r0 0.00 Hz, mod max 0.431, mod integral 765.1 ms
biology loop: 58 s (5000 records)
phi_scalp checksum: L2=3.207650e-04 (baseline A/B file: D:\Dav\CodeHub\Agent\male-fruit-fly-brain-map\bci\comp1\outputs\_trial_global_blocked_r1_p13\_debug_phi_scalp.npy)
background EEG: fly signal 0.11 uV vs bg 11.33 uV at 156 deg -> d'=2 needs ~40743 trials (band 2-20 Hz: ~156207)
stim view frames: D:\Dav\CodeHub\Agent\male-fruit-fly-brain-map\bci\comp1\outputs\_trial_global_blocked_r1_p13\stim_frames.bin (0.0 MB)
wrote D:\Dav\CodeHub\Agent\male-fruit-fly-brain-map\bci\comp1\outputs\_trial_global_blocked_r1_p13\viz_data.json (5.2 MB)
[acquire] global_blocked_r1_p20: D:\Dav\CodeHub\Agent\male-fruit-fly-brain-map\viz\export_data.py --regions visual_bilateral,ol_rest,central_brain,olfactory --visual-input dark --chem-input dangateAB --plastic-mb --plastic-lr=-2e-7 --plastic-w0 0.03 --plastic-kcm-gain 0.015 --mbon-dan-gain 178 --plastic-dan-gate 150,0.02,400 --mbon-bias=-300 --t-end 5000.0 --seed 1052 --out D:\Dav\CodeHub\Agent\male-fruit-fly-brain-map\bci\comp1\outputs\_trial_global_blocked_r1_p20 --gpu --plastic-state-out D:\Dav\CodeHub\Agent\male-fruit-fly-brain-map\bci\comp1\outputs\states\global_blocked_r1_p20.npz --plastic-state-in D:\Dav\CodeHub\Agent\male-fruit-fly-brain-map\bci\comp1\outputs\states\global_blocked_r1_p13.npz
circuit cache: HIT circuit-693698e48fa257ee3380.npz (0.9 s)
regions: ON  = visual_bilateral, ol_rest, central_brain, olfactory
regions: OFF = audition, gustatory, proprioception, thermal, touch, vnc, vpn_central   <-- pass --regions to enable
plastic-mb: KCM split 33398 KC->MBON pairs (lr=-2e-07)
mbon-dan-gain: MBMD split 349 GABA MBON->DAN pairs from CEN_C (gain=178; 154 DAN_err cells)
dan-gate: monitoring DAN_err compartment (154 cells) -> 154 neurons, tau=150 ms, gain=0.02, t_ref=400 ms
kernel cache: HIT kernels-03f7b25805ae69ff754e.npz (0.1 s)
visual input: dark -> 1 frames @ 60.0 fps, 3377 photoreceptors sampled
chem: CEN[KCg-m@L] -> 687 neurons (KCg-m@L), 1600 pA x 1 pulses
chem: CEN[KCg-m@R] -> 652 neurons (KCg-m@R), 1600 pA x 1 pulses
chem: CEN[DAN_err] -> 154 neurons (DAN_err), 800 pA x 1 pulses
chem: CEN[KCab-m@L] -> 307 neurons (KCab-m@L), 1600 pA x 1 pulses
chem: CEN[KCab-m@R] -> 223 neurons (KCab-m@R), 1600 pA x 1 pulses
chem: CEN[KCab-m@L] -> 307 neurons (KCab-m@L), 1600 pA x 1 pulses
chem: CEN[KCab-m@R] -> 223 neurons (KCab-m@R), 1600 pA x 1 pulses
chem: CEN[MBON*] -> 96 neurons (MBON01@R, MBON02@R, MBON03@R, MBON04@R...), -300 pA x 1 pulses
chem calibration: CEN_C recurrence gain -> 0.002 (chem-run working point, exp019)
simulating 5.0 s ...
plastic state IN KCM: w mean 0.1119 min 0.0300
GPU forward buffers: 256 records, 1367 MB on device
dan-gate: baseline r0 = 0.00 Hz
plastic result KCM: w_scale mean 0.1269 min 0.0300 floor-hit 0/33398 | elig max 38.7327
dan-gate: trace 10000 steps -> D:\Dav\CodeHub\Agent\male-fruit-fly-brain-map\bci\comp1\outputs\_trial_global_blocked_r1_p20\_dan_trace.npy | r max 19.3 Hz, r0 0.00 Hz, mod max 0.385, mod integral 714.6 ms
biology loop: 58 s (5000 records)
phi_scalp checksum: L2=3.320925e-04 (baseline A/B file: D:\Dav\CodeHub\Agent\male-fruit-fly-brain-map\bci\comp1\outputs\_trial_global_blocked_r1_p20\_debug_phi_scalp.npy)
background EEG: fly signal 0.16 uV vs bg 11.33 uV at 156 deg -> d'=2 needs ~19680 trials (band 2-20 Hz: ~165552)
stim view frames: D:\Dav\CodeHub\Agent\male-fruit-fly-brain-map\bci\comp1\outputs\_trial_global_blocked_r1_p20\stim_frames.bin (0.0 MB)
wrote D:\Dav\CodeHub\Agent\male-fruit-fly-brain-map\bci\comp1\outputs\_trial_global_blocked_r1_p20\viz_data.json (5.2 MB)
[acquire] global_blocked_r1_p21: D:\Dav\CodeHub\Agent\male-fruit-fly-brain-map\viz\export_data.py --regions visual_bilateral,ol_rest,central_brain,olfactory --visual-input dark --chem-input dangateAB --plastic-mb --plastic-lr=-2e-7 --plastic-w0 0.03 --plastic-kcm-gain 0.015 --mbon-dan-gain 178 --plastic-dan-gate 150,0.02,400 --mbon-bias=-300 --t-end 5000.0 --seed 1053 --out D:\Dav\CodeHub\Agent\male-fruit-fly-brain-map\bci\comp1\outputs\_trial_global_blocked_r1_p21 --gpu --plastic-state-out D:\Dav\CodeHub\Agent\male-fruit-fly-brain-map\bci\comp1\outputs\states\global_blocked_r1_p21.npz --plastic-state-in D:\Dav\CodeHub\Agent\male-fruit-fly-brain-map\bci\comp1\outputs\states\global_blocked_r1_p20.npz
circuit cache: HIT circuit-693698e48fa257ee3380.npz (0.9 s)
regions: ON  = visual_bilateral, ol_rest, central_brain, olfactory
regions: OFF = audition, gustatory, proprioception, thermal, touch, vnc, vpn_central   <-- pass --regions to enable
plastic-mb: KCM split 33398 KC->MBON pairs (lr=-2e-07)
mbon-dan-gain: MBMD split 349 GABA MBON->DAN pairs from CEN_C (gain=178; 154 DAN_err cells)
dan-gate: monitoring DAN_err compartment (154 cells) -> 154 neurons, tau=150 ms, gain=0.02, t_ref=400 ms
kernel cache: HIT kernels-03f7b25805ae69ff754e.npz (0.1 s)
visual input: dark -> 1 frames @ 60.0 fps, 3377 photoreceptors sampled
chem: CEN[KCg-m@L] -> 687 neurons (KCg-m@L), 1600 pA x 1 pulses
chem: CEN[KCg-m@R] -> 652 neurons (KCg-m@R), 1600 pA x 1 pulses
chem: CEN[DAN_err] -> 154 neurons (DAN_err), 800 pA x 1 pulses
chem: CEN[KCab-m@L] -> 307 neurons (KCab-m@L), 1600 pA x 1 pulses
chem: CEN[KCab-m@R] -> 223 neurons (KCab-m@R), 1600 pA x 1 pulses
chem: CEN[KCab-m@L] -> 307 neurons (KCab-m@L), 1600 pA x 1 pulses
chem: CEN[KCab-m@R] -> 223 neurons (KCab-m@R), 1600 pA x 1 pulses
chem: CEN[MBON*] -> 96 neurons (MBON01@R, MBON02@R, MBON03@R, MBON04@R...), -300 pA x 1 pulses
chem calibration: CEN_C recurrence gain -> 0.002 (chem-run working point, exp019)
simulating 5.0 s ...
plastic state IN KCM: w mean 0.1269 min 0.0300
GPU forward buffers: 256 records, 1367 MB on device
dan-gate: baseline r0 = 0.00 Hz
plastic result KCM: w_scale mean 0.1419 min 0.0300 floor-hit 0/33398 | elig max 38.7695
dan-gate: trace 10000 steps -> D:\Dav\CodeHub\Agent\male-fruit-fly-brain-map\bci\comp1\outputs\_trial_global_blocked_r1_p21\_dan_trace.npy | r max 19.5 Hz, r0 0.00 Hz, mod max 0.390, mod integral 711.1 ms
biology loop: 58 s (5000 records)
phi_scalp checksum: L2=3.151139e-04 (baseline A/B file: D:\Dav\CodeHub\Agent\male-fruit-fly-brain-map\bci\comp1\outputs\_trial_global_blocked_r1_p21\_debug_phi_scalp.npy)
background EEG: fly signal 0.12 uV vs bg 11.33 uV at 156 deg -> d'=2 needs ~33234 trials (band 2-20 Hz: ~94585)
stim view frames: D:\Dav\CodeHub\Agent\male-fruit-fly-brain-map\bci\comp1\outputs\_trial_global_blocked_r1_p21\stim_frames.bin (0.0 MB)
wrote D:\Dav\CodeHub\Agent\male-fruit-fly-brain-map\bci\comp1\outputs\_trial_global_blocked_r1_p21\viz_data.json (5.2 MB)
[acquire] global_blocked_r1_p22: D:\Dav\CodeHub\Agent\male-fruit-fly-brain-map\viz\export_data.py --regions visual_bilateral,ol_rest,central_brain,olfactory --visual-input dark --chem-input dangateAB --plastic-mb --plastic-lr=-2e-7 --plastic-w0 0.03 --plastic-kcm-gain 0.015 --mbon-dan-gain 178 --plastic-dan-gate 150,0.02,400 --mbon-bias=-300 --t-end 5000.0 --seed 1054 --out D:\Dav\CodeHub\Agent\male-fruit-fly-brain-map\bci\comp1\outputs\_trial_global_blocked_r1_p22 --gpu --plastic-state-out D:\Dav\CodeHub\Agent\male-fruit-fly-brain-map\bci\comp1\outputs\states\global_blocked_r1_p22.npz --plastic-state-in D:\Dav\CodeHub\Agent\male-fruit-fly-brain-map\bci\comp1\outputs\states\global_blocked_r1_p21.npz
circuit cache: HIT circuit-693698e48fa257ee3380.npz (0.9 s)
regions: ON  = visual_bilateral, ol_rest, central_brain, olfactory
regions: OFF = audition, gustatory, proprioception, thermal, touch, vnc, vpn_central   <-- pass --regions to enable
plastic-mb: KCM split 33398 KC->MBON pairs (lr=-2e-07)
mbon-dan-gain: MBMD split 349 GABA MBON->DAN pairs from CEN_C (gain=178; 154 DAN_err cells)
dan-gate: monitoring DAN_err compartment (154 cells) -> 154 neurons, tau=150 ms, gain=0.02, t_ref=400 ms
kernel cache: HIT kernels-03f7b25805ae69ff754e.npz (0.1 s)
visual input: dark -> 1 frames @ 60.0 fps, 3377 photoreceptors sampled
chem: CEN[KCg-m@L] -> 687 neurons (KCg-m@L), 1600 pA x 1 pulses
chem: CEN[KCg-m@R] -> 652 neurons (KCg-m@R), 1600 pA x 1 pulses
chem: CEN[DAN_err] -> 154 neurons (DAN_err), 800 pA x 1 pulses
chem: CEN[KCab-m@L] -> 307 neurons (KCab-m@L), 1600 pA x 1 pulses
chem: CEN[KCab-m@R] -> 223 neurons (KCab-m@R), 1600 pA x 1 pulses
chem: CEN[KCab-m@L] -> 307 neurons (KCab-m@L), 1600 pA x 1 pulses
chem: CEN[KCab-m@R] -> 223 neurons (KCab-m@R), 1600 pA x 1 pulses
chem: CEN[MBON*] -> 96 neurons (MBON01@R, MBON02@R, MBON03@R, MBON04@R...), -300 pA x 1 pulses
chem calibration: CEN_C recurrence gain -> 0.002 (chem-run working point, exp019)
simulating 5.0 s ...
plastic state IN KCM: w mean 0.1419 min 0.0300
GPU forward buffers: 256 records, 1367 MB on device
dan-gate: baseline r0 = 0.00 Hz
plastic result KCM: w_scale mean 0.1566 min 0.0300 floor-hit 0/33398 | elig max 38.7632
dan-gate: trace 10000 steps -> D:\Dav\CodeHub\Agent\male-fruit-fly-brain-map\bci\comp1\outputs\_trial_global_blocked_r1_p22\_dan_trace.npy | r max 17.7 Hz, r0 0.00 Hz, mod max 0.354, mod integral 693.7 ms
biology loop: 59 s (5000 records)
phi_scalp checksum: L2=3.271459e-04 (baseline A/B file: D:\Dav\CodeHub\Agent\male-fruit-fly-brain-map\bci\comp1\outputs\_trial_global_blocked_r1_p22\_debug_phi_scalp.npy)
background EEG: fly signal 0.14 uV vs bg 11.33 uV at 156 deg -> d'=2 needs ~28045 trials (band 2-20 Hz: ~156232)
stim view frames: D:\Dav\CodeHub\Agent\male-fruit-fly-brain-map\bci\comp1\outputs\_trial_global_blocked_r1_p22\stim_frames.bin (0.0 MB)
wrote D:\Dav\CodeHub\Agent\male-fruit-fly-brain-map\bci\comp1\outputs\_trial_global_blocked_r1_p22\viz_data.json (5.2 MB)
[acquire] global_blocked_r1_p23: D:\Dav\CodeHub\Agent\male-fruit-fly-brain-map\viz\export_data.py --regions visual_bilateral,ol_rest,central_brain,olfactory --visual-input dark --chem-input dangateAB --plastic-mb --plastic-lr=-2e-7 --plastic-w0 0.03 --plastic-kcm-gain 0.015 --mbon-dan-gain 178 --plastic-dan-gate 150,0.02,400 --mbon-bias=-300 --t-end 5000.0 --seed 1055 --out D:\Dav\CodeHub\Agent\male-fruit-fly-brain-map\bci\comp1\outputs\_trial_global_blocked_r1_p23 --gpu --plastic-state-out D:\Dav\CodeHub\Agent\male-fruit-fly-brain-map\bci\comp1\outputs\states\global_blocked_r1_p23.npz --plastic-state-in D:\Dav\CodeHub\Agent\male-fruit-fly-brain-map\bci\comp1\outputs\states\global_blocked_r1_p22.npz
circuit cache: HIT circuit-693698e48fa257ee3380.npz (0.9 s)
regions: ON  = visual_bilateral, ol_rest, central_brain, olfactory
regions: OFF = audition, gustatory, proprioception, thermal, touch, vnc, vpn_central   <-- pass --regions to enable
plastic-mb: KCM split 33398 KC->MBON pairs (lr=-2e-07)
mbon-dan-gain: MBMD split 349 GABA MBON->DAN pairs from CEN_C (gain=178; 154 DAN_err cells)
dan-gate: monitoring DAN_err compartment (154 cells) -> 154 neurons, tau=150 ms, gain=0.02, t_ref=400 ms
kernel cache: HIT kernels-03f7b25805ae69ff754e.npz (0.1 s)
visual input: dark -> 1 frames @ 60.0 fps, 3377 photoreceptors sampled
chem: CEN[KCg-m@L] -> 687 neurons (KCg-m@L), 1600 pA x 1 pulses
chem: CEN[KCg-m@R] -> 652 neurons (KCg-m@R), 1600 pA x 1 pulses
chem: CEN[DAN_err] -> 154 neurons (DAN_err), 800 pA x 1 pulses
chem: CEN[KCab-m@L] -> 307 neurons (KCab-m@L), 1600 pA x 1 pulses
chem: CEN[KCab-m@R] -> 223 neurons (KCab-m@R), 1600 pA x 1 pulses
chem: CEN[KCab-m@L] -> 307 neurons (KCab-m@L), 1600 pA x 1 pulses
chem: CEN[KCab-m@R] -> 223 neurons (KCab-m@R), 1600 pA x 1 pulses
chem: CEN[MBON*] -> 96 neurons (MBON01@R, MBON02@R, MBON03@R, MBON04@R...), -300 pA x 1 pulses
chem calibration: CEN_C recurrence gain -> 0.002 (chem-run working point, exp019)
simulating 5.0 s ...
plastic state IN KCM: w mean 0.1566 min 0.0300
GPU forward buffers: 256 records, 1367 MB on device
dan-gate: baseline r0 = 0.00 Hz
plastic result KCM: w_scale mean 0.1712 min 0.0300 floor-hit 0/33398 | elig max 38.8360
dan-gate: trace 10000 steps -> D:\Dav\CodeHub\Agent\male-fruit-fly-brain-map\bci\comp1\outputs\_trial_global_blocked_r1_p23\_dan_trace.npy | r max 17.7 Hz, r0 0.00 Hz, mod max 0.354, mod integral 691.3 ms
biology loop: 59 s (5000 records)
phi_scalp checksum: L2=3.063366e-04 (baseline A/B file: D:\Dav\CodeHub\Agent\male-fruit-fly-brain-map\bci\comp1\outputs\_trial_global_blocked_r1_p23\_debug_phi_scalp.npy)
background EEG: fly signal 0.12 uV vs bg 11.33 uV at 156 deg -> d'=2 needs ~34450 trials (band 2-20 Hz: ~84644)
stim view frames: D:\Dav\CodeHub\Agent\male-fruit-fly-brain-map\bci\comp1\outputs\_trial_global_blocked_r1_p23\stim_frames.bin (0.0 MB)
wrote D:\Dav\CodeHub\Agent\male-fruit-fly-brain-map\bci\comp1\outputs\_trial_global_blocked_r1_p23\viz_data.json (5.2 MB)
[acquire] global_blocked_r1_p24: D:\Dav\CodeHub\Agent\male-fruit-fly-brain-map\viz\export_data.py --regions visual_bilateral,ol_rest,central_brain,olfactory --visual-input dark --chem-input dangateAB --plastic-mb --plastic-lr=-2e-7 --plastic-w0 0.03 --plastic-kcm-gain 0.015 --mbon-dan-gain 178 --plastic-dan-gate 150,0.02,400 --mbon-bias=-300 --t-end 5000.0 --seed 1056 --out D:\Dav\CodeHub\Agent\male-fruit-fly-brain-map\bci\comp1\outputs\_trial_global_blocked_r1_p24 --gpu --plastic-state-out D:\Dav\CodeHub\Agent\male-fruit-fly-brain-map\bci\comp1\outputs\states\global_blocked_r1_p24.npz --plastic-state-in D:\Dav\CodeHub\Agent\male-fruit-fly-brain-map\bci\comp1\outputs\states\global_blocked_r1_p23.npz
circuit cache: HIT circuit-693698e48fa257ee3380.npz (0.9 s)
regions: ON  = visual_bilateral, ol_rest, central_brain, olfactory
regions: OFF = audition, gustatory, proprioception, thermal, touch, vnc, vpn_central   <-- pass --regions to enable
plastic-mb: KCM split 33398 KC->MBON pairs (lr=-2e-07)
mbon-dan-gain: MBMD split 349 GABA MBON->DAN pairs from CEN_C (gain=178; 154 DAN_err cells)
dan-gate: monitoring DAN_err compartment (154 cells) -> 154 neurons, tau=150 ms, gain=0.02, t_ref=400 ms
kernel cache: HIT kernels-03f7b25805ae69ff754e.npz (0.1 s)
visual input: dark -> 1 frames @ 60.0 fps, 3377 photoreceptors sampled
chem: CEN[KCg-m@L] -> 687 neurons (KCg-m@L), 1600 pA x 1 pulses
chem: CEN[KCg-m@R] -> 652 neurons (KCg-m@R), 1600 pA x 1 pulses
chem: CEN[DAN_err] -> 154 neurons (DAN_err), 800 pA x 1 pulses
chem: CEN[KCab-m@L] -> 307 neurons (KCab-m@L), 1600 pA x 1 pulses
chem: CEN[KCab-m@R] -> 223 neurons (KCab-m@R), 1600 pA x 1 pulses
chem: CEN[KCab-m@L] -> 307 neurons (KCab-m@L), 1600 pA x 1 pulses
chem: CEN[KCab-m@R] -> 223 neurons (KCab-m@R), 1600 pA x 1 pulses
chem: CEN[MBON*] -> 96 neurons (MBON01@R, MBON02@R, MBON03@R, MBON04@R...), -300 pA x 1 pulses
chem calibration: CEN_C recurrence gain -> 0.002 (chem-run working point, exp019)
simulating 5.0 s ...
plastic state IN KCM: w mean 0.1712 min 0.0300
GPU forward buffers: 256 records, 1367 MB on device
dan-gate: baseline r0 = 0.00 Hz
plastic result KCM: w_scale mean 0.1860 min 0.0300 floor-hit 0/33398 | elig max 38.8102
dan-gate: trace 10000 steps -> D:\Dav\CodeHub\Agent\male-fruit-fly-brain-map\bci\comp1\outputs\_trial_global_blocked_r1_p24\_dan_trace.npy | r max 18.1 Hz, r0 0.00 Hz, mod max 0.361, mod integral 696.5 ms
biology loop: 59 s (5000 records)
phi_scalp checksum: L2=3.011985e-04 (baseline A/B file: D:\Dav\CodeHub\Agent\male-fruit-fly-brain-map\bci\comp1\outputs\_trial_global_blocked_r1_p24\_debug_phi_scalp.npy)
background EEG: fly signal 0.13 uV vs bg 11.33 uV at 156 deg -> d'=2 needs ~31856 trials (band 2-20 Hz: ~74490)
stim view frames: D:\Dav\CodeHub\Agent\male-fruit-fly-brain-map\bci\comp1\outputs\_trial_global_blocked_r1_p24\stim_frames.bin (0.0 MB)
wrote D:\Dav\CodeHub\Agent\male-fruit-fly-brain-map\bci\comp1\outputs\_trial_global_blocked_r1_p24\viz_data.json (5.2 MB)
[acquire] global_blocked_r1_p25: D:\Dav\CodeHub\Agent\male-fruit-fly-brain-map\viz\export_data.py --regions visual_bilateral,ol_rest,central_brain,olfactory --visual-input dark --chem-input dangateAB --plastic-mb --plastic-lr=-2e-7 --plastic-w0 0.03 --plastic-kcm-gain 0.015 --mbon-dan-gain 178 --plastic-dan-gate 150,0.02,400 --mbon-bias=-300 --t-end 5000.0 --seed 1057 --out D:\Dav\CodeHub\Agent\male-fruit-fly-brain-map\bci\comp1\outputs\_trial_global_blocked_r1_p25 --gpu --plastic-state-out D:\Dav\CodeHub\Agent\male-fruit-fly-brain-map\bci\comp1\outputs\states\global_blocked_r1_p25.npz --plastic-state-in D:\Dav\CodeHub\Agent\male-fruit-fly-brain-map\bci\comp1\outputs\states\global_blocked_r1_p24.npz
circuit cache: HIT circuit-693698e48fa257ee3380.npz (0.9 s)
regions: ON  = visual_bilateral, ol_rest, central_brain, olfactory
regions: OFF = audition, gustatory, proprioception, thermal, touch, vnc, vpn_central   <-- pass --regions to enable
plastic-mb: KCM split 33398 KC->MBON pairs (lr=-2e-07)
mbon-dan-gain: MBMD split 349 GABA MBON->DAN pairs from CEN_C (gain=178; 154 DAN_err cells)
dan-gate: monitoring DAN_err compartment (154 cells) -> 154 neurons, tau=150 ms, gain=0.02, t_ref=400 ms
kernel cache: HIT kernels-03f7b25805ae69ff754e.npz (0.1 s)
visual input: dark -> 1 frames @ 60.0 fps, 3377 photoreceptors sampled
chem: CEN[KCg-m@L] -> 687 neurons (KCg-m@L), 1600 pA x 1 pulses
chem: CEN[KCg-m@R] -> 652 neurons (KCg-m@R), 1600 pA x 1 pulses
chem: CEN[DAN_err] -> 154 neurons (DAN_err), 800 pA x 1 pulses
chem: CEN[KCab-m@L] -> 307 neurons (KCab-m@L), 1600 pA x 1 pulses
chem: CEN[KCab-m@R] -> 223 neurons (KCab-m@R), 1600 pA x 1 pulses
chem: CEN[KCab-m@L] -> 307 neurons (KCab-m@L), 1600 pA x 1 pulses
chem: CEN[KCab-m@R] -> 223 neurons (KCab-m@R), 1600 pA x 1 pulses
chem: CEN[MBON*] -> 96 neurons (MBON01@R, MBON02@R, MBON03@R, MBON04@R...), -300 pA x 1 pulses
chem calibration: CEN_C recurrence gain -> 0.002 (chem-run working point, exp019)
simulating 5.0 s ...
plastic state IN KCM: w mean 0.1860 min 0.0300
GPU forward buffers: 256 records, 1367 MB on device
dan-gate: baseline r0 = 0.00 Hz
plastic result KCM: w_scale mean 0.2005 min 0.0300 floor-hit 0/33398 | elig max 38.9197
dan-gate: trace 10000 steps -> D:\Dav\CodeHub\Agent\male-fruit-fly-brain-map\bci\comp1\outputs\_trial_global_blocked_r1_p25\_dan_trace.npy | r max 17.6 Hz, r0 0.00 Hz, mod max 0.353, mod integral 681.3 ms
biology loop: 60 s (5000 records)
phi_scalp checksum: L2=3.161590e-04 (baseline A/B file: D:\Dav\CodeHub\Agent\male-fruit-fly-brain-map\bci\comp1\outputs\_trial_global_blocked_r1_p25\_debug_phi_scalp.npy)
background EEG: fly signal 0.10 uV vs bg 11.33 uV at 156 deg -> d'=2 needs ~48345 trials (band 2-20 Hz: ~139415)
stim view frames: D:\Dav\CodeHub\Agent\male-fruit-fly-brain-map\bci\comp1\outputs\_trial_global_blocked_r1_p25\stim_frames.bin (0.0 MB)
wrote D:\Dav\CodeHub\Agent\male-fruit-fly-brain-map\bci\comp1\outputs\_trial_global_blocked_r1_p25\viz_data.json (5.2 MB)
[acquire] global_control_r1_p10: D:\Dav\CodeHub\Agent\male-fruit-fly-brain-map\viz\export_data.py --regions visual_bilateral,ol_rest,central_brain,olfactory --visual-input dark --chem-input dangateC --plastic-mb --plastic-lr=-2e-7 --plastic-w0 0.03 --plastic-kcm-gain 0.015 --mbon-dan-gain 178 --plastic-dan-gate 150,0.02,400 --mbon-bias=-300 --t-end 5000.0 --seed 1102 --out D:\Dav\CodeHub\Agent\male-fruit-fly-brain-map\bci\comp1\outputs\_trial_global_control_r1_p10 --gpu --plastic-state-out D:\Dav\CodeHub\Agent\male-fruit-fly-brain-map\bci\comp1\outputs\states\global_control_r1_p10.npz
circuit cache: HIT circuit-693698e48fa257ee3380.npz (0.9 s)
regions: ON  = visual_bilateral, ol_rest, central_brain, olfactory
regions: OFF = audition, gustatory, proprioception, thermal, touch, vnc, vpn_central   <-- pass --regions to enable
plastic-mb: KCM split 33398 KC->MBON pairs (lr=-2e-07)
mbon-dan-gain: MBMD split 349 GABA MBON->DAN pairs from CEN_C (gain=178; 154 DAN_err cells)
dan-gate: monitoring DAN_err compartment (154 cells) -> 154 neurons, tau=150 ms, gain=0.02, t_ref=400 ms
kernel cache: HIT kernels-03f7b25805ae69ff754e.npz (0.1 s)
visual input: dark -> 1 frames @ 60.0 fps, 3377 photoreceptors sampled
chem: CEN[KCab-s@L] -> 234 neurons (KCab-s@L), 1600 pA x 1 pulses
chem: CEN[KCab-s@R] -> 421 neurons (KCab-s@R), 1600 pA x 1 pulses
chem: CEN[DAN_err] -> 154 neurons (DAN_err), 800 pA x 1 pulses
chem: CEN[KCab-s@L] -> 234 neurons (KCab-s@L), 1600 pA x 1 pulses
chem: CEN[KCab-s@R] -> 421 neurons (KCab-s@R), 1600 pA x 1 pulses
chem: CEN[MBON*] -> 96 neurons (MBON01@R, MBON02@R, MBON03@R, MBON04@R...), -300 pA x 1 pulses
chem calibration: CEN_C recurrence gain -> 0.002 (chem-run working point, exp019)
simulating 5.0 s ...
GPU forward buffers: 256 records, 1367 MB on device
dan-gate: baseline r0 = 0.00 Hz
plastic result KCM: w_scale mean 0.0452 min 0.0300 floor-hit 0/33398 | elig max 38.4778
dan-gate: trace 10000 steps -> D:\Dav\CodeHub\Agent\male-fruit-fly-brain-map\bci\comp1\outputs\_trial_global_control_r1_p10\_dan_trace.npy | r max 116.6 Hz, r0 0.00 Hz, mod max 1.000, mod integral 2166.5 ms
biology loop: 57 s (5000 records)
phi_scalp checksum: L2=2.743455e-04 (baseline A/B file: D:\Dav\CodeHub\Agent\male-fruit-fly-brain-map\bci\comp1\outputs\_trial_global_control_r1_p10\_debug_phi_scalp.npy)
background EEG: fly signal 0.17 uV vs bg 13.10 uV at 168 deg -> d'=2 needs ~24759 trials (band 2-20 Hz: ~416068)
stim view frames: D:\Dav\CodeHub\Agent\male-fruit-fly-brain-map\bci\comp1\outputs\_trial_global_control_r1_p10\stim_frames.bin (0.0 MB)
wrote D:\Dav\CodeHub\Agent\male-fruit-fly-brain-map\bci\comp1\outputs\_trial_global_control_r1_p10\viz_data.json (5.2 MB)
[acquire] global_control_r1_p11: D:\Dav\CodeHub\Agent\male-fruit-fly-brain-map\viz\export_data.py --regions visual_bilateral,ol_rest,central_brain,olfactory --visual-input dark --chem-input dangateC --plastic-mb --plastic-lr=-2e-7 --plastic-w0 0.03 --plastic-kcm-gain 0.015 --mbon-dan-gain 178 --plastic-dan-gate 150,0.02,400 --mbon-bias=-300 --t-end 5000.0 --seed 1103 --out D:\Dav\CodeHub\Agent\male-fruit-fly-brain-map\bci\comp1\outputs\_trial_global_control_r1_p11 --gpu --plastic-state-out D:\Dav\CodeHub\Agent\male-fruit-fly-brain-map\bci\comp1\outputs\states\global_control_r1_p11.npz --plastic-state-in D:\Dav\CodeHub\Agent\male-fruit-fly-brain-map\bci\comp1\outputs\states\global_control_r1_p10.npz
circuit cache: HIT circuit-693698e48fa257ee3380.npz (0.9 s)
regions: ON  = visual_bilateral, ol_rest, central_brain, olfactory
regions: OFF = audition, gustatory, proprioception, thermal, touch, vnc, vpn_central   <-- pass --regions to enable
plastic-mb: KCM split 33398 KC->MBON pairs (lr=-2e-07)
mbon-dan-gain: MBMD split 349 GABA MBON->DAN pairs from CEN_C (gain=178; 154 DAN_err cells)
dan-gate: monitoring DAN_err compartment (154 cells) -> 154 neurons, tau=150 ms, gain=0.02, t_ref=400 ms
kernel cache: HIT kernels-03f7b25805ae69ff754e.npz (0.1 s)
visual input: dark -> 1 frames @ 60.0 fps, 3377 photoreceptors sampled
chem: CEN[KCab-s@L] -> 234 neurons (KCab-s@L), 1600 pA x 1 pulses
chem: CEN[KCab-s@R] -> 421 neurons (KCab-s@R), 1600 pA x 1 pulses
chem: CEN[DAN_err] -> 154 neurons (DAN_err), 800 pA x 1 pulses
chem: CEN[KCab-s@L] -> 234 neurons (KCab-s@L), 1600 pA x 1 pulses
chem: CEN[KCab-s@R] -> 421 neurons (KCab-s@R), 1600 pA x 1 pulses
chem: CEN[MBON*] -> 96 neurons (MBON01@R, MBON02@R, MBON03@R, MBON04@R...), -300 pA x 1 pulses
chem calibration: CEN_C recurrence gain -> 0.002 (chem-run working point, exp019)
simulating 5.0 s ...
plastic state IN KCM: w mean 0.0452 min 0.0300
GPU forward buffers: 256 records, 1367 MB on device
dan-gate: baseline r0 = 0.00 Hz
plastic result KCM: w_scale mean 0.0604 min 0.0300 floor-hit 0/33398 | elig max 38.4829
dan-gate: trace 10000 steps -> D:\Dav\CodeHub\Agent\male-fruit-fly-brain-map\bci\comp1\outputs\_trial_global_control_r1_p11\_dan_trace.npy | r max 113.1 Hz, r0 0.00 Hz, mod max 1.000, mod integral 2159.5 ms
biology loop: 57 s (5000 records)
phi_scalp checksum: L2=2.711656e-04 (baseline A/B file: D:\Dav\CodeHub\Agent\male-fruit-fly-brain-map\bci\comp1\outputs\_trial_global_control_r1_p11\_debug_phi_scalp.npy)
background EEG: fly signal 0.16 uV vs bg 13.10 uV at 168 deg -> d'=2 needs ~28072 trials (band 2-20 Hz: ~449583)
stim view frames: D:\Dav\CodeHub\Agent\male-fruit-fly-brain-map\bci\comp1\outputs\_trial_global_control_r1_p11\stim_frames.bin (0.0 MB)
wrote D:\Dav\CodeHub\Agent\male-fruit-fly-brain-map\bci\comp1\outputs\_trial_global_control_r1_p11\viz_data.json (5.2 MB)
[acquire] global_control_r1_p12: D:\Dav\CodeHub\Agent\male-fruit-fly-brain-map\viz\export_data.py --regions visual_bilateral,ol_rest,central_brain,olfactory --visual-input dark --chem-input dangateC --plastic-mb --plastic-lr=-2e-7 --plastic-w0 0.03 --plastic-kcm-gain 0.015 --mbon-dan-gain 178 --plastic-dan-gate 150,0.02,400 --mbon-bias=-300 --t-end 5000.0 --seed 1104 --out D:\Dav\CodeHub\Agent\male-fruit-fly-brain-map\bci\comp1\outputs\_trial_global_control_r1_p12 --gpu --plastic-state-out D:\Dav\CodeHub\Agent\male-fruit-fly-brain-map\bci\comp1\outputs\states\global_control_r1_p12.npz --plastic-state-in D:\Dav\CodeHub\Agent\male-fruit-fly-brain-map\bci\comp1\outputs\states\global_control_r1_p11.npz
circuit cache: HIT circuit-693698e48fa257ee3380.npz (1.0 s)
regions: ON  = visual_bilateral, ol_rest, central_brain, olfactory
regions: OFF = audition, gustatory, proprioception, thermal, touch, vnc, vpn_central   <-- pass --regions to enable
plastic-mb: KCM split 33398 KC->MBON pairs (lr=-2e-07)
mbon-dan-gain: MBMD split 349 GABA MBON->DAN pairs from CEN_C (gain=178; 154 DAN_err cells)
dan-gate: monitoring DAN_err compartment (154 cells) -> 154 neurons, tau=150 ms, gain=0.02, t_ref=400 ms
kernel cache: HIT kernels-03f7b25805ae69ff754e.npz (0.1 s)
visual input: dark -> 1 frames @ 60.0 fps, 3377 photoreceptors sampled
chem: CEN[KCab-s@L] -> 234 neurons (KCab-s@L), 1600 pA x 1 pulses
chem: CEN[KCab-s@R] -> 421 neurons (KCab-s@R), 1600 pA x 1 pulses
chem: CEN[DAN_err] -> 154 neurons (DAN_err), 800 pA x 1 pulses
chem: CEN[KCab-s@L] -> 234 neurons (KCab-s@L), 1600 pA x 1 pulses
chem: CEN[KCab-s@R] -> 421 neurons (KCab-s@R), 1600 pA x 1 pulses
chem: CEN[MBON*] -> 96 neurons (MBON01@R, MBON02@R, MBON03@R, MBON04@R...), -300 pA x 1 pulses
chem calibration: CEN_C recurrence gain -> 0.002 (chem-run working point, exp019)
simulating 5.0 s ...
plastic state IN KCM: w mean 0.0604 min 0.0300
GPU forward buffers: 256 records, 1367 MB on device
dan-gate: baseline r0 = 0.00 Hz
plastic result KCM: w_scale mean 0.0756 min 0.0300 floor-hit 0/33398 | elig max 38.5648
dan-gate: trace 10000 steps -> D:\Dav\CodeHub\Agent\male-fruit-fly-brain-map\bci\comp1\outputs\_trial_global_control_r1_p12\_dan_trace.npy | r max 114.6 Hz, r0 0.00 Hz, mod max 1.000, mod integral 2160.3 ms
biology loop: 59 s (5000 records)
phi_scalp checksum: L2=2.681485e-04 (baseline A/B file: D:\Dav\CodeHub\Agent\male-fruit-fly-brain-map\bci\comp1\outputs\_trial_global_control_r1_p12\_debug_phi_scalp.npy)
background EEG: fly signal 0.15 uV vs bg 13.10 uV at 168 deg -> d'=2 needs ~31985 trials (band 2-20 Hz: ~503747)
stim view frames: D:\Dav\CodeHub\Agent\male-fruit-fly-brain-map\bci\comp1\outputs\_trial_global_control_r1_p12\stim_frames.bin (0.0 MB)
wrote D:\Dav\CodeHub\Agent\male-fruit-fly-brain-map\bci\comp1\outputs\_trial_global_control_r1_p12\viz_data.json (5.2 MB)
[acquire] global_control_r1_p13: D:\Dav\CodeHub\Agent\male-fruit-fly-brain-map\viz\export_data.py --regions visual_bilateral,ol_rest,central_brain,olfactory --visual-input dark --chem-input dangateC --plastic-mb --plastic-lr=-2e-7 --plastic-w0 0.03 --plastic-kcm-gain 0.015 --mbon-dan-gain 178 --plastic-dan-gate 150,0.02,400 --mbon-bias=-300 --t-end 5000.0 --seed 1105 --out D:\Dav\CodeHub\Agent\male-fruit-fly-brain-map\bci\comp1\outputs\_trial_global_control_r1_p13 --gpu --plastic-state-out D:\Dav\CodeHub\Agent\male-fruit-fly-brain-map\bci\comp1\outputs\states\global_control_r1_p13.npz --plastic-state-in D:\Dav\CodeHub\Agent\male-fruit-fly-brain-map\bci\comp1\outputs\states\global_control_r1_p12.npz
circuit cache: HIT circuit-693698e48fa257ee3380.npz (0.9 s)
regions: ON  = visual_bilateral, ol_rest, central_brain, olfactory
regions: OFF = audition, gustatory, proprioception, thermal, touch, vnc, vpn_central   <-- pass --regions to enable
plastic-mb: KCM split 33398 KC->MBON pairs (lr=-2e-07)
mbon-dan-gain: MBMD split 349 GABA MBON->DAN pairs from CEN_C (gain=178; 154 DAN_err cells)
dan-gate: monitoring DAN_err compartment (154 cells) -> 154 neurons, tau=150 ms, gain=0.02, t_ref=400 ms
kernel cache: HIT kernels-03f7b25805ae69ff754e.npz (0.1 s)
visual input: dark -> 1 frames @ 60.0 fps, 3377 photoreceptors sampled
chem: CEN[KCab-s@L] -> 234 neurons (KCab-s@L), 1600 pA x 1 pulses
chem: CEN[KCab-s@R] -> 421 neurons (KCab-s@R), 1600 pA x 1 pulses
chem: CEN[DAN_err] -> 154 neurons (DAN_err), 800 pA x 1 pulses
chem: CEN[KCab-s@L] -> 234 neurons (KCab-s@L), 1600 pA x 1 pulses
chem: CEN[KCab-s@R] -> 421 neurons (KCab-s@R), 1600 pA x 1 pulses
chem: CEN[MBON*] -> 96 neurons (MBON01@R, MBON02@R, MBON03@R, MBON04@R...), -300 pA x 1 pulses
chem calibration: CEN_C recurrence gain -> 0.002 (chem-run working point, exp019)
simulating 5.0 s ...
plastic state IN KCM: w mean 0.0756 min 0.0300
GPU forward buffers: 256 records, 1367 MB on device
dan-gate: baseline r0 = 0.00 Hz
plastic result KCM: w_scale mean 0.0908 min 0.0300 floor-hit 0/33398 | elig max 38.5964
dan-gate: trace 10000 steps -> D:\Dav\CodeHub\Agent\male-fruit-fly-brain-map\bci\comp1\outputs\_trial_global_control_r1_p13\_dan_trace.npy | r max 112.8 Hz, r0 0.00 Hz, mod max 1.000, mod integral 2157.7 ms
biology loop: 58 s (5000 records)
phi_scalp checksum: L2=2.652140e-04 (baseline A/B file: D:\Dav\CodeHub\Agent\male-fruit-fly-brain-map\bci\comp1\outputs\_trial_global_control_r1_p13\_debug_phi_scalp.npy)
background EEG: fly signal 0.13 uV vs bg 13.10 uV at 168 deg -> d'=2 needs ~37966 trials (band 2-20 Hz: ~586498)
stim view frames: D:\Dav\CodeHub\Agent\male-fruit-fly-brain-map\bci\comp1\outputs\_trial_global_control_r1_p13\stim_frames.bin (0.0 MB)
wrote D:\Dav\CodeHub\Agent\male-fruit-fly-brain-map\bci\comp1\outputs\_trial_global_control_r1_p13\viz_data.json (5.2 MB)
[acquire] global_control_r1_p20: D:\Dav\CodeHub\Agent\male-fruit-fly-brain-map\viz\export_data.py --regions visual_bilateral,ol_rest,central_brain,olfactory --visual-input dark --chem-input dangateAB --plastic-mb --plastic-lr=-2e-7 --plastic-w0 0.03 --plastic-kcm-gain 0.015 --mbon-dan-gain 178 --plastic-dan-gate 150,0.02,400 --mbon-bias=-300 --t-end 5000.0 --seed 1102 --out D:\Dav\CodeHub\Agent\male-fruit-fly-brain-map\bci\comp1\outputs\_trial_global_control_r1_p20 --gpu --plastic-state-out D:\Dav\CodeHub\Agent\male-fruit-fly-brain-map\bci\comp1\outputs\states\global_control_r1_p20.npz --plastic-state-in D:\Dav\CodeHub\Agent\male-fruit-fly-brain-map\bci\comp1\outputs\states\global_control_r1_p13.npz
circuit cache: HIT circuit-693698e48fa257ee3380.npz (0.9 s)
regions: ON  = visual_bilateral, ol_rest, central_brain, olfactory
regions: OFF = audition, gustatory, proprioception, thermal, touch, vnc, vpn_central   <-- pass --regions to enable
plastic-mb: KCM split 33398 KC->MBON pairs (lr=-2e-07)
mbon-dan-gain: MBMD split 349 GABA MBON->DAN pairs from CEN_C (gain=178; 154 DAN_err cells)
dan-gate: monitoring DAN_err compartment (154 cells) -> 154 neurons, tau=150 ms, gain=0.02, t_ref=400 ms
kernel cache: HIT kernels-03f7b25805ae69ff754e.npz (0.1 s)
visual input: dark -> 1 frames @ 60.0 fps, 3377 photoreceptors sampled
chem: CEN[KCg-m@L] -> 687 neurons (KCg-m@L), 1600 pA x 1 pulses
chem: CEN[KCg-m@R] -> 652 neurons (KCg-m@R), 1600 pA x 1 pulses
chem: CEN[DAN_err] -> 154 neurons (DAN_err), 800 pA x 1 pulses
chem: CEN[KCab-m@L] -> 307 neurons (KCab-m@L), 1600 pA x 1 pulses
chem: CEN[KCab-m@R] -> 223 neurons (KCab-m@R), 1600 pA x 1 pulses
chem: CEN[KCab-m@L] -> 307 neurons (KCab-m@L), 1600 pA x 1 pulses
chem: CEN[KCab-m@R] -> 223 neurons (KCab-m@R), 1600 pA x 1 pulses
chem: CEN[MBON*] -> 96 neurons (MBON01@R, MBON02@R, MBON03@R, MBON04@R...), -300 pA x 1 pulses
chem calibration: CEN_C recurrence gain -> 0.002 (chem-run working point, exp019)
simulating 5.0 s ...
plastic state IN KCM: w mean 0.0908 min 0.0300
GPU forward buffers: 256 records, 1367 MB on device
dan-gate: baseline r0 = 0.00 Hz
plastic result KCM: w_scale mean 0.1303 min 0.0300 floor-hit 0/33398 | elig max 38.3120
dan-gate: trace 10000 steps -> D:\Dav\CodeHub\Agent\male-fruit-fly-brain-map\bci\comp1\outputs\_trial_global_control_r1_p20\_dan_trace.npy | r max 51.5 Hz, r0 0.00 Hz, mod max 1.000, mod integral 1861.3 ms
biology loop: 58 s (5000 records)
phi_scalp checksum: L2=2.892161e-04 (baseline A/B file: D:\Dav\CodeHub\Agent\male-fruit-fly-brain-map\bci\comp1\outputs\_trial_global_control_r1_p20\_debug_phi_scalp.npy)
background EEG: fly signal 0.23 uV vs bg 11.33 uV at 156 deg -> d'=2 needs ~10050 trials (band 2-20 Hz: ~166256)
stim view frames: D:\Dav\CodeHub\Agent\male-fruit-fly-brain-map\bci\comp1\outputs\_trial_global_control_r1_p20\stim_frames.bin (0.0 MB)
wrote D:\Dav\CodeHub\Agent\male-fruit-fly-brain-map\bci\comp1\outputs\_trial_global_control_r1_p20\viz_data.json (5.2 MB)
[acquire] global_control_r1_p21: D:\Dav\CodeHub\Agent\male-fruit-fly-brain-map\viz\export_data.py --regions visual_bilateral,ol_rest,central_brain,olfactory --visual-input dark --chem-input dangateAB --plastic-mb --plastic-lr=-2e-7 --plastic-w0 0.03 --plastic-kcm-gain 0.015 --mbon-dan-gain 178 --plastic-dan-gate 150,0.02,400 --mbon-bias=-300 --t-end 5000.0 --seed 1103 --out D:\Dav\CodeHub\Agent\male-fruit-fly-brain-map\bci\comp1\outputs\_trial_global_control_r1_p21 --gpu --plastic-state-out D:\Dav\CodeHub\Agent\male-fruit-fly-brain-map\bci\comp1\outputs\states\global_control_r1_p21.npz --plastic-state-in D:\Dav\CodeHub\Agent\male-fruit-fly-brain-map\bci\comp1\outputs\states\global_control_r1_p20.npz
circuit cache: HIT circuit-693698e48fa257ee3380.npz (0.9 s)
regions: ON  = visual_bilateral, ol_rest, central_brain, olfactory
regions: OFF = audition, gustatory, proprioception, thermal, touch, vnc, vpn_central   <-- pass --regions to enable
plastic-mb: KCM split 33398 KC->MBON pairs (lr=-2e-07)
mbon-dan-gain: MBMD split 349 GABA MBON->DAN pairs from CEN_C (gain=178; 154 DAN_err cells)
dan-gate: monitoring DAN_err compartment (154 cells) -> 154 neurons, tau=150 ms, gain=0.02, t_ref=400 ms
kernel cache: HIT kernels-03f7b25805ae69ff754e.npz (0.1 s)
visual input: dark -> 1 frames @ 60.0 fps, 3377 photoreceptors sampled
chem: CEN[KCg-m@L] -> 687 neurons (KCg-m@L), 1600 pA x 1 pulses
chem: CEN[KCg-m@R] -> 652 neurons (KCg-m@R), 1600 pA x 1 pulses
chem: CEN[DAN_err] -> 154 neurons (DAN_err), 800 pA x 1 pulses
chem: CEN[KCab-m@L] -> 307 neurons (KCab-m@L), 1600 pA x 1 pulses
chem: CEN[KCab-m@R] -> 223 neurons (KCab-m@R), 1600 pA x 1 pulses
chem: CEN[KCab-m@L] -> 307 neurons (KCab-m@L), 1600 pA x 1 pulses
chem: CEN[KCab-m@R] -> 223 neurons (KCab-m@R), 1600 pA x 1 pulses
chem: CEN[MBON*] -> 96 neurons (MBON01@R, MBON02@R, MBON03@R, MBON04@R...), -300 pA x 1 pulses
chem calibration: CEN_C recurrence gain -> 0.002 (chem-run working point, exp019)
simulating 5.0 s ...
plastic state IN KCM: w mean 0.1303 min 0.0300
GPU forward buffers: 256 records, 1367 MB on device
dan-gate: baseline r0 = 0.00 Hz
plastic result KCM: w_scale mean 0.1548 min 0.0300 floor-hit 0/33398 | elig max 38.4075
dan-gate: trace 10000 steps -> D:\Dav\CodeHub\Agent\male-fruit-fly-brain-map\bci\comp1\outputs\_trial_global_control_r1_p21\_dan_trace.npy | r max 33.3 Hz, r0 0.00 Hz, mod max 0.667, mod integral 1158.1 ms
biology loop: 58 s (5000 records)
phi_scalp checksum: L2=2.847652e-04 (baseline A/B file: D:\Dav\CodeHub\Agent\male-fruit-fly-brain-map\bci\comp1\outputs\_trial_global_control_r1_p21\_debug_phi_scalp.npy)
background EEG: fly signal 0.21 uV vs bg 11.33 uV at 156 deg -> d'=2 needs ~11410 trials (band 2-20 Hz: ~163991)
stim view frames: D:\Dav\CodeHub\Agent\male-fruit-fly-brain-map\bci\comp1\outputs\_trial_global_control_r1_p21\stim_frames.bin (0.0 MB)
wrote D:\Dav\CodeHub\Agent\male-fruit-fly-brain-map\bci\comp1\outputs\_trial_global_control_r1_p21\viz_data.json (5.2 MB)
[acquire] global_control_r1_p22: D:\Dav\CodeHub\Agent\male-fruit-fly-brain-map\viz\export_data.py --regions visual_bilateral,ol_rest,central_brain,olfactory --visual-input dark --chem-input dangateAB --plastic-mb --plastic-lr=-2e-7 --plastic-w0 0.03 --plastic-kcm-gain 0.015 --mbon-dan-gain 178 --plastic-dan-gate 150,0.02,400 --mbon-bias=-300 --t-end 5000.0 --seed 1104 --out D:\Dav\CodeHub\Agent\male-fruit-fly-brain-map\bci\comp1\outputs\_trial_global_control_r1_p22 --gpu --plastic-state-out D:\Dav\CodeHub\Agent\male-fruit-fly-brain-map\bci\comp1\outputs\states\global_control_r1_p22.npz --plastic-state-in D:\Dav\CodeHub\Agent\male-fruit-fly-brain-map\bci\comp1\outputs\states\global_control_r1_p21.npz
circuit cache: HIT circuit-693698e48fa257ee3380.npz (0.9 s)
regions: ON  = visual_bilateral, ol_rest, central_brain, olfactory
regions: OFF = audition, gustatory, proprioception, thermal, touch, vnc, vpn_central   <-- pass --regions to enable
plastic-mb: KCM split 33398 KC->MBON pairs (lr=-2e-07)
mbon-dan-gain: MBMD split 349 GABA MBON->DAN pairs from CEN_C (gain=178; 154 DAN_err cells)
dan-gate: monitoring DAN_err compartment (154 cells) -> 154 neurons, tau=150 ms, gain=0.02, t_ref=400 ms
kernel cache: HIT kernels-03f7b25805ae69ff754e.npz (0.1 s)
visual input: dark -> 1 frames @ 60.0 fps, 3377 photoreceptors sampled
chem: CEN[KCg-m@L] -> 687 neurons (KCg-m@L), 1600 pA x 1 pulses
chem: CEN[KCg-m@R] -> 652 neurons (KCg-m@R), 1600 pA x 1 pulses
chem: CEN[DAN_err] -> 154 neurons (DAN_err), 800 pA x 1 pulses
chem: CEN[KCab-m@L] -> 307 neurons (KCab-m@L), 1600 pA x 1 pulses
chem: CEN[KCab-m@R] -> 223 neurons (KCab-m@R), 1600 pA x 1 pulses
chem: CEN[KCab-m@L] -> 307 neurons (KCab-m@L), 1600 pA x 1 pulses
chem: CEN[KCab-m@R] -> 223 neurons (KCab-m@R), 1600 pA x 1 pulses
chem: CEN[MBON*] -> 96 neurons (MBON01@R, MBON02@R, MBON03@R, MBON04@R...), -300 pA x 1 pulses
chem calibration: CEN_C recurrence gain -> 0.002 (chem-run working point, exp019)
simulating 5.0 s ...
plastic state IN KCM: w mean 0.1548 min 0.0300
GPU forward buffers: 256 records, 1367 MB on device
dan-gate: baseline r0 = 0.00 Hz
plastic result KCM: w_scale mean 0.1759 min 0.0300 floor-hit 0/33398 | elig max 38.4736
dan-gate: trace 10000 steps -> D:\Dav\CodeHub\Agent\male-fruit-fly-brain-map\bci\comp1\outputs\_trial_global_control_r1_p22\_dan_trace.npy | r max 28.0 Hz, r0 0.00 Hz, mod max 0.561, mod integral 1001.7 ms
biology loop: 58 s (5000 records)
phi_scalp checksum: L2=2.815165e-04 (baseline A/B file: D:\Dav\CodeHub\Agent\male-fruit-fly-brain-map\bci\comp1\outputs\_trial_global_control_r1_p22\_debug_phi_scalp.npy)
background EEG: fly signal 0.20 uV vs bg 11.33 uV at 156 deg -> d'=2 needs ~13198 trials (band 2-20 Hz: ~153381)
stim view frames: D:\Dav\CodeHub\Agent\male-fruit-fly-brain-map\bci\comp1\outputs\_trial_global_control_r1_p22\stim_frames.bin (0.0 MB)
wrote D:\Dav\CodeHub\Agent\male-fruit-fly-brain-map\bci\comp1\outputs\_trial_global_control_r1_p22\viz_data.json (5.2 MB)
[acquire] global_control_r1_p23: D:\Dav\CodeHub\Agent\male-fruit-fly-brain-map\viz\export_data.py --regions visual_bilateral,ol_rest,central_brain,olfactory --visual-input dark --chem-input dangateAB --plastic-mb --plastic-lr=-2e-7 --plastic-w0 0.03 --plastic-kcm-gain 0.015 --mbon-dan-gain 178 --plastic-dan-gate 150,0.02,400 --mbon-bias=-300 --t-end 5000.0 --seed 1105 --out D:\Dav\CodeHub\Agent\male-fruit-fly-brain-map\bci\comp1\outputs\_trial_global_control_r1_p23 --gpu --plastic-state-out D:\Dav\CodeHub\Agent\male-fruit-fly-brain-map\bci\comp1\outputs\states\global_control_r1_p23.npz --plastic-state-in D:\Dav\CodeHub\Agent\male-fruit-fly-brain-map\bci\comp1\outputs\states\global_control_r1_p22.npz
circuit cache: HIT circuit-693698e48fa257ee3380.npz (0.9 s)
regions: ON  = visual_bilateral, ol_rest, central_brain, olfactory
regions: OFF = audition, gustatory, proprioception, thermal, touch, vnc, vpn_central   <-- pass --regions to enable
plastic-mb: KCM split 33398 KC->MBON pairs (lr=-2e-07)
mbon-dan-gain: MBMD split 349 GABA MBON->DAN pairs from CEN_C (gain=178; 154 DAN_err cells)
dan-gate: monitoring DAN_err compartment (154 cells) -> 154 neurons, tau=150 ms, gain=0.02, t_ref=400 ms
kernel cache: HIT kernels-03f7b25805ae69ff754e.npz (0.1 s)
visual input: dark -> 1 frames @ 60.0 fps, 3377 photoreceptors sampled
chem: CEN[KCg-m@L] -> 687 neurons (KCg-m@L), 1600 pA x 1 pulses
chem: CEN[KCg-m@R] -> 652 neurons (KCg-m@R), 1600 pA x 1 pulses
chem: CEN[DAN_err] -> 154 neurons (DAN_err), 800 pA x 1 pulses
chem: CEN[KCab-m@L] -> 307 neurons (KCab-m@L), 1600 pA x 1 pulses
chem: CEN[KCab-m@R] -> 223 neurons (KCab-m@R), 1600 pA x 1 pulses
chem: CEN[KCab-m@L] -> 307 neurons (KCab-m@L), 1600 pA x 1 pulses
chem: CEN[KCab-m@R] -> 223 neurons (KCab-m@R), 1600 pA x 1 pulses
chem: CEN[MBON*] -> 96 neurons (MBON01@R, MBON02@R, MBON03@R, MBON04@R...), -300 pA x 1 pulses
chem calibration: CEN_C recurrence gain -> 0.002 (chem-run working point, exp019)
simulating 5.0 s ...
plastic state IN KCM: w mean 0.1759 min 0.0300
GPU forward buffers: 256 records, 1367 MB on device
dan-gate: baseline r0 = 0.00 Hz
plastic result KCM: w_scale mean 0.1914 min 0.0300 floor-hit 0/33398 | elig max 38.6720
dan-gate: trace 10000 steps -> D:\Dav\CodeHub\Agent\male-fruit-fly-brain-map\bci\comp1\outputs\_trial_global_control_r1_p23\_dan_trace.npy | r max 23.5 Hz, r0 0.00 Hz, mod max 0.469, mod integral 748.3 ms
biology loop: 61 s (5000 records)
phi_scalp checksum: L2=3.360135e-04 (baseline A/B file: D:\Dav\CodeHub\Agent\male-fruit-fly-brain-map\bci\comp1\outputs\_trial_global_control_r1_p23\_debug_phi_scalp.npy)
background EEG: fly signal 0.16 uV vs bg 11.33 uV at 156 deg -> d'=2 needs ~19404 trials (band 2-20 Hz: ~173259)
stim view frames: D:\Dav\CodeHub\Agent\male-fruit-fly-brain-map\bci\comp1\outputs\_trial_global_control_r1_p23\stim_frames.bin (0.0 MB)
wrote D:\Dav\CodeHub\Agent\male-fruit-fly-brain-map\bci\comp1\outputs\_trial_global_control_r1_p23\viz_data.json (5.2 MB)
[acquire] global_control_r1_p24: D:\Dav\CodeHub\Agent\male-fruit-fly-brain-map\viz\export_data.py --regions visual_bilateral,ol_rest,central_brain,olfactory --visual-input dark --chem-input dangateAB --plastic-mb --plastic-lr=-2e-7 --plastic-w0 0.03 --plastic-kcm-gain 0.015 --mbon-dan-gain 178 --plastic-dan-gate 150,0.02,400 --mbon-bias=-300 --t-end 5000.0 --seed 1106 --out D:\Dav\CodeHub\Agent\male-fruit-fly-brain-map\bci\comp1\outputs\_trial_global_control_r1_p24 --gpu --plastic-state-out D:\Dav\CodeHub\Agent\male-fruit-fly-brain-map\bci\comp1\outputs\states\global_control_r1_p24.npz --plastic-state-in D:\Dav\CodeHub\Agent\male-fruit-fly-brain-map\bci\comp1\outputs\states\global_control_r1_p23.npz
circuit cache: HIT circuit-693698e48fa257ee3380.npz (0.9 s)
regions: ON  = visual_bilateral, ol_rest, central_brain, olfactory
regions: OFF = audition, gustatory, proprioception, thermal, touch, vnc, vpn_central   <-- pass --regions to enable
plastic-mb: KCM split 33398 KC->MBON pairs (lr=-2e-07)
mbon-dan-gain: MBMD split 349 GABA MBON->DAN pairs from CEN_C (gain=178; 154 DAN_err cells)
dan-gate: monitoring DAN_err compartment (154 cells) -> 154 neurons, tau=150 ms, gain=0.02, t_ref=400 ms
kernel cache: HIT kernels-03f7b25805ae69ff754e.npz (0.1 s)
visual input: dark -> 1 frames @ 60.0 fps, 3377 photoreceptors sampled
chem: CEN[KCg-m@L] -> 687 neurons (KCg-m@L), 1600 pA x 1 pulses
chem: CEN[KCg-m@R] -> 652 neurons (KCg-m@R), 1600 pA x 1 pulses
chem: CEN[DAN_err] -> 154 neurons (DAN_err), 800 pA x 1 pulses
chem: CEN[KCab-m@L] -> 307 neurons (KCab-m@L), 1600 pA x 1 pulses
chem: CEN[KCab-m@R] -> 223 neurons (KCab-m@R), 1600 pA x 1 pulses
chem: CEN[KCab-m@L] -> 307 neurons (KCab-m@L), 1600 pA x 1 pulses
chem: CEN[KCab-m@R] -> 223 neurons (KCab-m@R), 1600 pA x 1 pulses
chem: CEN[MBON*] -> 96 neurons (MBON01@R, MBON02@R, MBON03@R, MBON04@R...), -300 pA x 1 pulses
chem calibration: CEN_C recurrence gain -> 0.002 (chem-run working point, exp019)
simulating 5.0 s ...
plastic state IN KCM: w mean 0.1914 min 0.0300
GPU forward buffers: 256 records, 1367 MB on device
dan-gate: baseline r0 = 0.00 Hz
plastic result KCM: w_scale mean 0.2063 min 0.0300 floor-hit 0/33398 | elig max 38.7577
dan-gate: trace 10000 steps -> D:\Dav\CodeHub\Agent\male-fruit-fly-brain-map\bci\comp1\outputs\_trial_global_control_r1_p24\_dan_trace.npy | r max 17.9 Hz, r0 0.00 Hz, mod max 0.357, mod integral 704.6 ms
biology loop: 61 s (5000 records)
phi_scalp checksum: L2=3.282572e-04 (baseline A/B file: D:\Dav\CodeHub\Agent\male-fruit-fly-brain-map\bci\comp1\outputs\_trial_global_control_r1_p24\_debug_phi_scalp.npy)
background EEG: fly signal 0.15 uV vs bg 11.33 uV at 156 deg -> d'=2 needs ~23912 trials (band 2-20 Hz: ~166214)
stim view frames: D:\Dav\CodeHub\Agent\male-fruit-fly-brain-map\bci\comp1\outputs\_trial_global_control_r1_p24\stim_frames.bin (0.0 MB)
wrote D:\Dav\CodeHub\Agent\male-fruit-fly-brain-map\bci\comp1\outputs\_trial_global_control_r1_p24\viz_data.json (5.2 MB)
[acquire] global_control_r1_p25: D:\Dav\CodeHub\Agent\male-fruit-fly-brain-map\viz\export_data.py --regions visual_bilateral,ol_rest,central_brain,olfactory --visual-input dark --chem-input dangateAB --plastic-mb --plastic-lr=-2e-7 --plastic-w0 0.03 --plastic-kcm-gain 0.015 --mbon-dan-gain 178 --plastic-dan-gate 150,0.02,400 --mbon-bias=-300 --t-end 5000.0 --seed 1107 --out D:\Dav\CodeHub\Agent\male-fruit-fly-brain-map\bci\comp1\outputs\_trial_global_control_r1_p25 --gpu --plastic-state-out D:\Dav\CodeHub\Agent\male-fruit-fly-brain-map\bci\comp1\outputs\states\global_control_r1_p25.npz --plastic-state-in D:\Dav\CodeHub\Agent\male-fruit-fly-brain-map\bci\comp1\outputs\states\global_control_r1_p24.npz
circuit cache: HIT circuit-693698e48fa257ee3380.npz (0.9 s)
regions: ON  = visual_bilateral, ol_rest, central_brain, olfactory
regions: OFF = audition, gustatory, proprioception, thermal, touch, vnc, vpn_central   <-- pass --regions to enable
plastic-mb: KCM split 33398 KC->MBON pairs (lr=-2e-07)
mbon-dan-gain: MBMD split 349 GABA MBON->DAN pairs from CEN_C (gain=178; 154 DAN_err cells)
dan-gate: monitoring DAN_err compartment (154 cells) -> 154 neurons, tau=150 ms, gain=0.02, t_ref=400 ms
kernel cache: HIT kernels-03f7b25805ae69ff754e.npz (0.1 s)
visual input: dark -> 1 frames @ 60.0 fps, 3377 photoreceptors sampled
chem: CEN[KCg-m@L] -> 687 neurons (KCg-m@L), 1600 pA x 1 pulses
chem: CEN[KCg-m@R] -> 652 neurons (KCg-m@R), 1600 pA x 1 pulses
chem: CEN[DAN_err] -> 154 neurons (DAN_err), 800 pA x 1 pulses
chem: CEN[KCab-m@L] -> 307 neurons (KCab-m@L), 1600 pA x 1 pulses
chem: CEN[KCab-m@R] -> 223 neurons (KCab-m@R), 1600 pA x 1 pulses
chem: CEN[KCab-m@L] -> 307 neurons (KCab-m@L), 1600 pA x 1 pulses
chem: CEN[KCab-m@R] -> 223 neurons (KCab-m@R), 1600 pA x 1 pulses
chem: CEN[MBON*] -> 96 neurons (MBON01@R, MBON02@R, MBON03@R, MBON04@R...), -300 pA x 1 pulses
chem calibration: CEN_C recurrence gain -> 0.002 (chem-run working point, exp019)
simulating 5.0 s ...
plastic state IN KCM: w mean 0.2063 min 0.0300
GPU forward buffers: 256 records, 1367 MB on device
dan-gate: baseline r0 = 0.00 Hz
plastic result KCM: w_scale mean 0.2206 min 0.0300 floor-hit 0/33398 | elig max 38.7254
dan-gate: trace 10000 steps -> D:\Dav\CodeHub\Agent\male-fruit-fly-brain-map\bci\comp1\outputs\_trial_global_control_r1_p25\_dan_trace.npy | r max 18.0 Hz, r0 0.00 Hz, mod max 0.360, mod integral 677.4 ms
biology loop: 61 s (5000 records)
phi_scalp checksum: L2=3.187078e-04 (baseline A/B file: D:\Dav\CodeHub\Agent\male-fruit-fly-brain-map\bci\comp1\outputs\_trial_global_control_r1_p25\_debug_phi_scalp.npy)
background EEG: fly signal 0.13 uV vs bg 11.33 uV at 156 deg -> d'=2 needs ~29053 trials (band 2-20 Hz: ~95248)
stim view frames: D:\Dav\CodeHub\Agent\male-fruit-fly-brain-map\bci\comp1\outputs\_trial_global_control_r1_p25\stim_frames.bin (0.0 MB)
wrote D:\Dav\CodeHub\Agent\male-fruit-fly-brain-map\bci\comp1\outputs\_trial_global_control_r1_p25\viz_data.json (5.2 MB)
[acquire] comp_blocked_r1_p10: D:\Dav\CodeHub\Agent\male-fruit-fly-brain-map\viz\export_data.py --regions visual_bilateral,ol_rest,central_brain,olfactory --visual-input dark --chem-input compA --plastic-mb --plastic-lr=-2e-7 --plastic-w0 0.03 --plastic-kcm-gain 0.015 --mbon-dan-gain 178 --plastic-dan-gate 150,0.16,400 --mbon-bias=-300 --t-end 5000.0 --seed 1052 --out D:\Dav\CodeHub\Agent\male-fruit-fly-brain-map\bci\comp1\outputs\_trial_comp_blocked_r1_p10 --gpu --plastic-state-out D:\Dav\CodeHub\Agent\male-fruit-fly-brain-map\bci\comp1\outputs\states\comp_blocked_r1_p10.npz --plastic-comp-reward PAM07*
circuit cache: HIT circuit-693698e48fa257ee3380.npz (0.9 s)
regions: ON  = visual_bilateral, ol_rest, central_brain, olfactory
regions: OFF = audition, gustatory, proprioception, thermal, touch, vnc, vpn_central   <-- pass --regions to enable
plastic-mb: KCM split 33398 KC->MBON pairs (lr=-2e-07)
mbon-dan-gain: MBMD split 349 GABA MBON->DAN pairs from CEN_C (gain=178; 154 DAN_err cells)
comp-reward: PAM07* -> 14 DAN cells, 14 feedback MBONs
dan-gate: monitoring compartment PAM07* (14 cells) -> 14 neurons, tau=150 ms, gain=0.16, t_ref=400 ms; comp gate 4582/33398 edges
kernel cache: HIT kernels-03f7b25805ae69ff754e.npz (0.1 s)
visual input: dark -> 1 frames @ 60.0 fps, 3377 photoreceptors sampled
chem: CEN[KCg-m@L] -> 687 neurons (KCg-m@L), 1600 pA x 1 pulses
chem: CEN[KCg-m@R] -> 652 neurons (KCg-m@R), 1600 pA x 1 pulses
chem: CEN[PAM07*] -> 14 neurons (PAM07@L, PAM07@R), 800 pA x 1 pulses
chem: CEN[KCg-m@L] -> 687 neurons (KCg-m@L), 1600 pA x 1 pulses
chem: CEN[KCg-m@R] -> 652 neurons (KCg-m@R), 1600 pA x 1 pulses
chem: CEN[MBON*] -> 96 neurons (MBON01@R, MBON02@R, MBON03@R, MBON04@R...), -300 pA x 1 pulses
chem calibration: CEN_C recurrence gain -> 0.002 (chem-run working point, exp019)
simulating 5.0 s ...
GPU forward buffers: 256 records, 1367 MB on device
dan-gate: baseline r0 = 0.00 Hz
plastic result KCM: w_scale mean 0.0302 min 0.0300 floor-hit 0/33398 | elig max 39.5272
dan-gate: trace 10000 steps -> D:\Dav\CodeHub\Agent\male-fruit-fly-brain-map\bci\comp1\outputs\_trial_comp_blocked_r1_p10\_dan_trace.npy | r max 6.8 Hz, r0 0.00 Hz, mod max 1.000, mod integral 170.7 ms
biology loop: 59 s (5000 records)
phi_scalp checksum: L2=3.005201e-04 (baseline A/B file: D:\Dav\CodeHub\Agent\male-fruit-fly-brain-map\bci\comp1\outputs\_trial_comp_blocked_r1_p10\_debug_phi_scalp.npy)
background EEG: fly signal 0.27 uV vs bg 11.33 uV at 156 deg -> d'=2 needs ~6942 trials (band 2-20 Hz: ~88794)
stim view frames: D:\Dav\CodeHub\Agent\male-fruit-fly-brain-map\bci\comp1\outputs\_trial_comp_blocked_r1_p10\stim_frames.bin (0.0 MB)
wrote D:\Dav\CodeHub\Agent\male-fruit-fly-brain-map\bci\comp1\outputs\_trial_comp_blocked_r1_p10\viz_data.json (5.2 MB)
[acquire] comp_blocked_r1_p11: D:\Dav\CodeHub\Agent\male-fruit-fly-brain-map\viz\export_data.py --regions visual_bilateral,ol_rest,central_brain,olfactory --visual-input dark --chem-input compA --plastic-mb --plastic-lr=-2e-7 --plastic-w0 0.03 --plastic-kcm-gain 0.015 --mbon-dan-gain 178 --plastic-dan-gate 150,0.16,400 --mbon-bias=-300 --t-end 5000.0 --seed 1053 --out D:\Dav\CodeHub\Agent\male-fruit-fly-brain-map\bci\comp1\outputs\_trial_comp_blocked_r1_p11 --gpu --plastic-state-out D:\Dav\CodeHub\Agent\male-fruit-fly-brain-map\bci\comp1\outputs\states\comp_blocked_r1_p11.npz --plastic-comp-reward PAM07* --plastic-state-in D:\Dav\CodeHub\Agent\male-fruit-fly-brain-map\bci\comp1\outputs\states\comp_blocked_r1_p10.npz
circuit cache: HIT circuit-693698e48fa257ee3380.npz (0.9 s)
regions: ON  = visual_bilateral, ol_rest, central_brain, olfactory
regions: OFF = audition, gustatory, proprioception, thermal, touch, vnc, vpn_central   <-- pass --regions to enable
plastic-mb: KCM split 33398 KC->MBON pairs (lr=-2e-07)
mbon-dan-gain: MBMD split 349 GABA MBON->DAN pairs from CEN_C (gain=178; 154 DAN_err cells)
comp-reward: PAM07* -> 14 DAN cells, 14 feedback MBONs
dan-gate: monitoring compartment PAM07* (14 cells) -> 14 neurons, tau=150 ms, gain=0.16, t_ref=400 ms; comp gate 4582/33398 edges
kernel cache: HIT kernels-03f7b25805ae69ff754e.npz (0.1 s)
visual input: dark -> 1 frames @ 60.0 fps, 3377 photoreceptors sampled
chem: CEN[KCg-m@L] -> 687 neurons (KCg-m@L), 1600 pA x 1 pulses
chem: CEN[KCg-m@R] -> 652 neurons (KCg-m@R), 1600 pA x 1 pulses
chem: CEN[PAM07*] -> 14 neurons (PAM07@L, PAM07@R), 800 pA x 1 pulses
chem: CEN[KCg-m@L] -> 687 neurons (KCg-m@L), 1600 pA x 1 pulses
chem: CEN[KCg-m@R] -> 652 neurons (KCg-m@R), 1600 pA x 1 pulses
chem: CEN[MBON*] -> 96 neurons (MBON01@R, MBON02@R, MBON03@R, MBON04@R...), -300 pA x 1 pulses
chem calibration: CEN_C recurrence gain -> 0.002 (chem-run working point, exp019)
simulating 5.0 s ...
plastic state IN KCM: w mean 0.0302 min 0.0300
GPU forward buffers: 256 records, 1367 MB on device
dan-gate: baseline r0 = 0.00 Hz
plastic result KCM: w_scale mean 0.0305 min 0.0300 floor-hit 0/33398 | elig max 39.6118
dan-gate: trace 10000 steps -> D:\Dav\CodeHub\Agent\male-fruit-fly-brain-map\bci\comp1\outputs\_trial_comp_blocked_r1_p11\_dan_trace.npy | r max 6.9 Hz, r0 0.00 Hz, mod max 1.000, mod integral 170.7 ms
biology loop: 57 s (5000 records)
phi_scalp checksum: L2=3.006603e-04 (baseline A/B file: D:\Dav\CodeHub\Agent\male-fruit-fly-brain-map\bci\comp1\outputs\_trial_comp_blocked_r1_p11\_debug_phi_scalp.npy)
background EEG: fly signal 0.27 uV vs bg 11.33 uV at 156 deg -> d'=2 needs ~6941 trials (band 2-20 Hz: ~88530)
stim view frames: D:\Dav\CodeHub\Agent\male-fruit-fly-brain-map\bci\comp1\outputs\_trial_comp_blocked_r1_p11\stim_frames.bin (0.0 MB)
wrote D:\Dav\CodeHub\Agent\male-fruit-fly-brain-map\bci\comp1\outputs\_trial_comp_blocked_r1_p11\viz_data.json (5.2 MB)
[acquire] comp_blocked_r1_p12: D:\Dav\CodeHub\Agent\male-fruit-fly-brain-map\viz\export_data.py --regions visual_bilateral,ol_rest,central_brain,olfactory --visual-input dark --chem-input compA --plastic-mb --plastic-lr=-2e-7 --plastic-w0 0.03 --plastic-kcm-gain 0.015 --mbon-dan-gain 178 --plastic-dan-gate 150,0.16,400 --mbon-bias=-300 --t-end 5000.0 --seed 1054 --out D:\Dav\CodeHub\Agent\male-fruit-fly-brain-map\bci\comp1\outputs\_trial_comp_blocked_r1_p12 --gpu --plastic-state-out D:\Dav\CodeHub\Agent\male-fruit-fly-brain-map\bci\comp1\outputs\states\comp_blocked_r1_p12.npz --plastic-comp-reward PAM07* --plastic-state-in D:\Dav\CodeHub\Agent\male-fruit-fly-brain-map\bci\comp1\outputs\states\comp_blocked_r1_p11.npz
circuit cache: HIT circuit-693698e48fa257ee3380.npz (0.9 s)
regions: ON  = visual_bilateral, ol_rest, central_brain, olfactory
regions: OFF = audition, gustatory, proprioception, thermal, touch, vnc, vpn_central   <-- pass --regions to enable
plastic-mb: KCM split 33398 KC->MBON pairs (lr=-2e-07)
mbon-dan-gain: MBMD split 349 GABA MBON->DAN pairs from CEN_C (gain=178; 154 DAN_err cells)
comp-reward: PAM07* -> 14 DAN cells, 14 feedback MBONs
dan-gate: monitoring compartment PAM07* (14 cells) -> 14 neurons, tau=150 ms, gain=0.16, t_ref=400 ms; comp gate 4582/33398 edges
kernel cache: HIT kernels-03f7b25805ae69ff754e.npz (0.1 s)
visual input: dark -> 1 frames @ 60.0 fps, 3377 photoreceptors sampled
chem: CEN[KCg-m@L] -> 687 neurons (KCg-m@L), 1600 pA x 1 pulses
chem: CEN[KCg-m@R] -> 652 neurons (KCg-m@R), 1600 pA x 1 pulses
chem: CEN[PAM07*] -> 14 neurons (PAM07@L, PAM07@R), 800 pA x 1 pulses
chem: CEN[KCg-m@L] -> 687 neurons (KCg-m@L), 1600 pA x 1 pulses
chem: CEN[KCg-m@R] -> 652 neurons (KCg-m@R), 1600 pA x 1 pulses
chem: CEN[MBON*] -> 96 neurons (MBON01@R, MBON02@R, MBON03@R, MBON04@R...), -300 pA x 1 pulses
chem calibration: CEN_C recurrence gain -> 0.002 (chem-run working point, exp019)
simulating 5.0 s ...
plastic state IN KCM: w mean 0.0305 min 0.0300
GPU forward buffers: 256 records, 1367 MB on device
dan-gate: baseline r0 = 0.00 Hz
plastic result KCM: w_scale mean 0.0307 min 0.0300 floor-hit 0/33398 | elig max 39.6243
dan-gate: trace 10000 steps -> D:\Dav\CodeHub\Agent\male-fruit-fly-brain-map\bci\comp1\outputs\_trial_comp_blocked_r1_p12\_dan_trace.npy | r max 6.4 Hz, r0 0.00 Hz, mod max 1.000, mod integral 159.9 ms
biology loop: 59 s (5000 records)
phi_scalp checksum: L2=3.002627e-04 (baseline A/B file: D:\Dav\CodeHub\Agent\male-fruit-fly-brain-map\bci\comp1\outputs\_trial_comp_blocked_r1_p12\_debug_phi_scalp.npy)
background EEG: fly signal 0.27 uV vs bg 11.33 uV at 156 deg -> d'=2 needs ~6993 trials (band 2-20 Hz: ~90084)
stim view frames: D:\Dav\CodeHub\Agent\male-fruit-fly-brain-map\bci\comp1\outputs\_trial_comp_blocked_r1_p12\stim_frames.bin (0.0 MB)
wrote D:\Dav\CodeHub\Agent\male-fruit-fly-brain-map\bci\comp1\outputs\_trial_comp_blocked_r1_p12\viz_data.json (5.2 MB)
[acquire] comp_blocked_r1_p13: D:\Dav\CodeHub\Agent\male-fruit-fly-brain-map\viz\export_data.py --regions visual_bilateral,ol_rest,central_brain,olfactory --visual-input dark --chem-input compA --plastic-mb --plastic-lr=-2e-7 --plastic-w0 0.03 --plastic-kcm-gain 0.015 --mbon-dan-gain 178 --plastic-dan-gate 150,0.16,400 --mbon-bias=-300 --t-end 5000.0 --seed 1055 --out D:\Dav\CodeHub\Agent\male-fruit-fly-brain-map\bci\comp1\outputs\_trial_comp_blocked_r1_p13 --gpu --plastic-state-out D:\Dav\CodeHub\Agent\male-fruit-fly-brain-map\bci\comp1\outputs\states\comp_blocked_r1_p13.npz --plastic-comp-reward PAM07* --plastic-state-in D:\Dav\CodeHub\Agent\male-fruit-fly-brain-map\bci\comp1\outputs\states\comp_blocked_r1_p12.npz
circuit cache: HIT circuit-693698e48fa257ee3380.npz (0.9 s)
regions: ON  = visual_bilateral, ol_rest, central_brain, olfactory
regions: OFF = audition, gustatory, proprioception, thermal, touch, vnc, vpn_central   <-- pass --regions to enable
plastic-mb: KCM split 33398 KC->MBON pairs (lr=-2e-07)
mbon-dan-gain: MBMD split 349 GABA MBON->DAN pairs from CEN_C (gain=178; 154 DAN_err cells)
comp-reward: PAM07* -> 14 DAN cells, 14 feedback MBONs
dan-gate: monitoring compartment PAM07* (14 cells) -> 14 neurons, tau=150 ms, gain=0.16, t_ref=400 ms; comp gate 4582/33398 edges
kernel cache: HIT kernels-03f7b25805ae69ff754e.npz (0.1 s)
visual input: dark -> 1 frames @ 60.0 fps, 3377 photoreceptors sampled
chem: CEN[KCg-m@L] -> 687 neurons (KCg-m@L), 1600 pA x 1 pulses
chem: CEN[KCg-m@R] -> 652 neurons (KCg-m@R), 1600 pA x 1 pulses
chem: CEN[PAM07*] -> 14 neurons (PAM07@L, PAM07@R), 800 pA x 1 pulses
chem: CEN[KCg-m@L] -> 687 neurons (KCg-m@L), 1600 pA x 1 pulses
chem: CEN[KCg-m@R] -> 652 neurons (KCg-m@R), 1600 pA x 1 pulses
chem: CEN[MBON*] -> 96 neurons (MBON01@R, MBON02@R, MBON03@R, MBON04@R...), -300 pA x 1 pulses
chem calibration: CEN_C recurrence gain -> 0.002 (chem-run working point, exp019)
simulating 5.0 s ...
plastic state IN KCM: w mean 0.0307 min 0.0300
GPU forward buffers: 256 records, 1367 MB on device
dan-gate: baseline r0 = 0.00 Hz
plastic result KCM: w_scale mean 0.0309 min 0.0300 floor-hit 0/33398 | elig max 39.6940
dan-gate: trace 10000 steps -> D:\Dav\CodeHub\Agent\male-fruit-fly-brain-map\bci\comp1\outputs\_trial_comp_blocked_r1_p13\_dan_trace.npy | r max 6.4 Hz, r0 0.00 Hz, mod max 1.000, mod integral 159.9 ms
biology loop: 59 s (5000 records)
phi_scalp checksum: L2=3.001833e-04 (baseline A/B file: D:\Dav\CodeHub\Agent\male-fruit-fly-brain-map\bci\comp1\outputs\_trial_comp_blocked_r1_p13\_debug_phi_scalp.npy)
background EEG: fly signal 0.27 uV vs bg 11.33 uV at 156 deg -> d'=2 needs ~6980 trials (band 2-20 Hz: ~89133)
stim view frames: D:\Dav\CodeHub\Agent\male-fruit-fly-brain-map\bci\comp1\outputs\_trial_comp_blocked_r1_p13\stim_frames.bin (0.0 MB)
wrote D:\Dav\CodeHub\Agent\male-fruit-fly-brain-map\bci\comp1\outputs\_trial_comp_blocked_r1_p13\viz_data.json (5.2 MB)
[acquire] comp_blocked_r1_p20: D:\Dav\CodeHub\Agent\male-fruit-fly-brain-map\viz\export_data.py --regions visual_bilateral,ol_rest,central_brain,olfactory --visual-input dark --chem-input compAB --plastic-mb --plastic-lr=-2e-7 --plastic-w0 0.03 --plastic-kcm-gain 0.015 --mbon-dan-gain 178 --plastic-dan-gate 150,0.16,400 --mbon-bias=-300 --t-end 5000.0 --seed 1052 --out D:\Dav\CodeHub\Agent\male-fruit-fly-brain-map\bci\comp1\outputs\_trial_comp_blocked_r1_p20 --gpu --plastic-state-out D:\Dav\CodeHub\Agent\male-fruit-fly-brain-map\bci\comp1\outputs\states\comp_blocked_r1_p20.npz --plastic-comp-reward PAM07* --plastic-state-in D:\Dav\CodeHub\Agent\male-fruit-fly-brain-map\bci\comp1\outputs\states\comp_blocked_r1_p13.npz
circuit cache: HIT circuit-693698e48fa257ee3380.npz (1.0 s)
regions: ON  = visual_bilateral, ol_rest, central_brain, olfactory
regions: OFF = audition, gustatory, proprioception, thermal, touch, vnc, vpn_central   <-- pass --regions to enable
plastic-mb: KCM split 33398 KC->MBON pairs (lr=-2e-07)
mbon-dan-gain: MBMD split 349 GABA MBON->DAN pairs from CEN_C (gain=178; 154 DAN_err cells)
comp-reward: PAM07* -> 14 DAN cells, 14 feedback MBONs
dan-gate: monitoring compartment PAM07* (14 cells) -> 14 neurons, tau=150 ms, gain=0.16, t_ref=400 ms; comp gate 4582/33398 edges
kernel cache: HIT kernels-03f7b25805ae69ff754e.npz (0.1 s)
visual input: dark -> 1 frames @ 60.0 fps, 3377 photoreceptors sampled
chem: CEN[KCg-m@L] -> 687 neurons (KCg-m@L), 1600 pA x 1 pulses
chem: CEN[KCg-m@R] -> 652 neurons (KCg-m@R), 1600 pA x 1 pulses
chem: CEN[PAM07*] -> 14 neurons (PAM07@L, PAM07@R), 800 pA x 1 pulses
chem: CEN[KCab-m@L] -> 307 neurons (KCab-m@L), 1600 pA x 1 pulses
chem: CEN[KCab-m@R] -> 223 neurons (KCab-m@R), 1600 pA x 1 pulses
chem: CEN[KCab-m@L] -> 307 neurons (KCab-m@L), 1600 pA x 1 pulses
chem: CEN[KCab-m@R] -> 223 neurons (KCab-m@R), 1600 pA x 1 pulses
chem: CEN[MBON*] -> 96 neurons (MBON01@R, MBON02@R, MBON03@R, MBON04@R...), -300 pA x 1 pulses
chem calibration: CEN_C recurrence gain -> 0.002 (chem-run working point, exp019)
simulating 5.0 s ...
plastic state IN KCM: w mean 0.0309 min 0.0300
GPU forward buffers: 256 records, 1367 MB on device
dan-gate: baseline r0 = 0.00 Hz
plastic result KCM: w_scale mean 0.0312 min 0.0300 floor-hit 0/33398 | elig max 38.1010
dan-gate: trace 10000 steps -> D:\Dav\CodeHub\Agent\male-fruit-fly-brain-map\bci\comp1\outputs\_trial_comp_blocked_r1_p20\_dan_trace.npy | r max 6.8 Hz, r0 0.00 Hz, mod max 1.000, mod integral 170.7 ms
biology loop: 57 s (5000 records)
phi_scalp checksum: L2=2.891939e-04 (baseline A/B file: D:\Dav\CodeHub\Agent\male-fruit-fly-brain-map\bci\comp1\outputs\_trial_comp_blocked_r1_p20\_debug_phi_scalp.npy)
background EEG: fly signal 0.24 uV vs bg 11.33 uV at 156 deg -> d'=2 needs ~8531 trials (band 2-20 Hz: ~137273)
stim view frames: D:\Dav\CodeHub\Agent\male-fruit-fly-brain-map\bci\comp1\outputs\_trial_comp_blocked_r1_p20\stim_frames.bin (0.0 MB)
wrote D:\Dav\CodeHub\Agent\male-fruit-fly-brain-map\bci\comp1\outputs\_trial_comp_blocked_r1_p20\viz_data.json (5.2 MB)
[acquire] comp_blocked_r1_p21: D:\Dav\CodeHub\Agent\male-fruit-fly-brain-map\viz\export_data.py --regions visual_bilateral,ol_rest,central_brain,olfactory --visual-input dark --chem-input compAB --plastic-mb --plastic-lr=-2e-7 --plastic-w0 0.03 --plastic-kcm-gain 0.015 --mbon-dan-gain 178 --plastic-dan-gate 150,0.16,400 --mbon-bias=-300 --t-end 5000.0 --seed 1053 --out D:\Dav\CodeHub\Agent\male-fruit-fly-brain-map\bci\comp1\outputs\_trial_comp_blocked_r1_p21 --gpu --plastic-state-out D:\Dav\CodeHub\Agent\male-fruit-fly-brain-map\bci\comp1\outputs\states\comp_blocked_r1_p21.npz --plastic-comp-reward PAM07* --plastic-state-in D:\Dav\CodeHub\Agent\male-fruit-fly-brain-map\bci\comp1\outputs\states\comp_blocked_r1_p20.npz
circuit cache: HIT circuit-693698e48fa257ee3380.npz (0.9 s)
regions: ON  = visual_bilateral, ol_rest, central_brain, olfactory
regions: OFF = audition, gustatory, proprioception, thermal, touch, vnc, vpn_central   <-- pass --regions to enable
plastic-mb: KCM split 33398 KC->MBON pairs (lr=-2e-07)
mbon-dan-gain: MBMD split 349 GABA MBON->DAN pairs from CEN_C (gain=178; 154 DAN_err cells)
comp-reward: PAM07* -> 14 DAN cells, 14 feedback MBONs
dan-gate: monitoring compartment PAM07* (14 cells) -> 14 neurons, tau=150 ms, gain=0.16, t_ref=400 ms; comp gate 4582/33398 edges
kernel cache: HIT kernels-03f7b25805ae69ff754e.npz (0.1 s)
visual input: dark -> 1 frames @ 60.0 fps, 3377 photoreceptors sampled
chem: CEN[KCg-m@L] -> 687 neurons (KCg-m@L), 1600 pA x 1 pulses
chem: CEN[KCg-m@R] -> 652 neurons (KCg-m@R), 1600 pA x 1 pulses
chem: CEN[PAM07*] -> 14 neurons (PAM07@L, PAM07@R), 800 pA x 1 pulses
chem: CEN[KCab-m@L] -> 307 neurons (KCab-m@L), 1600 pA x 1 pulses
chem: CEN[KCab-m@R] -> 223 neurons (KCab-m@R), 1600 pA x 1 pulses
chem: CEN[KCab-m@L] -> 307 neurons (KCab-m@L), 1600 pA x 1 pulses
chem: CEN[KCab-m@R] -> 223 neurons (KCab-m@R), 1600 pA x 1 pulses
chem: CEN[MBON*] -> 96 neurons (MBON01@R, MBON02@R, MBON03@R, MBON04@R...), -300 pA x 1 pulses
chem calibration: CEN_C recurrence gain -> 0.002 (chem-run working point, exp019)
simulating 5.0 s ...
plastic state IN KCM: w mean 0.0312 min 0.0300
GPU forward buffers: 256 records, 1367 MB on device
dan-gate: baseline r0 = 0.00 Hz
plastic result KCM: w_scale mean 0.0314 min 0.0300 floor-hit 0/33398 | elig max 38.4351
dan-gate: trace 10000 steps -> D:\Dav\CodeHub\Agent\male-fruit-fly-brain-map\bci\comp1\outputs\_trial_comp_blocked_r1_p21\_dan_trace.npy | r max 6.5 Hz, r0 0.00 Hz, mod max 1.000, mod integral 159.9 ms
biology loop: 58 s (5000 records)
phi_scalp checksum: L2=2.917725e-04 (baseline A/B file: D:\Dav\CodeHub\Agent\male-fruit-fly-brain-map\bci\comp1\outputs\_trial_comp_blocked_r1_p21\_debug_phi_scalp.npy)
background EEG: fly signal 0.25 uV vs bg 11.33 uV at 156 deg -> d'=2 needs ~8459 trials (band 2-20 Hz: ~156480)
stim view frames: D:\Dav\CodeHub\Agent\male-fruit-fly-brain-map\bci\comp1\outputs\_trial_comp_blocked_r1_p21\stim_frames.bin (0.0 MB)
wrote D:\Dav\CodeHub\Agent\male-fruit-fly-brain-map\bci\comp1\outputs\_trial_comp_blocked_r1_p21\viz_data.json (5.2 MB)
[acquire] comp_blocked_r1_p22: D:\Dav\CodeHub\Agent\male-fruit-fly-brain-map\viz\export_data.py --regions visual_bilateral,ol_rest,central_brain,olfactory --visual-input dark --chem-input compAB --plastic-mb --plastic-lr=-2e-7 --plastic-w0 0.03 --plastic-kcm-gain 0.015 --mbon-dan-gain 178 --plastic-dan-gate 150,0.16,400 --mbon-bias=-300 --t-end 5000.0 --seed 1054 --out D:\Dav\CodeHub\Agent\male-fruit-fly-brain-map\bci\comp1\outputs\_trial_comp_blocked_r1_p22 --gpu --plastic-state-out D:\Dav\CodeHub\Agent\male-fruit-fly-brain-map\bci\comp1\outputs\states\comp_blocked_r1_p22.npz --plastic-comp-reward PAM07* --plastic-state-in D:\Dav\CodeHub\Agent\male-fruit-fly-brain-map\bci\comp1\outputs\states\comp_blocked_r1_p21.npz
circuit cache: HIT circuit-693698e48fa257ee3380.npz (1.0 s)
regions: ON  = visual_bilateral, ol_rest, central_brain, olfactory
regions: OFF = audition, gustatory, proprioception, thermal, touch, vnc, vpn_central   <-- pass --regions to enable
plastic-mb: KCM split 33398 KC->MBON pairs (lr=-2e-07)
mbon-dan-gain: MBMD split 349 GABA MBON->DAN pairs from CEN_C (gain=178; 154 DAN_err cells)
comp-reward: PAM07* -> 14 DAN cells, 14 feedback MBONs
dan-gate: monitoring compartment PAM07* (14 cells) -> 14 neurons, tau=150 ms, gain=0.16, t_ref=400 ms; comp gate 4582/33398 edges
kernel cache: HIT kernels-03f7b25805ae69ff754e.npz (0.1 s)
visual input: dark -> 1 frames @ 60.0 fps, 3377 photoreceptors sampled
chem: CEN[KCg-m@L] -> 687 neurons (KCg-m@L), 1600 pA x 1 pulses
chem: CEN[KCg-m@R] -> 652 neurons (KCg-m@R), 1600 pA x 1 pulses
chem: CEN[PAM07*] -> 14 neurons (PAM07@L, PAM07@R), 800 pA x 1 pulses
chem: CEN[KCab-m@L] -> 307 neurons (KCab-m@L), 1600 pA x 1 pulses
chem: CEN[KCab-m@R] -> 223 neurons (KCab-m@R), 1600 pA x 1 pulses
chem: CEN[KCab-m@L] -> 307 neurons (KCab-m@L), 1600 pA x 1 pulses
chem: CEN[KCab-m@R] -> 223 neurons (KCab-m@R), 1600 pA x 1 pulses
chem: CEN[MBON*] -> 96 neurons (MBON01@R, MBON02@R, MBON03@R, MBON04@R...), -300 pA x 1 pulses
chem calibration: CEN_C recurrence gain -> 0.002 (chem-run working point, exp019)
simulating 5.0 s ...
plastic state IN KCM: w mean 0.0314 min 0.0300
GPU forward buffers: 256 records, 1367 MB on device
dan-gate: baseline r0 = 0.00 Hz
plastic result KCM: w_scale mean 0.0316 min 0.0300 floor-hit 0/33398 | elig max 38.3780
dan-gate: trace 10000 steps -> D:\Dav\CodeHub\Agent\male-fruit-fly-brain-map\bci\comp1\outputs\_trial_comp_blocked_r1_p22\_dan_trace.npy | r max 5.1 Hz, r0 0.00 Hz, mod max 0.819, mod integral 125.7 ms
biology loop: 59 s (5000 records)
phi_scalp checksum: L2=2.924539e-04 (baseline A/B file: D:\Dav\CodeHub\Agent\male-fruit-fly-brain-map\bci\comp1\outputs\_trial_comp_blocked_r1_p22\_debug_phi_scalp.npy)
background EEG: fly signal 0.25 uV vs bg 11.33 uV at 156 deg -> d'=2 needs ~8425 trials (band 2-20 Hz: ~157486)
stim view frames: D:\Dav\CodeHub\Agent\male-fruit-fly-brain-map\bci\comp1\outputs\_trial_comp_blocked_r1_p22\stim_frames.bin (0.0 MB)
wrote D:\Dav\CodeHub\Agent\male-fruit-fly-brain-map\bci\comp1\outputs\_trial_comp_blocked_r1_p22\viz_data.json (5.2 MB)
[acquire] comp_blocked_r1_p23: D:\Dav\CodeHub\Agent\male-fruit-fly-brain-map\viz\export_data.py --regions visual_bilateral,ol_rest,central_brain,olfactory --visual-input dark --chem-input compAB --plastic-mb --plastic-lr=-2e-7 --plastic-w0 0.03 --plastic-kcm-gain 0.015 --mbon-dan-gain 178 --plastic-dan-gate 150,0.16,400 --mbon-bias=-300 --t-end 5000.0 --seed 1055 --out D:\Dav\CodeHub\Agent\male-fruit-fly-brain-map\bci\comp1\outputs\_trial_comp_blocked_r1_p23 --gpu --plastic-state-out D:\Dav\CodeHub\Agent\male-fruit-fly-brain-map\bci\comp1\outputs\states\comp_blocked_r1_p23.npz --plastic-comp-reward PAM07* --plastic-state-in D:\Dav\CodeHub\Agent\male-fruit-fly-brain-map\bci\comp1\outputs\states\comp_blocked_r1_p22.npz
circuit cache: HIT circuit-693698e48fa257ee3380.npz (0.9 s)
regions: ON  = visual_bilateral, ol_rest, central_brain, olfactory
regions: OFF = audition, gustatory, proprioception, thermal, touch, vnc, vpn_central   <-- pass --regions to enable
plastic-mb: KCM split 33398 KC->MBON pairs (lr=-2e-07)
mbon-dan-gain: MBMD split 349 GABA MBON->DAN pairs from CEN_C (gain=178; 154 DAN_err cells)
comp-reward: PAM07* -> 14 DAN cells, 14 feedback MBONs
dan-gate: monitoring compartment PAM07* (14 cells) -> 14 neurons, tau=150 ms, gain=0.16, t_ref=400 ms; comp gate 4582/33398 edges
kernel cache: HIT kernels-03f7b25805ae69ff754e.npz (0.1 s)
visual input: dark -> 1 frames @ 60.0 fps, 3377 photoreceptors sampled
chem: CEN[KCg-m@L] -> 687 neurons (KCg-m@L), 1600 pA x 1 pulses
chem: CEN[KCg-m@R] -> 652 neurons (KCg-m@R), 1600 pA x 1 pulses
chem: CEN[PAM07*] -> 14 neurons (PAM07@L, PAM07@R), 800 pA x 1 pulses
chem: CEN[KCab-m@L] -> 307 neurons (KCab-m@L), 1600 pA x 1 pulses
chem: CEN[KCab-m@R] -> 223 neurons (KCab-m@R), 1600 pA x 1 pulses
chem: CEN[KCab-m@L] -> 307 neurons (KCab-m@L), 1600 pA x 1 pulses
chem: CEN[KCab-m@R] -> 223 neurons (KCab-m@R), 1600 pA x 1 pulses
chem: CEN[MBON*] -> 96 neurons (MBON01@R, MBON02@R, MBON03@R, MBON04@R...), -300 pA x 1 pulses
chem calibration: CEN_C recurrence gain -> 0.002 (chem-run working point, exp019)
simulating 5.0 s ...
plastic state IN KCM: w mean 0.0316 min 0.0300
GPU forward buffers: 256 records, 1367 MB on device
dan-gate: baseline r0 = 0.00 Hz
plastic result KCM: w_scale mean 0.0318 min 0.0300 floor-hit 0/33398 | elig max 38.1481
dan-gate: trace 10000 steps -> D:\Dav\CodeHub\Agent\male-fruit-fly-brain-map\bci\comp1\outputs\_trial_comp_blocked_r1_p23\_dan_trace.npy | r max 5.6 Hz, r0 0.00 Hz, mod max 0.889, mod integral 137.1 ms
biology loop: 59 s (5000 records)
phi_scalp checksum: L2=2.920603e-04 (baseline A/B file: D:\Dav\CodeHub\Agent\male-fruit-fly-brain-map\bci\comp1\outputs\_trial_comp_blocked_r1_p23\_debug_phi_scalp.npy)
background EEG: fly signal 0.25 uV vs bg 11.33 uV at 156 deg -> d'=2 needs ~8440 trials (band 2-20 Hz: ~164186)
stim view frames: D:\Dav\CodeHub\Agent\male-fruit-fly-brain-map\bci\comp1\outputs\_trial_comp_blocked_r1_p23\stim_frames.bin (0.0 MB)
wrote D:\Dav\CodeHub\Agent\male-fruit-fly-brain-map\bci\comp1\outputs\_trial_comp_blocked_r1_p23\viz_data.json (5.2 MB)
[acquire] comp_blocked_r1_p24: D:\Dav\CodeHub\Agent\male-fruit-fly-brain-map\viz\export_data.py --regions visual_bilateral,ol_rest,central_brain,olfactory --visual-input dark --chem-input compAB --plastic-mb --plastic-lr=-2e-7 --plastic-w0 0.03 --plastic-kcm-gain 0.015 --mbon-dan-gain 178 --plastic-dan-gate 150,0.16,400 --mbon-bias=-300 --t-end 5000.0 --seed 1056 --out D:\Dav\CodeHub\Agent\male-fruit-fly-brain-map\bci\comp1\outputs\_trial_comp_blocked_r1_p24 --gpu --plastic-state-out D:\Dav\CodeHub\Agent\male-fruit-fly-brain-map\bci\comp1\outputs\states\comp_blocked_r1_p24.npz --plastic-comp-reward PAM07* --plastic-state-in D:\Dav\CodeHub\Agent\male-fruit-fly-brain-map\bci\comp1\outputs\states\comp_blocked_r1_p23.npz
circuit cache: HIT circuit-693698e48fa257ee3380.npz (0.9 s)
regions: ON  = visual_bilateral, ol_rest, central_brain, olfactory
regions: OFF = audition, gustatory, proprioception, thermal, touch, vnc, vpn_central   <-- pass --regions to enable
plastic-mb: KCM split 33398 KC->MBON pairs (lr=-2e-07)
mbon-dan-gain: MBMD split 349 GABA MBON->DAN pairs from CEN_C (gain=178; 154 DAN_err cells)
comp-reward: PAM07* -> 14 DAN cells, 14 feedback MBONs
dan-gate: monitoring compartment PAM07* (14 cells) -> 14 neurons, tau=150 ms, gain=0.16, t_ref=400 ms; comp gate 4582/33398 edges
kernel cache: HIT kernels-03f7b25805ae69ff754e.npz (0.1 s)
visual input: dark -> 1 frames @ 60.0 fps, 3377 photoreceptors sampled
chem: CEN[KCg-m@L] -> 687 neurons (KCg-m@L), 1600 pA x 1 pulses
chem: CEN[KCg-m@R] -> 652 neurons (KCg-m@R), 1600 pA x 1 pulses
chem: CEN[PAM07*] -> 14 neurons (PAM07@L, PAM07@R), 800 pA x 1 pulses
chem: CEN[KCab-m@L] -> 307 neurons (KCab-m@L), 1600 pA x 1 pulses
chem: CEN[KCab-m@R] -> 223 neurons (KCab-m@R), 1600 pA x 1 pulses
chem: CEN[KCab-m@L] -> 307 neurons (KCab-m@L), 1600 pA x 1 pulses
chem: CEN[KCab-m@R] -> 223 neurons (KCab-m@R), 1600 pA x 1 pulses
chem: CEN[MBON*] -> 96 neurons (MBON01@R, MBON02@R, MBON03@R, MBON04@R...), -300 pA x 1 pulses
chem calibration: CEN_C recurrence gain -> 0.002 (chem-run working point, exp019)
simulating 5.0 s ...
plastic state IN KCM: w mean 0.0318 min 0.0300
GPU forward buffers: 256 records, 1367 MB on device
dan-gate: baseline r0 = 0.00 Hz
plastic result KCM: w_scale mean 0.0320 min 0.0300 floor-hit 0/33398 | elig max 38.2034
dan-gate: trace 10000 steps -> D:\Dav\CodeHub\Agent\male-fruit-fly-brain-map\bci\comp1\outputs\_trial_comp_blocked_r1_p24\_dan_trace.npy | r max 6.0 Hz, r0 0.00 Hz, mod max 0.967, mod integral 148.6 ms
biology loop: 59 s (5000 records)
phi_scalp checksum: L2=2.897086e-04 (baseline A/B file: D:\Dav\CodeHub\Agent\male-fruit-fly-brain-map\bci\comp1\outputs\_trial_comp_blocked_r1_p24\_debug_phi_scalp.npy)
background EEG: fly signal 0.24 uV vs bg 11.33 uV at 156 deg -> d'=2 needs ~8557 trials (band 2-20 Hz: ~132718)
stim view frames: D:\Dav\CodeHub\Agent\male-fruit-fly-brain-map\bci\comp1\outputs\_trial_comp_blocked_r1_p24\stim_frames.bin (0.0 MB)
wrote D:\Dav\CodeHub\Agent\male-fruit-fly-brain-map\bci\comp1\outputs\_trial_comp_blocked_r1_p24\viz_data.json (5.2 MB)
[acquire] comp_blocked_r1_p25: D:\Dav\CodeHub\Agent\male-fruit-fly-brain-map\viz\export_data.py --regions visual_bilateral,ol_rest,central_brain,olfactory --visual-input dark --chem-input compAB --plastic-mb --plastic-lr=-2e-7 --plastic-w0 0.03 --plastic-kcm-gain 0.015 --mbon-dan-gain 178 --plastic-dan-gate 150,0.16,400 --mbon-bias=-300 --t-end 5000.0 --seed 1057 --out D:\Dav\CodeHub\Agent\male-fruit-fly-brain-map\bci\comp1\outputs\_trial_comp_blocked_r1_p25 --gpu --plastic-state-out D:\Dav\CodeHub\Agent\male-fruit-fly-brain-map\bci\comp1\outputs\states\comp_blocked_r1_p25.npz --plastic-comp-reward PAM07* --plastic-state-in D:\Dav\CodeHub\Agent\male-fruit-fly-brain-map\bci\comp1\outputs\states\comp_blocked_r1_p24.npz
circuit cache: HIT circuit-693698e48fa257ee3380.npz (0.9 s)
regions: ON  = visual_bilateral, ol_rest, central_brain, olfactory
regions: OFF = audition, gustatory, proprioception, thermal, touch, vnc, vpn_central   <-- pass --regions to enable
plastic-mb: KCM split 33398 KC->MBON pairs (lr=-2e-07)
mbon-dan-gain: MBMD split 349 GABA MBON->DAN pairs from CEN_C (gain=178; 154 DAN_err cells)
comp-reward: PAM07* -> 14 DAN cells, 14 feedback MBONs
dan-gate: monitoring compartment PAM07* (14 cells) -> 14 neurons, tau=150 ms, gain=0.16, t_ref=400 ms; comp gate 4582/33398 edges
kernel cache: HIT kernels-03f7b25805ae69ff754e.npz (0.1 s)
visual input: dark -> 1 frames @ 60.0 fps, 3377 photoreceptors sampled
chem: CEN[KCg-m@L] -> 687 neurons (KCg-m@L), 1600 pA x 1 pulses
chem: CEN[KCg-m@R] -> 652 neurons (KCg-m@R), 1600 pA x 1 pulses
chem: CEN[PAM07*] -> 14 neurons (PAM07@L, PAM07@R), 800 pA x 1 pulses
chem: CEN[KCab-m@L] -> 307 neurons (KCab-m@L), 1600 pA x 1 pulses
chem: CEN[KCab-m@R] -> 223 neurons (KCab-m@R), 1600 pA x 1 pulses
chem: CEN[KCab-m@L] -> 307 neurons (KCab-m@L), 1600 pA x 1 pulses
chem: CEN[KCab-m@R] -> 223 neurons (KCab-m@R), 1600 pA x 1 pulses
chem: CEN[MBON*] -> 96 neurons (MBON01@R, MBON02@R, MBON03@R, MBON04@R...), -300 pA x 1 pulses
chem calibration: CEN_C recurrence gain -> 0.002 (chem-run working point, exp019)
simulating 5.0 s ...
plastic state IN KCM: w mean 0.0320 min 0.0300
GPU forward buffers: 256 records, 1367 MB on device
dan-gate: baseline r0 = 0.00 Hz
plastic result KCM: w_scale mean 0.0322 min 0.0300 floor-hit 0/33398 | elig max 38.2452
dan-gate: trace 10000 steps -> D:\Dav\CodeHub\Agent\male-fruit-fly-brain-map\bci\comp1\outputs\_trial_comp_blocked_r1_p25\_dan_trace.npy | r max 5.1 Hz, r0 0.00 Hz, mod max 0.811, mod integral 125.7 ms
biology loop: 59 s (5000 records)
phi_scalp checksum: L2=2.921566e-04 (baseline A/B file: D:\Dav\CodeHub\Agent\male-fruit-fly-brain-map\bci\comp1\outputs\_trial_comp_blocked_r1_p25\_debug_phi_scalp.npy)
background EEG: fly signal 0.25 uV vs bg 11.33 uV at 156 deg -> d'=2 needs ~8433 trials (band 2-20 Hz: ~166722)
stim view frames: D:\Dav\CodeHub\Agent\male-fruit-fly-brain-map\bci\comp1\outputs\_trial_comp_blocked_r1_p25\stim_frames.bin (0.0 MB)
wrote D:\Dav\CodeHub\Agent\male-fruit-fly-brain-map\bci\comp1\outputs\_trial_comp_blocked_r1_p25\viz_data.json (5.2 MB)
[acquire] comp_control_r1_p10: D:\Dav\CodeHub\Agent\male-fruit-fly-brain-map\viz\export_data.py --regions visual_bilateral,ol_rest,central_brain,olfactory --visual-input dark --chem-input compC --plastic-mb --plastic-lr=-2e-7 --plastic-w0 0.03 --plastic-kcm-gain 0.015 --mbon-dan-gain 178 --plastic-dan-gate 150,0.16,400 --mbon-bias=-300 --t-end 5000.0 --seed 1102 --out D:\Dav\CodeHub\Agent\male-fruit-fly-brain-map\bci\comp1\outputs\_trial_comp_control_r1_p10 --gpu --plastic-state-out D:\Dav\CodeHub\Agent\male-fruit-fly-brain-map\bci\comp1\outputs\states\comp_control_r1_p10.npz --plastic-comp-reward PAM07*
circuit cache: HIT circuit-693698e48fa257ee3380.npz (0.9 s)
regions: ON  = visual_bilateral, ol_rest, central_brain, olfactory
regions: OFF = audition, gustatory, proprioception, thermal, touch, vnc, vpn_central   <-- pass --regions to enable
plastic-mb: KCM split 33398 KC->MBON pairs (lr=-2e-07)
mbon-dan-gain: MBMD split 349 GABA MBON->DAN pairs from CEN_C (gain=178; 154 DAN_err cells)
comp-reward: PAM07* -> 14 DAN cells, 14 feedback MBONs
dan-gate: monitoring compartment PAM07* (14 cells) -> 14 neurons, tau=150 ms, gain=0.16, t_ref=400 ms; comp gate 4582/33398 edges
kernel cache: HIT kernels-03f7b25805ae69ff754e.npz (0.1 s)
visual input: dark -> 1 frames @ 60.0 fps, 3377 photoreceptors sampled
chem: CEN[KCab-s@L] -> 234 neurons (KCab-s@L), 1600 pA x 1 pulses
chem: CEN[KCab-s@R] -> 421 neurons (KCab-s@R), 1600 pA x 1 pulses
chem: CEN[PAM07*] -> 14 neurons (PAM07@L, PAM07@R), 800 pA x 1 pulses
chem: CEN[KCab-s@L] -> 234 neurons (KCab-s@L), 1600 pA x 1 pulses
chem: CEN[KCab-s@R] -> 421 neurons (KCab-s@R), 1600 pA x 1 pulses
chem: CEN[MBON*] -> 96 neurons (MBON01@R, MBON02@R, MBON03@R, MBON04@R...), -300 pA x 1 pulses
chem calibration: CEN_C recurrence gain -> 0.002 (chem-run working point, exp019)
simulating 5.0 s ...
GPU forward buffers: 256 records, 1367 MB on device
dan-gate: baseline r0 = 0.00 Hz
plastic result KCM: w_scale mean 0.0312 min 0.0300 floor-hit 0/33398 | elig max 38.4778
dan-gate: trace 10000 steps -> D:\Dav\CodeHub\Agent\male-fruit-fly-brain-map\bci\comp1\outputs\_trial_comp_control_r1_p10\_dan_trace.npy | r max 68.2 Hz, r0 0.00 Hz, mod max 1.000, mod integral 2350.5 ms
biology loop: 58 s (5000 records)
phi_scalp checksum: L2=2.757029e-04 (baseline A/B file: D:\Dav\CodeHub\Agent\male-fruit-fly-brain-map\bci\comp1\outputs\_trial_comp_control_r1_p10\_debug_phi_scalp.npy)
background EEG: fly signal 0.18 uV vs bg 13.10 uV at 168 deg -> d'=2 needs ~21955 trials (band 2-20 Hz: ~358070)
stim view frames: D:\Dav\CodeHub\Agent\male-fruit-fly-brain-map\bci\comp1\outputs\_trial_comp_control_r1_p10\stim_frames.bin (0.0 MB)
wrote D:\Dav\CodeHub\Agent\male-fruit-fly-brain-map\bci\comp1\outputs\_trial_comp_control_r1_p10\viz_data.json (5.2 MB)
[acquire] comp_control_r1_p11: D:\Dav\CodeHub\Agent\male-fruit-fly-brain-map\viz\export_data.py --regions visual_bilateral,ol_rest,central_brain,olfactory --visual-input dark --chem-input compC --plastic-mb --plastic-lr=-2e-7 --plastic-w0 0.03 --plastic-kcm-gain 0.015 --mbon-dan-gain 178 --plastic-dan-gate 150,0.16,400 --mbon-bias=-300 --t-end 5000.0 --seed 1103 --out D:\Dav\CodeHub\Agent\male-fruit-fly-brain-map\bci\comp1\outputs\_trial_comp_control_r1_p11 --gpu --plastic-state-out D:\Dav\CodeHub\Agent\male-fruit-fly-brain-map\bci\comp1\outputs\states\comp_control_r1_p11.npz --plastic-comp-reward PAM07* --plastic-state-in D:\Dav\CodeHub\Agent\male-fruit-fly-brain-map\bci\comp1\outputs\states\comp_control_r1_p10.npz
circuit cache: HIT circuit-693698e48fa257ee3380.npz (0.9 s)
regions: ON  = visual_bilateral, ol_rest, central_brain, olfactory
regions: OFF = audition, gustatory, proprioception, thermal, touch, vnc, vpn_central   <-- pass --regions to enable
plastic-mb: KCM split 33398 KC->MBON pairs (lr=-2e-07)
mbon-dan-gain: MBMD split 349 GABA MBON->DAN pairs from CEN_C (gain=178; 154 DAN_err cells)
comp-reward: PAM07* -> 14 DAN cells, 14 feedback MBONs
dan-gate: monitoring compartment PAM07* (14 cells) -> 14 neurons, tau=150 ms, gain=0.16, t_ref=400 ms; comp gate 4582/33398 edges
kernel cache: HIT kernels-03f7b25805ae69ff754e.npz (0.1 s)
visual input: dark -> 1 frames @ 60.0 fps, 3377 photoreceptors sampled
chem: CEN[KCab-s@L] -> 234 neurons (KCab-s@L), 1600 pA x 1 pulses
chem: CEN[KCab-s@R] -> 421 neurons (KCab-s@R), 1600 pA x 1 pulses
chem: CEN[PAM07*] -> 14 neurons (PAM07@L, PAM07@R), 800 pA x 1 pulses
chem: CEN[KCab-s@L] -> 234 neurons (KCab-s@L), 1600 pA x 1 pulses
chem: CEN[KCab-s@R] -> 421 neurons (KCab-s@R), 1600 pA x 1 pulses
chem: CEN[MBON*] -> 96 neurons (MBON01@R, MBON02@R, MBON03@R, MBON04@R...), -300 pA x 1 pulses
chem calibration: CEN_C recurrence gain -> 0.002 (chem-run working point, exp019)
simulating 5.0 s ...
plastic state IN KCM: w mean 0.0312 min 0.0300
GPU forward buffers: 256 records, 1367 MB on device
dan-gate: baseline r0 = 0.00 Hz
plastic result KCM: w_scale mean 0.0325 min 0.0300 floor-hit 0/33398 | elig max 38.4829
dan-gate: trace 10000 steps -> D:\Dav\CodeHub\Agent\male-fruit-fly-brain-map\bci\comp1\outputs\_trial_comp_control_r1_p11\_dan_trace.npy | r max 57.0 Hz, r0 0.00 Hz, mod max 1.000, mod integral 2327.8 ms
biology loop: 58 s (5000 records)
phi_scalp checksum: L2=2.756177e-04 (baseline A/B file: D:\Dav\CodeHub\Agent\male-fruit-fly-brain-map\bci\comp1\outputs\_trial_comp_control_r1_p11\_debug_phi_scalp.npy)
background EEG: fly signal 0.18 uV vs bg 13.10 uV at 168 deg -> d'=2 needs ~22203 trials (band 2-20 Hz: ~363508)
stim view frames: D:\Dav\CodeHub\Agent\male-fruit-fly-brain-map\bci\comp1\outputs\_trial_comp_control_r1_p11\stim_frames.bin (0.0 MB)
wrote D:\Dav\CodeHub\Agent\male-fruit-fly-brain-map\bci\comp1\outputs\_trial_comp_control_r1_p11\viz_data.json (5.2 MB)
[acquire] comp_control_r1_p12: D:\Dav\CodeHub\Agent\male-fruit-fly-brain-map\viz\export_data.py --regions visual_bilateral,ol_rest,central_brain,olfactory --visual-input dark --chem-input compC --plastic-mb --plastic-lr=-2e-7 --plastic-w0 0.03 --plastic-kcm-gain 0.015 --mbon-dan-gain 178 --plastic-dan-gate 150,0.16,400 --mbon-bias=-300 --t-end 5000.0 --seed 1104 --out D:\Dav\CodeHub\Agent\male-fruit-fly-brain-map\bci\comp1\outputs\_trial_comp_control_r1_p12 --gpu --plastic-state-out D:\Dav\CodeHub\Agent\male-fruit-fly-brain-map\bci\comp1\outputs\states\comp_control_r1_p12.npz --plastic-comp-reward PAM07* --plastic-state-in D:\Dav\CodeHub\Agent\male-fruit-fly-brain-map\bci\comp1\outputs\states\comp_control_r1_p11.npz
circuit cache: HIT circuit-693698e48fa257ee3380.npz (0.9 s)
regions: ON  = visual_bilateral, ol_rest, central_brain, olfactory
regions: OFF = audition, gustatory, proprioception, thermal, touch, vnc, vpn_central   <-- pass --regions to enable
plastic-mb: KCM split 33398 KC->MBON pairs (lr=-2e-07)
mbon-dan-gain: MBMD split 349 GABA MBON->DAN pairs from CEN_C (gain=178; 154 DAN_err cells)
comp-reward: PAM07* -> 14 DAN cells, 14 feedback MBONs
dan-gate: monitoring compartment PAM07* (14 cells) -> 14 neurons, tau=150 ms, gain=0.16, t_ref=400 ms; comp gate 4582/33398 edges
kernel cache: HIT kernels-03f7b25805ae69ff754e.npz (0.1 s)
visual input: dark -> 1 frames @ 60.0 fps, 3377 photoreceptors sampled
chem: CEN[KCab-s@L] -> 234 neurons (KCab-s@L), 1600 pA x 1 pulses
chem: CEN[KCab-s@R] -> 421 neurons (KCab-s@R), 1600 pA x 1 pulses
chem: CEN[PAM07*] -> 14 neurons (PAM07@L, PAM07@R), 800 pA x 1 pulses
chem: CEN[KCab-s@L] -> 234 neurons (KCab-s@L), 1600 pA x 1 pulses
chem: CEN[KCab-s@R] -> 421 neurons (KCab-s@R), 1600 pA x 1 pulses
chem: CEN[MBON*] -> 96 neurons (MBON01@R, MBON02@R, MBON03@R, MBON04@R...), -300 pA x 1 pulses
chem calibration: CEN_C recurrence gain -> 0.002 (chem-run working point, exp019)
simulating 5.0 s ...
plastic state IN KCM: w mean 0.0325 min 0.0300
GPU forward buffers: 256 records, 1367 MB on device
dan-gate: baseline r0 = 0.00 Hz
plastic result KCM: w_scale mean 0.0337 min 0.0300 floor-hit 0/33398 | elig max 38.5112
dan-gate: trace 10000 steps -> D:\Dav\CodeHub\Agent\male-fruit-fly-brain-map\bci\comp1\outputs\_trial_comp_control_r1_p12\_dan_trace.npy | r max 51.8 Hz, r0 0.00 Hz, mod max 1.000, mod integral 2344.1 ms
biology loop: 58 s (5000 records)
phi_scalp checksum: L2=2.753865e-04 (baseline A/B file: D:\Dav\CodeHub\Agent\male-fruit-fly-brain-map\bci\comp1\outputs\_trial_comp_control_r1_p12\_debug_phi_scalp.npy)
background EEG: fly signal 0.17 uV vs bg 13.10 uV at 168 deg -> d'=2 needs ~22577 trials (band 2-20 Hz: ~378201)
stim view frames: D:\Dav\CodeHub\Agent\male-fruit-fly-brain-map\bci\comp1\outputs\_trial_comp_control_r1_p12\stim_frames.bin (0.0 MB)
wrote D:\Dav\CodeHub\Agent\male-fruit-fly-brain-map\bci\comp1\outputs\_trial_comp_control_r1_p12\viz_data.json (5.2 MB)
[acquire] comp_control_r1_p13: D:\Dav\CodeHub\Agent\male-fruit-fly-brain-map\viz\export_data.py --regions visual_bilateral,ol_rest,central_brain,olfactory --visual-input dark --chem-input compC --plastic-mb --plastic-lr=-2e-7 --plastic-w0 0.03 --plastic-kcm-gain 0.015 --mbon-dan-gain 178 --plastic-dan-gate 150,0.16,400 --mbon-bias=-300 --t-end 5000.0 --seed 1105 --out D:\Dav\CodeHub\Agent\male-fruit-fly-brain-map\bci\comp1\outputs\_trial_comp_control_r1_p13 --gpu --plastic-state-out D:\Dav\CodeHub\Agent\male-fruit-fly-brain-map\bci\comp1\outputs\states\comp_control_r1_p13.npz --plastic-comp-reward PAM07* --plastic-state-in D:\Dav\CodeHub\Agent\male-fruit-fly-brain-map\bci\comp1\outputs\states\comp_control_r1_p12.npz
circuit cache: HIT circuit-693698e48fa257ee3380.npz (0.9 s)
regions: ON  = visual_bilateral, ol_rest, central_brain, olfactory
regions: OFF = audition, gustatory, proprioception, thermal, touch, vnc, vpn_central   <-- pass --regions to enable
plastic-mb: KCM split 33398 KC->MBON pairs (lr=-2e-07)
mbon-dan-gain: MBMD split 349 GABA MBON->DAN pairs from CEN_C (gain=178; 154 DAN_err cells)
comp-reward: PAM07* -> 14 DAN cells, 14 feedback MBONs
dan-gate: monitoring compartment PAM07* (14 cells) -> 14 neurons, tau=150 ms, gain=0.16, t_ref=400 ms; comp gate 4582/33398 edges
kernel cache: HIT kernels-03f7b25805ae69ff754e.npz (0.1 s)
visual input: dark -> 1 frames @ 60.0 fps, 3377 photoreceptors sampled
chem: CEN[KCab-s@L] -> 234 neurons (KCab-s@L), 1600 pA x 1 pulses
chem: CEN[KCab-s@R] -> 421 neurons (KCab-s@R), 1600 pA x 1 pulses
chem: CEN[PAM07*] -> 14 neurons (PAM07@L, PAM07@R), 800 pA x 1 pulses
chem: CEN[KCab-s@L] -> 234 neurons (KCab-s@L), 1600 pA x 1 pulses
chem: CEN[KCab-s@R] -> 421 neurons (KCab-s@R), 1600 pA x 1 pulses
chem: CEN[MBON*] -> 96 neurons (MBON01@R, MBON02@R, MBON03@R, MBON04@R...), -300 pA x 1 pulses
chem calibration: CEN_C recurrence gain -> 0.002 (chem-run working point, exp019)
simulating 5.0 s ...
plastic state IN KCM: w mean 0.0337 min 0.0300
GPU forward buffers: 256 records, 1367 MB on device
dan-gate: baseline r0 = 0.00 Hz
plastic result KCM: w_scale mean 0.0350 min 0.0300 floor-hit 0/33398 | elig max 38.6076
dan-gate: trace 10000 steps -> D:\Dav\CodeHub\Agent\male-fruit-fly-brain-map\bci\comp1\outputs\_trial_comp_control_r1_p13\_dan_trace.npy | r max 50.4 Hz, r0 0.00 Hz, mod max 1.000, mod integral 2335.2 ms
biology loop: 58 s (5000 records)
phi_scalp checksum: L2=2.753792e-04 (baseline A/B file: D:\Dav\CodeHub\Agent\male-fruit-fly-brain-map\bci\comp1\outputs\_trial_comp_control_r1_p13\_debug_phi_scalp.npy)
background EEG: fly signal 0.17 uV vs bg 13.10 uV at 168 deg -> d'=2 needs ~22975 trials (band 2-20 Hz: ~389092)
stim view frames: D:\Dav\CodeHub\Agent\male-fruit-fly-brain-map\bci\comp1\outputs\_trial_comp_control_r1_p13\stim_frames.bin (0.0 MB)
wrote D:\Dav\CodeHub\Agent\male-fruit-fly-brain-map\bci\comp1\outputs\_trial_comp_control_r1_p13\viz_data.json (5.2 MB)
[acquire] comp_control_r1_p20: D:\Dav\CodeHub\Agent\male-fruit-fly-brain-map\viz\export_data.py --regions visual_bilateral,ol_rest,central_brain,olfactory --visual-input dark --chem-input compAB --plastic-mb --plastic-lr=-2e-7 --plastic-w0 0.03 --plastic-kcm-gain 0.015 --mbon-dan-gain 178 --plastic-dan-gate 150,0.16,400 --mbon-bias=-300 --t-end 5000.0 --seed 1102 --out D:\Dav\CodeHub\Agent\male-fruit-fly-brain-map\bci\comp1\outputs\_trial_comp_control_r1_p20 --gpu --plastic-state-out D:\Dav\CodeHub\Agent\male-fruit-fly-brain-map\bci\comp1\outputs\states\comp_control_r1_p20.npz --plastic-comp-reward PAM07* --plastic-state-in D:\Dav\CodeHub\Agent\male-fruit-fly-brain-map\bci\comp1\outputs\states\comp_control_r1_p13.npz
circuit cache: HIT circuit-693698e48fa257ee3380.npz (0.9 s)
regions: ON  = visual_bilateral, ol_rest, central_brain, olfactory
regions: OFF = audition, gustatory, proprioception, thermal, touch, vnc, vpn_central   <-- pass --regions to enable
plastic-mb: KCM split 33398 KC->MBON pairs (lr=-2e-07)
mbon-dan-gain: MBMD split 349 GABA MBON->DAN pairs from CEN_C (gain=178; 154 DAN_err cells)
comp-reward: PAM07* -> 14 DAN cells, 14 feedback MBONs
dan-gate: monitoring compartment PAM07* (14 cells) -> 14 neurons, tau=150 ms, gain=0.16, t_ref=400 ms; comp gate 4582/33398 edges
kernel cache: HIT kernels-03f7b25805ae69ff754e.npz (0.1 s)
visual input: dark -> 1 frames @ 60.0 fps, 3377 photoreceptors sampled
chem: CEN[KCg-m@L] -> 687 neurons (KCg-m@L), 1600 pA x 1 pulses
chem: CEN[KCg-m@R] -> 652 neurons (KCg-m@R), 1600 pA x 1 pulses
chem: CEN[PAM07*] -> 14 neurons (PAM07@L, PAM07@R), 800 pA x 1 pulses
chem: CEN[KCab-m@L] -> 307 neurons (KCab-m@L), 1600 pA x 1 pulses
chem: CEN[KCab-m@R] -> 223 neurons (KCab-m@R), 1600 pA x 1 pulses
chem: CEN[KCab-m@L] -> 307 neurons (KCab-m@L), 1600 pA x 1 pulses
chem: CEN[KCab-m@R] -> 223 neurons (KCab-m@R), 1600 pA x 1 pulses
chem: CEN[MBON*] -> 96 neurons (MBON01@R, MBON02@R, MBON03@R, MBON04@R...), -300 pA x 1 pulses
chem calibration: CEN_C recurrence gain -> 0.002 (chem-run working point, exp019)
simulating 5.0 s ...
plastic state IN KCM: w mean 0.0350 min 0.0300
GPU forward buffers: 256 records, 1367 MB on device
dan-gate: baseline r0 = 0.00 Hz
plastic result KCM: w_scale mean 0.0352 min 0.0300 floor-hit 0/33398 | elig max 38.3120
dan-gate: trace 10000 steps -> D:\Dav\CodeHub\Agent\male-fruit-fly-brain-map\bci\comp1\outputs\_trial_comp_control_r1_p20\_dan_trace.npy | r max 6.0 Hz, r0 0.00 Hz, mod max 0.960, mod integral 148.6 ms
biology loop: 57 s (5000 records)
phi_scalp checksum: L2=2.924286e-04 (baseline A/B file: D:\Dav\CodeHub\Agent\male-fruit-fly-brain-map\bci\comp1\outputs\_trial_comp_control_r1_p20\_debug_phi_scalp.npy)
background EEG: fly signal 0.25 uV vs bg 11.33 uV at 156 deg -> d'=2 needs ~8376 trials (band 2-20 Hz: ~164927)
stim view frames: D:\Dav\CodeHub\Agent\male-fruit-fly-brain-map\bci\comp1\outputs\_trial_comp_control_r1_p20\stim_frames.bin (0.0 MB)
wrote D:\Dav\CodeHub\Agent\male-fruit-fly-brain-map\bci\comp1\outputs\_trial_comp_control_r1_p20\viz_data.json (5.2 MB)
[acquire] comp_control_r1_p21: D:\Dav\CodeHub\Agent\male-fruit-fly-brain-map\viz\export_data.py --regions visual_bilateral,ol_rest,central_brain,olfactory --visual-input dark --chem-input compAB --plastic-mb --plastic-lr=-2e-7 --plastic-w0 0.03 --plastic-kcm-gain 0.015 --mbon-dan-gain 178 --plastic-dan-gate 150,0.16,400 --mbon-bias=-300 --t-end 5000.0 --seed 1103 --out D:\Dav\CodeHub\Agent\male-fruit-fly-brain-map\bci\comp1\outputs\_trial_comp_control_r1_p21 --gpu --plastic-state-out D:\Dav\CodeHub\Agent\male-fruit-fly-brain-map\bci\comp1\outputs\states\comp_control_r1_p21.npz --plastic-comp-reward PAM07* --plastic-state-in D:\Dav\CodeHub\Agent\male-fruit-fly-brain-map\bci\comp1\outputs\states\comp_control_r1_p20.npz
circuit cache: HIT circuit-693698e48fa257ee3380.npz (0.9 s)
regions: ON  = visual_bilateral, ol_rest, central_brain, olfactory
regions: OFF = audition, gustatory, proprioception, thermal, touch, vnc, vpn_central   <-- pass --regions to enable
plastic-mb: KCM split 33398 KC->MBON pairs (lr=-2e-07)
mbon-dan-gain: MBMD split 349 GABA MBON->DAN pairs from CEN_C (gain=178; 154 DAN_err cells)
comp-reward: PAM07* -> 14 DAN cells, 14 feedback MBONs
dan-gate: monitoring compartment PAM07* (14 cells) -> 14 neurons, tau=150 ms, gain=0.16, t_ref=400 ms; comp gate 4582/33398 edges
kernel cache: HIT kernels-03f7b25805ae69ff754e.npz (0.1 s)
visual input: dark -> 1 frames @ 60.0 fps, 3377 photoreceptors sampled
chem: CEN[KCg-m@L] -> 687 neurons (KCg-m@L), 1600 pA x 1 pulses
chem: CEN[KCg-m@R] -> 652 neurons (KCg-m@R), 1600 pA x 1 pulses
chem: CEN[PAM07*] -> 14 neurons (PAM07@L, PAM07@R), 800 pA x 1 pulses
chem: CEN[KCab-m@L] -> 307 neurons (KCab-m@L), 1600 pA x 1 pulses
chem: CEN[KCab-m@R] -> 223 neurons (KCab-m@R), 1600 pA x 1 pulses
chem: CEN[KCab-m@L] -> 307 neurons (KCab-m@L), 1600 pA x 1 pulses
chem: CEN[KCab-m@R] -> 223 neurons (KCab-m@R), 1600 pA x 1 pulses
chem: CEN[MBON*] -> 96 neurons (MBON01@R, MBON02@R, MBON03@R, MBON04@R...), -300 pA x 1 pulses
chem calibration: CEN_C recurrence gain -> 0.002 (chem-run working point, exp019)
simulating 5.0 s ...
plastic state IN KCM: w mean 0.0352 min 0.0300
GPU forward buffers: 256 records, 1367 MB on device
dan-gate: baseline r0 = 0.00 Hz
plastic result KCM: w_scale mean 0.0354 min 0.0300 floor-hit 0/33398 | elig max 38.2296
dan-gate: trace 10000 steps -> D:\Dav\CodeHub\Agent\male-fruit-fly-brain-map\bci\comp1\outputs\_trial_comp_control_r1_p21\_dan_trace.npy | r max 6.1 Hz, r0 0.00 Hz, mod max 0.972, mod integral 148.6 ms
biology loop: 56 s (5000 records)
phi_scalp checksum: L2=2.896478e-04 (baseline A/B file: D:\Dav\CodeHub\Agent\male-fruit-fly-brain-map\bci\comp1\outputs\_trial_comp_control_r1_p21\_debug_phi_scalp.npy)
background EEG: fly signal 0.24 uV vs bg 11.33 uV at 156 deg -> d'=2 needs ~8599 trials (band 2-20 Hz: ~132364)
stim view frames: D:\Dav\CodeHub\Agent\male-fruit-fly-brain-map\bci\comp1\outputs\_trial_comp_control_r1_p21\stim_frames.bin (0.0 MB)
wrote D:\Dav\CodeHub\Agent\male-fruit-fly-brain-map\bci\comp1\outputs\_trial_comp_control_r1_p21\viz_data.json (5.2 MB)
[acquire] comp_control_r1_p22: D:\Dav\CodeHub\Agent\male-fruit-fly-brain-map\viz\export_data.py --regions visual_bilateral,ol_rest,central_brain,olfactory --visual-input dark --chem-input compAB --plastic-mb --plastic-lr=-2e-7 --plastic-w0 0.03 --plastic-kcm-gain 0.015 --mbon-dan-gain 178 --plastic-dan-gate 150,0.16,400 --mbon-bias=-300 --t-end 5000.0 --seed 1104 --out D:\Dav\CodeHub\Agent\male-fruit-fly-brain-map\bci\comp1\outputs\_trial_comp_control_r1_p22 --gpu --plastic-state-out D:\Dav\CodeHub\Agent\male-fruit-fly-brain-map\bci\comp1\outputs\states\comp_control_r1_p22.npz --plastic-comp-reward PAM07* --plastic-state-in D:\Dav\CodeHub\Agent\male-fruit-fly-brain-map\bci\comp1\outputs\states\comp_control_r1_p21.npz
circuit cache: HIT circuit-693698e48fa257ee3380.npz (0.9 s)
regions: ON  = visual_bilateral, ol_rest, central_brain, olfactory
regions: OFF = audition, gustatory, proprioception, thermal, touch, vnc, vpn_central   <-- pass --regions to enable
plastic-mb: KCM split 33398 KC->MBON pairs (lr=-2e-07)
mbon-dan-gain: MBMD split 349 GABA MBON->DAN pairs from CEN_C (gain=178; 154 DAN_err cells)
comp-reward: PAM07* -> 14 DAN cells, 14 feedback MBONs
dan-gate: monitoring compartment PAM07* (14 cells) -> 14 neurons, tau=150 ms, gain=0.16, t_ref=400 ms; comp gate 4582/33398 edges
kernel cache: HIT kernels-03f7b25805ae69ff754e.npz (0.1 s)
visual input: dark -> 1 frames @ 60.0 fps, 3377 photoreceptors sampled
chem: CEN[KCg-m@L] -> 687 neurons (KCg-m@L), 1600 pA x 1 pulses
chem: CEN[KCg-m@R] -> 652 neurons (KCg-m@R), 1600 pA x 1 pulses
chem: CEN[PAM07*] -> 14 neurons (PAM07@L, PAM07@R), 800 pA x 1 pulses
chem: CEN[KCab-m@L] -> 307 neurons (KCab-m@L), 1600 pA x 1 pulses
chem: CEN[KCab-m@R] -> 223 neurons (KCab-m@R), 1600 pA x 1 pulses
chem: CEN[KCab-m@L] -> 307 neurons (KCab-m@L), 1600 pA x 1 pulses
chem: CEN[KCab-m@R] -> 223 neurons (KCab-m@R), 1600 pA x 1 pulses
chem: CEN[MBON*] -> 96 neurons (MBON01@R, MBON02@R, MBON03@R, MBON04@R...), -300 pA x 1 pulses
chem calibration: CEN_C recurrence gain -> 0.002 (chem-run working point, exp019)
simulating 5.0 s ...
plastic state IN KCM: w mean 0.0354 min 0.0300
GPU forward buffers: 256 records, 1367 MB on device
dan-gate: baseline r0 = 0.00 Hz
plastic result KCM: w_scale mean 0.0357 min 0.0300 floor-hit 0/33398 | elig max 38.4736
dan-gate: trace 10000 steps -> D:\Dav\CodeHub\Agent\male-fruit-fly-brain-map\bci\comp1\outputs\_trial_comp_control_r1_p22\_dan_trace.npy | r max 6.9 Hz, r0 0.00 Hz, mod max 1.000, mod integral 170.6 ms
biology loop: 57 s (5000 records)
phi_scalp checksum: L2=2.917752e-04 (baseline A/B file: D:\Dav\CodeHub\Agent\male-fruit-fly-brain-map\bci\comp1\outputs\_trial_comp_control_r1_p22\_debug_phi_scalp.npy)
background EEG: fly signal 0.25 uV vs bg 11.33 uV at 156 deg -> d'=2 needs ~8464 trials (band 2-20 Hz: ~161801)
stim view frames: D:\Dav\CodeHub\Agent\male-fruit-fly-brain-map\bci\comp1\outputs\_trial_comp_control_r1_p22\stim_frames.bin (0.0 MB)
wrote D:\Dav\CodeHub\Agent\male-fruit-fly-brain-map\bci\comp1\outputs\_trial_comp_control_r1_p22\viz_data.json (5.2 MB)
[acquire] comp_control_r1_p23: D:\Dav\CodeHub\Agent\male-fruit-fly-brain-map\viz\export_data.py --regions visual_bilateral,ol_rest,central_brain,olfactory --visual-input dark --chem-input compAB --plastic-mb --plastic-lr=-2e-7 --plastic-w0 0.03 --plastic-kcm-gain 0.015 --mbon-dan-gain 178 --plastic-dan-gate 150,0.16,400 --mbon-bias=-300 --t-end 5000.0 --seed 1105 --out D:\Dav\CodeHub\Agent\male-fruit-fly-brain-map\bci\comp1\outputs\_trial_comp_control_r1_p23 --gpu --plastic-state-out D:\Dav\CodeHub\Agent\male-fruit-fly-brain-map\bci\comp1\outputs\states\comp_control_r1_p23.npz --plastic-comp-reward PAM07* --plastic-state-in D:\Dav\CodeHub\Agent\male-fruit-fly-brain-map\bci\comp1\outputs\states\comp_control_r1_p22.npz
circuit cache: HIT circuit-693698e48fa257ee3380.npz (0.9 s)
regions: ON  = visual_bilateral, ol_rest, central_brain, olfactory
regions: OFF = audition, gustatory, proprioception, thermal, touch, vnc, vpn_central   <-- pass --regions to enable
plastic-mb: KCM split 33398 KC->MBON pairs (lr=-2e-07)
mbon-dan-gain: MBMD split 349 GABA MBON->DAN pairs from CEN_C (gain=178; 154 DAN_err cells)
comp-reward: PAM07* -> 14 DAN cells, 14 feedback MBONs
dan-gate: monitoring compartment PAM07* (14 cells) -> 14 neurons, tau=150 ms, gain=0.16, t_ref=400 ms; comp gate 4582/33398 edges
kernel cache: HIT kernels-03f7b25805ae69ff754e.npz (0.1 s)
visual input: dark -> 1 frames @ 60.0 fps, 3377 photoreceptors sampled
chem: CEN[KCg-m@L] -> 687 neurons (KCg-m@L), 1600 pA x 1 pulses
chem: CEN[KCg-m@R] -> 652 neurons (KCg-m@R), 1600 pA x 1 pulses
chem: CEN[PAM07*] -> 14 neurons (PAM07@L, PAM07@R), 800 pA x 1 pulses
chem: CEN[KCab-m@L] -> 307 neurons (KCab-m@L), 1600 pA x 1 pulses
chem: CEN[KCab-m@R] -> 223 neurons (KCab-m@R), 1600 pA x 1 pulses
chem: CEN[KCab-m@L] -> 307 neurons (KCab-m@L), 1600 pA x 1 pulses
chem: CEN[KCab-m@R] -> 223 neurons (KCab-m@R), 1600 pA x 1 pulses
chem: CEN[MBON*] -> 96 neurons (MBON01@R, MBON02@R, MBON03@R, MBON04@R...), -300 pA x 1 pulses
chem calibration: CEN_C recurrence gain -> 0.002 (chem-run working point, exp019)
simulating 5.0 s ...
plastic state IN KCM: w mean 0.0357 min 0.0300
GPU forward buffers: 256 records, 1367 MB on device
dan-gate: baseline r0 = 0.00 Hz
plastic result KCM: w_scale mean 0.0359 min 0.0300 floor-hit 0/33398 | elig max 38.3334
dan-gate: trace 10000 steps -> D:\Dav\CodeHub\Agent\male-fruit-fly-brain-map\bci\comp1\outputs\_trial_comp_control_r1_p23\_dan_trace.npy | r max 6.5 Hz, r0 0.00 Hz, mod max 1.000, mod integral 159.9 ms
biology loop: 57 s (5000 records)
phi_scalp checksum: L2=2.914638e-04 (baseline A/B file: D:\Dav\CodeHub\Agent\male-fruit-fly-brain-map\bci\comp1\outputs\_trial_comp_control_r1_p23\_debug_phi_scalp.npy)
background EEG: fly signal 0.24 uV vs bg 11.33 uV at 156 deg -> d'=2 needs ~8527 trials (band 2-20 Hz: ~157938)
stim view frames: D:\Dav\CodeHub\Agent\male-fruit-fly-brain-map\bci\comp1\outputs\_trial_comp_control_r1_p23\stim_frames.bin (0.0 MB)
wrote D:\Dav\CodeHub\Agent\male-fruit-fly-brain-map\bci\comp1\outputs\_trial_comp_control_r1_p23\viz_data.json (5.2 MB)
[acquire] comp_control_r1_p24: D:\Dav\CodeHub\Agent\male-fruit-fly-brain-map\viz\export_data.py --regions visual_bilateral,ol_rest,central_brain,olfactory --visual-input dark --chem-input compAB --plastic-mb --plastic-lr=-2e-7 --plastic-w0 0.03 --plastic-kcm-gain 0.015 --mbon-dan-gain 178 --plastic-dan-gate 150,0.16,400 --mbon-bias=-300 --t-end 5000.0 --seed 1106 --out D:\Dav\CodeHub\Agent\male-fruit-fly-brain-map\bci\comp1\outputs\_trial_comp_control_r1_p24 --gpu --plastic-state-out D:\Dav\CodeHub\Agent\male-fruit-fly-brain-map\bci\comp1\outputs\states\comp_control_r1_p24.npz --plastic-comp-reward PAM07* --plastic-state-in D:\Dav\CodeHub\Agent\male-fruit-fly-brain-map\bci\comp1\outputs\states\comp_control_r1_p23.npz
circuit cache: HIT circuit-693698e48fa257ee3380.npz (0.9 s)
regions: ON  = visual_bilateral, ol_rest, central_brain, olfactory
regions: OFF = audition, gustatory, proprioception, thermal, touch, vnc, vpn_central   <-- pass --regions to enable
plastic-mb: KCM split 33398 KC->MBON pairs (lr=-2e-07)
mbon-dan-gain: MBMD split 349 GABA MBON->DAN pairs from CEN_C (gain=178; 154 DAN_err cells)
comp-reward: PAM07* -> 14 DAN cells, 14 feedback MBONs
dan-gate: monitoring compartment PAM07* (14 cells) -> 14 neurons, tau=150 ms, gain=0.16, t_ref=400 ms; comp gate 4582/33398 edges
kernel cache: HIT kernels-03f7b25805ae69ff754e.npz (0.1 s)
visual input: dark -> 1 frames @ 60.0 fps, 3377 photoreceptors sampled
chem: CEN[KCg-m@L] -> 687 neurons (KCg-m@L), 1600 pA x 1 pulses
chem: CEN[KCg-m@R] -> 652 neurons (KCg-m@R), 1600 pA x 1 pulses
chem: CEN[PAM07*] -> 14 neurons (PAM07@L, PAM07@R), 800 pA x 1 pulses
chem: CEN[KCab-m@L] -> 307 neurons (KCab-m@L), 1600 pA x 1 pulses
chem: CEN[KCab-m@R] -> 223 neurons (KCab-m@R), 1600 pA x 1 pulses
chem: CEN[KCab-m@L] -> 307 neurons (KCab-m@L), 1600 pA x 1 pulses
chem: CEN[KCab-m@R] -> 223 neurons (KCab-m@R), 1600 pA x 1 pulses
chem: CEN[MBON*] -> 96 neurons (MBON01@R, MBON02@R, MBON03@R, MBON04@R...), -300 pA x 1 pulses
chem calibration: CEN_C recurrence gain -> 0.002 (chem-run working point, exp019)
simulating 5.0 s ...
plastic state IN KCM: w mean 0.0359 min 0.0300
GPU forward buffers: 256 records, 1367 MB on device
dan-gate: baseline r0 = 0.00 Hz
plastic result KCM: w_scale mean 0.0361 min 0.0300 floor-hit 0/33398 | elig max 38.3634
dan-gate: trace 10000 steps -> D:\Dav\CodeHub\Agent\male-fruit-fly-brain-map\bci\comp1\outputs\_trial_comp_control_r1_p24\_dan_trace.npy | r max 6.5 Hz, r0 0.00 Hz, mod max 1.000, mod integral 159.9 ms
biology loop: 57 s (5000 records)
phi_scalp checksum: L2=2.923760e-04 (baseline A/B file: D:\Dav\CodeHub\Agent\male-fruit-fly-brain-map\bci\comp1\outputs\_trial_comp_control_r1_p24\_debug_phi_scalp.npy)
background EEG: fly signal 0.25 uV vs bg 11.33 uV at 156 deg -> d'=2 needs ~8444 trials (band 2-20 Hz: ~156557)
stim view frames: D:\Dav\CodeHub\Agent\male-fruit-fly-brain-map\bci\comp1\outputs\_trial_comp_control_r1_p24\stim_frames.bin (0.0 MB)
wrote D:\Dav\CodeHub\Agent\male-fruit-fly-brain-map\bci\comp1\outputs\_trial_comp_control_r1_p24\viz_data.json (5.2 MB)
[acquire] comp_control_r1_p25: D:\Dav\CodeHub\Agent\male-fruit-fly-brain-map\viz\export_data.py --regions visual_bilateral,ol_rest,central_brain,olfactory --visual-input dark --chem-input compAB --plastic-mb --plastic-lr=-2e-7 --plastic-w0 0.03 --plastic-kcm-gain 0.015 --mbon-dan-gain 178 --plastic-dan-gate 150,0.16,400 --mbon-bias=-300 --t-end 5000.0 --seed 1107 --out D:\Dav\CodeHub\Agent\male-fruit-fly-brain-map\bci\comp1\outputs\_trial_comp_control_r1_p25 --gpu --plastic-state-out D:\Dav\CodeHub\Agent\male-fruit-fly-brain-map\bci\comp1\outputs\states\comp_control_r1_p25.npz --plastic-comp-reward PAM07* --plastic-state-in D:\Dav\CodeHub\Agent\male-fruit-fly-brain-map\bci\comp1\outputs\states\comp_control_r1_p24.npz
circuit cache: HIT circuit-693698e48fa257ee3380.npz (0.9 s)
regions: ON  = visual_bilateral, ol_rest, central_brain, olfactory
regions: OFF = audition, gustatory, proprioception, thermal, touch, vnc, vpn_central   <-- pass --regions to enable
plastic-mb: KCM split 33398 KC->MBON pairs (lr=-2e-07)
mbon-dan-gain: MBMD split 349 GABA MBON->DAN pairs from CEN_C (gain=178; 154 DAN_err cells)
comp-reward: PAM07* -> 14 DAN cells, 14 feedback MBONs
dan-gate: monitoring compartment PAM07* (14 cells) -> 14 neurons, tau=150 ms, gain=0.16, t_ref=400 ms; comp gate 4582/33398 edges
kernel cache: HIT kernels-03f7b25805ae69ff754e.npz (0.1 s)
visual input: dark -> 1 frames @ 60.0 fps, 3377 photoreceptors sampled
chem: CEN[KCg-m@L] -> 687 neurons (KCg-m@L), 1600 pA x 1 pulses
chem: CEN[KCg-m@R] -> 652 neurons (KCg-m@R), 1600 pA x 1 pulses
chem: CEN[PAM07*] -> 14 neurons (PAM07@L, PAM07@R), 800 pA x 1 pulses
chem: CEN[KCab-m@L] -> 307 neurons (KCab-m@L), 1600 pA x 1 pulses
chem: CEN[KCab-m@R] -> 223 neurons (KCab-m@R), 1600 pA x 1 pulses
chem: CEN[KCab-m@L] -> 307 neurons (KCab-m@L), 1600 pA x 1 pulses
chem: CEN[KCab-m@R] -> 223 neurons (KCab-m@R), 1600 pA x 1 pulses
chem: CEN[MBON*] -> 96 neurons (MBON01@R, MBON02@R, MBON03@R, MBON04@R...), -300 pA x 1 pulses
chem calibration: CEN_C recurrence gain -> 0.002 (chem-run working point, exp019)
simulating 5.0 s ...
plastic state IN KCM: w mean 0.0361 min 0.0300
GPU forward buffers: 256 records, 1367 MB on device
dan-gate: baseline r0 = 0.00 Hz
plastic result KCM: w_scale mean 0.0364 min 0.0300 floor-hit 0/33398 | elig max 38.1842
dan-gate: trace 10000 steps -> D:\Dav\CodeHub\Agent\male-fruit-fly-brain-map\bci\comp1\outputs\_trial_comp_control_r1_p25\_dan_trace.npy | r max 6.0 Hz, r0 0.00 Hz, mod max 0.954, mod integral 148.6 ms
biology loop: 56 s (5000 records)
phi_scalp checksum: L2=2.915481e-04 (baseline A/B file: D:\Dav\CodeHub\Agent\male-fruit-fly-brain-map\bci\comp1\outputs\_trial_comp_control_r1_p25\_debug_phi_scalp.npy)
background EEG: fly signal 0.25 uV vs bg 11.33 uV at 156 deg -> d'=2 needs ~8509 trials (band 2-20 Hz: ~165625)
stim view frames: D:\Dav\CodeHub\Agent\male-fruit-fly-brain-map\bci\comp1\outputs\_trial_comp_control_r1_p25\stim_frames.bin (0.0 MB)
wrote D:\Dav\CodeHub\Agent\male-fruit-fly-brain-map\bci\comp1\outputs\_trial_comp_control_r1_p25\viz_data.json (5.2 MB)
[acquire] done -> D:\Dav\CodeHub\Agent\male-fruit-fly-brain-map\bci\comp1\outputs
