[acquire] blocked_r0_p10: D:\Dav\CodeHub\Agent\male-fruit-fly-brain-map\viz\export_data.py --regions visual_bilateral,ol_rest,central_brain,olfactory --visual-input dark --chem-input dangateA --plastic-mb --plastic-lr=-1e-6 --plastic-w0 0.03 --plastic-kcm-gain 0.015 --mbon-dan-gain 178 --plastic-dan-gate 150,0.05,400 --t-end 5000.0 --seed 942 --out D:\Dav\CodeHub\Agent\male-fruit-fly-brain-map\bci\dangate\outputs\_trial_blocked_r0_p10 --gpu --plastic-state-out D:\Dav\CodeHub\Agent\male-fruit-fly-brain-map\bci\dangate\outputs\states\blocked_r0_p10.npz
circuit cache: HIT circuit-693698e48fa257ee3380.npz (0.8 s)
regions: ON  = visual_bilateral, ol_rest, central_brain, olfactory
regions: OFF = audition, gustatory, proprioception, thermal, touch, vnc, vpn_central   <-- pass --regions to enable
plastic-mb: KCM split 33398 KC->MBON pairs (lr=-1e-06)
mbon-dan-gain: MBMD split 349 GABA MBON->DAN pairs from CEN_C (gain=178; 154 DAN_err cells)
dan-gate: monitoring DAN_err compartment (154 cells) -> 154 neurons, tau=150 ms, gain=0.05, t_ref=400 ms
kernel cache: HIT kernels-225e3710e1d8d19f237a.npz (0.1 s)
visual input: dark -> 1 frames @ 60.0 fps, 3377 photoreceptors sampled
chem: CEN[KCg-m@L] -> 687 neurons (KCg-m@L), 1600 pA x 1 pulses
chem: CEN[KCg-m@R] -> 652 neurons (KCg-m@R), 1600 pA x 1 pulses
chem: CEN[DAN_err] -> 154 neurons (DAN_err), 800 pA x 1 pulses
chem: CEN[KCg-m@L] -> 687 neurons (KCg-m@L), 1600 pA x 1 pulses
chem: CEN[KCg-m@R] -> 652 neurons (KCg-m@R), 1600 pA x 1 pulses
chem calibration: CEN_C recurrence gain -> 0.002 (chem-run working point, exp019)
simulating 5.0 s ...
GPU forward buffers: 256 records, 1367 MB on device
dan-gate: baseline r0 = 0.00 Hz
plastic result KCM: w_scale mean 0.1190 min 0.0300 floor-hit 0/33398 | elig max 40.1429
dan-gate: trace 10000 steps -> D:\Dav\CodeHub\Agent\male-fruit-fly-brain-map\bci\dangate\outputs\_trial_blocked_r0_p10\_dan_trace.npy | r max 15.0 Hz, r0 0.00 Hz, mod max 0.750, mod integral 1134.4 ms
biology loop: 57 s (5000 records)
phi_scalp checksum: L2=3.016045e-04 (baseline A/B file: D:\Dav\CodeHub\Agent\male-fruit-fly-brain-map\bci\dangate\outputs\_trial_blocked_r0_p10\_debug_phi_scalp.npy)
background EEG: fly signal 0.24 uV vs bg 11.33 uV at 156 deg -> d'=2 needs ~8958 trials (band 2-20 Hz: ~103575)
stim view frames: D:\Dav\CodeHub\Agent\male-fruit-fly-brain-map\bci\dangate\outputs\_trial_blocked_r0_p10\stim_frames.bin (0.0 MB)
wrote D:\Dav\CodeHub\Agent\male-fruit-fly-brain-map\bci\dangate\outputs\_trial_blocked_r0_p10\viz_data.json (5.2 MB)
[acquire] blocked_r0_p11: D:\Dav\CodeHub\Agent\male-fruit-fly-brain-map\viz\export_data.py --regions visual_bilateral,ol_rest,central_brain,olfactory --visual-input dark --chem-input dangateA --plastic-mb --plastic-lr=-1e-6 --plastic-w0 0.03 --plastic-kcm-gain 0.015 --mbon-dan-gain 178 --plastic-dan-gate 150,0.05,400 --t-end 5000.0 --seed 943 --out D:\Dav\CodeHub\Agent\male-fruit-fly-brain-map\bci\dangate\outputs\_trial_blocked_r0_p11 --gpu --plastic-state-out D:\Dav\CodeHub\Agent\male-fruit-fly-brain-map\bci\dangate\outputs\states\blocked_r0_p11.npz --plastic-state-in D:\Dav\CodeHub\Agent\male-fruit-fly-brain-map\bci\dangate\outputs\states\blocked_r0_p10.npz
circuit cache: HIT circuit-693698e48fa257ee3380.npz (1.9 s)
regions: ON  = visual_bilateral, ol_rest, central_brain, olfactory
regions: OFF = audition, gustatory, proprioception, thermal, touch, vnc, vpn_central   <-- pass --regions to enable
plastic-mb: KCM split 33398 KC->MBON pairs (lr=-1e-06)
mbon-dan-gain: MBMD split 349 GABA MBON->DAN pairs from CEN_C (gain=178; 154 DAN_err cells)
dan-gate: monitoring DAN_err compartment (154 cells) -> 154 neurons, tau=150 ms, gain=0.05, t_ref=400 ms
kernel cache: HIT kernels-225e3710e1d8d19f237a.npz (1.3 s)
visual input: dark -> 1 frames @ 60.0 fps, 3377 photoreceptors sampled
chem: CEN[KCg-m@L] -> 687 neurons (KCg-m@L), 1600 pA x 1 pulses
chem: CEN[KCg-m@R] -> 652 neurons (KCg-m@R), 1600 pA x 1 pulses
chem: CEN[DAN_err] -> 154 neurons (DAN_err), 800 pA x 1 pulses
chem: CEN[KCg-m@L] -> 687 neurons (KCg-m@L), 1600 pA x 1 pulses
chem: CEN[KCg-m@R] -> 652 neurons (KCg-m@R), 1600 pA x 1 pulses
chem calibration: CEN_C recurrence gain -> 0.002 (chem-run working point, exp019)
simulating 5.0 s ...
plastic state IN KCM: w mean 0.1190 min 0.0300
GPU forward buffers: 256 records, 1367 MB on device
dan-gate: baseline r0 = 0.00 Hz
plastic result KCM: w_scale mean 0.1943 min 0.0300 floor-hit 0/33398 | elig max 40.3864
dan-gate: trace 10000 steps -> D:\Dav\CodeHub\Agent\male-fruit-fly-brain-map\bci\dangate\outputs\_trial_blocked_r0_p11\_dan_trace.npy | r max 9.7 Hz, r0 0.00 Hz, mod max 0.483, mod integral 903.9 ms
biology loop: 83 s (5000 records)
phi_scalp checksum: L2=3.234342e-04 (baseline A/B file: D:\Dav\CodeHub\Agent\male-fruit-fly-brain-map\bci\dangate\outputs\_trial_blocked_r0_p11\_debug_phi_scalp.npy)
background EEG: fly signal 0.12 uV vs bg 11.33 uV at 156 deg -> d'=2 needs ~36397 trials (band 2-20 Hz: ~153465)
stim view frames: D:\Dav\CodeHub\Agent\male-fruit-fly-brain-map\bci\dangate\outputs\_trial_blocked_r0_p11\stim_frames.bin (0.0 MB)
wrote D:\Dav\CodeHub\Agent\male-fruit-fly-brain-map\bci\dangate\outputs\_trial_blocked_r0_p11\viz_data.json (5.2 MB)
[acquire] blocked_r0_p12: D:\Dav\CodeHub\Agent\male-fruit-fly-brain-map\viz\export_data.py --regions visual_bilateral,ol_rest,central_brain,olfactory --visual-input dark --chem-input dangateA --plastic-mb --plastic-lr=-1e-6 --plastic-w0 0.03 --plastic-kcm-gain 0.015 --mbon-dan-gain 178 --plastic-dan-gate 150,0.05,400 --t-end 5000.0 --seed 944 --out D:\Dav\CodeHub\Agent\male-fruit-fly-brain-map\bci\dangate\outputs\_trial_blocked_r0_p12 --gpu --plastic-state-out D:\Dav\CodeHub\Agent\male-fruit-fly-brain-map\bci\dangate\outputs\states\blocked_r0_p12.npz --plastic-state-in D:\Dav\CodeHub\Agent\male-fruit-fly-brain-map\bci\dangate\outputs\states\blocked_r0_p11.npz
circuit cache: HIT circuit-693698e48fa257ee3380.npz (2.4 s)
regions: ON  = visual_bilateral, ol_rest, central_brain, olfactory
regions: OFF = audition, gustatory, proprioception, thermal, touch, vnc, vpn_central   <-- pass --regions to enable
plastic-mb: KCM split 33398 KC->MBON pairs (lr=-1e-06)
mbon-dan-gain: MBMD split 349 GABA MBON->DAN pairs from CEN_C (gain=178; 154 DAN_err cells)
dan-gate: monitoring DAN_err compartment (154 cells) -> 154 neurons, tau=150 ms, gain=0.05, t_ref=400 ms
kernel cache: HIT kernels-225e3710e1d8d19f237a.npz (1.4 s)
visual input: dark -> 1 frames @ 60.0 fps, 3377 photoreceptors sampled
chem: CEN[KCg-m@L] -> 687 neurons (KCg-m@L), 1600 pA x 1 pulses
chem: CEN[KCg-m@R] -> 652 neurons (KCg-m@R), 1600 pA x 1 pulses
chem: CEN[DAN_err] -> 154 neurons (DAN_err), 800 pA x 1 pulses
chem: CEN[KCg-m@L] -> 687 neurons (KCg-m@L), 1600 pA x 1 pulses
chem: CEN[KCg-m@R] -> 652 neurons (KCg-m@R), 1600 pA x 1 pulses
chem calibration: CEN_C recurrence gain -> 0.002 (chem-run working point, exp019)
simulating 5.0 s ...
plastic state IN KCM: w mean 0.1943 min 0.0300
GPU forward buffers: 256 records, 1367 MB on device
dan-gate: baseline r0 = 0.00 Hz
plastic result KCM: w_scale mean 0.2685 min 0.0300 floor-hit 0/33398 | elig max 40.6248
dan-gate: trace 10000 steps -> D:\Dav\CodeHub\Agent\male-fruit-fly-brain-map\bci\dangate\outputs\_trial_blocked_r0_p12\_dan_trace.npy | r max 9.5 Hz, r0 0.00 Hz, mod max 0.477, mod integral 883.8 ms
biology loop: 74 s (5000 records)
phi_scalp checksum: L2=3.024979e-04 (baseline A/B file: D:\Dav\CodeHub\Agent\male-fruit-fly-brain-map\bci\dangate\outputs\_trial_blocked_r0_p12\_debug_phi_scalp.npy)
background EEG: fly signal 0.08 uV vs bg 11.33 uV at 156 deg -> d'=2 needs ~89866 trials (band 2-20 Hz: ~132741)
stim view frames: D:\Dav\CodeHub\Agent\male-fruit-fly-brain-map\bci\dangate\outputs\_trial_blocked_r0_p12\stim_frames.bin (0.0 MB)
wrote D:\Dav\CodeHub\Agent\male-fruit-fly-brain-map\bci\dangate\outputs\_trial_blocked_r0_p12\viz_data.json (5.2 MB)
[acquire] blocked_r0_p13: D:\Dav\CodeHub\Agent\male-fruit-fly-brain-map\viz\export_data.py --regions visual_bilateral,ol_rest,central_brain,olfactory --visual-input dark --chem-input dangateA --plastic-mb --plastic-lr=-1e-6 --plastic-w0 0.03 --plastic-kcm-gain 0.015 --mbon-dan-gain 178 --plastic-dan-gate 150,0.05,400 --t-end 5000.0 --seed 945 --out D:\Dav\CodeHub\Agent\male-fruit-fly-brain-map\bci\dangate\outputs\_trial_blocked_r0_p13 --gpu --plastic-state-out D:\Dav\CodeHub\Agent\male-fruit-fly-brain-map\bci\dangate\outputs\states\blocked_r0_p13.npz --plastic-state-in D:\Dav\CodeHub\Agent\male-fruit-fly-brain-map\bci\dangate\outputs\states\blocked_r0_p12.npz
circuit cache: HIT circuit-693698e48fa257ee3380.npz (1.4 s)
regions: ON  = visual_bilateral, ol_rest, central_brain, olfactory
regions: OFF = audition, gustatory, proprioception, thermal, touch, vnc, vpn_central   <-- pass --regions to enable
plastic-mb: KCM split 33398 KC->MBON pairs (lr=-1e-06)
mbon-dan-gain: MBMD split 349 GABA MBON->DAN pairs from CEN_C (gain=178; 154 DAN_err cells)
dan-gate: monitoring DAN_err compartment (154 cells) -> 154 neurons, tau=150 ms, gain=0.05, t_ref=400 ms
kernel cache: HIT kernels-225e3710e1d8d19f237a.npz (1.3 s)
visual input: dark -> 1 frames @ 60.0 fps, 3377 photoreceptors sampled
chem: CEN[KCg-m@L] -> 687 neurons (KCg-m@L), 1600 pA x 1 pulses
chem: CEN[KCg-m@R] -> 652 neurons (KCg-m@R), 1600 pA x 1 pulses
chem: CEN[DAN_err] -> 154 neurons (DAN_err), 800 pA x 1 pulses
chem: CEN[KCg-m@L] -> 687 neurons (KCg-m@L), 1600 pA x 1 pulses
chem: CEN[KCg-m@R] -> 652 neurons (KCg-m@R), 1600 pA x 1 pulses
chem calibration: CEN_C recurrence gain -> 0.002 (chem-run working point, exp019)
simulating 5.0 s ...
plastic state IN KCM: w mean 0.2685 min 0.0300
GPU forward buffers: 256 records, 1367 MB on device
dan-gate: baseline r0 = 0.00 Hz
plastic result KCM: w_scale mean 0.3438 min 0.0300 floor-hit 0/33398 | elig max 40.2488
dan-gate: trace 10000 steps -> D:\Dav\CodeHub\Agent\male-fruit-fly-brain-map\bci\dangate\outputs\_trial_blocked_r0_p13\_dan_trace.npy | r max 9.8 Hz, r0 0.00 Hz, mod max 0.490, mod integral 891.6 ms
biology loop: 71 s (5000 records)
phi_scalp checksum: L2=2.779872e-04 (baseline A/B file: D:\Dav\CodeHub\Agent\male-fruit-fly-brain-map\bci\dangate\outputs\_trial_blocked_r0_p13\_debug_phi_scalp.npy)
background EEG: fly signal 0.14 uV vs bg 13.10 uV at 168 deg -> d'=2 needs ~33928 trials (band 2-20 Hz: ~145235)
stim view frames: D:\Dav\CodeHub\Agent\male-fruit-fly-brain-map\bci\dangate\outputs\_trial_blocked_r0_p13\stim_frames.bin (0.0 MB)
wrote D:\Dav\CodeHub\Agent\male-fruit-fly-brain-map\bci\dangate\outputs\_trial_blocked_r0_p13\viz_data.json (5.2 MB)
[acquire] blocked_r0_p20: D:\Dav\CodeHub\Agent\male-fruit-fly-brain-map\viz\export_data.py --regions visual_bilateral,ol_rest,central_brain,olfactory --visual-input dark --chem-input dangateAB --plastic-mb --plastic-lr=-1e-6 --plastic-w0 0.03 --plastic-kcm-gain 0.015 --mbon-dan-gain 178 --plastic-dan-gate 150,0.05,400 --t-end 5000.0 --seed 942 --out D:\Dav\CodeHub\Agent\male-fruit-fly-brain-map\bci\dangate\outputs\_trial_blocked_r0_p20 --gpu --plastic-state-out D:\Dav\CodeHub\Agent\male-fruit-fly-brain-map\bci\dangate\outputs\states\blocked_r0_p20.npz --plastic-state-in D:\Dav\CodeHub\Agent\male-fruit-fly-brain-map\bci\dangate\outputs\states\blocked_r0_p13.npz
circuit cache: HIT circuit-693698e48fa257ee3380.npz (1.0 s)
regions: ON  = visual_bilateral, ol_rest, central_brain, olfactory
regions: OFF = audition, gustatory, proprioception, thermal, touch, vnc, vpn_central   <-- pass --regions to enable
plastic-mb: KCM split 33398 KC->MBON pairs (lr=-1e-06)
mbon-dan-gain: MBMD split 349 GABA MBON->DAN pairs from CEN_C (gain=178; 154 DAN_err cells)
dan-gate: monitoring DAN_err compartment (154 cells) -> 154 neurons, tau=150 ms, gain=0.05, t_ref=400 ms
kernel cache: HIT kernels-225e3710e1d8d19f237a.npz (1.3 s)
visual input: dark -> 1 frames @ 60.0 fps, 3377 photoreceptors sampled
chem: CEN[KCg-m@L] -> 687 neurons (KCg-m@L), 1600 pA x 1 pulses
chem: CEN[KCg-m@R] -> 652 neurons (KCg-m@R), 1600 pA x 1 pulses
chem: CEN[DAN_err] -> 154 neurons (DAN_err), 800 pA x 1 pulses
chem: CEN[KCab-m@L] -> 307 neurons (KCab-m@L), 1600 pA x 1 pulses
chem: CEN[KCab-m@R] -> 223 neurons (KCab-m@R), 1600 pA x 1 pulses
chem: CEN[KCab-m@L] -> 307 neurons (KCab-m@L), 1600 pA x 1 pulses
chem: CEN[KCab-m@R] -> 223 neurons (KCab-m@R), 1600 pA x 1 pulses
chem calibration: CEN_C recurrence gain -> 0.002 (chem-run working point, exp019)
simulating 5.0 s ...
plastic state IN KCM: w mean 0.3438 min 0.0300
GPU forward buffers: 256 records, 1367 MB on device
dan-gate: baseline r0 = 0.00 Hz
plastic result KCM: w_scale mean 0.4252 min 0.0300 floor-hit 0/33398 | elig max 38.8030
dan-gate: trace 10000 steps -> D:\Dav\CodeHub\Agent\male-fruit-fly-brain-map\bci\dangate\outputs\_trial_blocked_r0_p20\_dan_trace.npy | r max 9.0 Hz, r0 0.00 Hz, mod max 0.448, mod integral 823.1 ms
biology loop: 77 s (5000 records)
phi_scalp checksum: L2=2.737285e-04 (baseline A/B file: D:\Dav\CodeHub\Agent\male-fruit-fly-brain-map\bci\dangate\outputs\_trial_blocked_r0_p20\_debug_phi_scalp.npy)
background EEG: fly signal 0.26 uV vs bg 11.33 uV at 156 deg -> d'=2 needs ~7411 trials (band 2-20 Hz: ~44765)
stim view frames: D:\Dav\CodeHub\Agent\male-fruit-fly-brain-map\bci\dangate\outputs\_trial_blocked_r0_p20\stim_frames.bin (0.0 MB)
wrote D:\Dav\CodeHub\Agent\male-fruit-fly-brain-map\bci\dangate\outputs\_trial_blocked_r0_p20\viz_data.json (5.2 MB)
[acquire] blocked_r0_p21: D:\Dav\CodeHub\Agent\male-fruit-fly-brain-map\viz\export_data.py --regions visual_bilateral,ol_rest,central_brain,olfactory --visual-input dark --chem-input dangateAB --plastic-mb --plastic-lr=-1e-6 --plastic-w0 0.03 --plastic-kcm-gain 0.015 --mbon-dan-gain 178 --plastic-dan-gate 150,0.05,400 --t-end 5000.0 --seed 943 --out D:\Dav\CodeHub\Agent\male-fruit-fly-brain-map\bci\dangate\outputs\_trial_blocked_r0_p21 --gpu --plastic-state-out D:\Dav\CodeHub\Agent\male-fruit-fly-brain-map\bci\dangate\outputs\states\blocked_r0_p21.npz --plastic-state-in D:\Dav\CodeHub\Agent\male-fruit-fly-brain-map\bci\dangate\outputs\states\blocked_r0_p20.npz
circuit cache: HIT circuit-693698e48fa257ee3380.npz (0.8 s)
regions: ON  = visual_bilateral, ol_rest, central_brain, olfactory
regions: OFF = audition, gustatory, proprioception, thermal, touch, vnc, vpn_central   <-- pass --regions to enable
plastic-mb: KCM split 33398 KC->MBON pairs (lr=-1e-06)
mbon-dan-gain: MBMD split 349 GABA MBON->DAN pairs from CEN_C (gain=178; 154 DAN_err cells)
dan-gate: monitoring DAN_err compartment (154 cells) -> 154 neurons, tau=150 ms, gain=0.05, t_ref=400 ms
kernel cache: HIT kernels-225e3710e1d8d19f237a.npz (1.3 s)
visual input: dark -> 1 frames @ 60.0 fps, 3377 photoreceptors sampled
chem: CEN[KCg-m@L] -> 687 neurons (KCg-m@L), 1600 pA x 1 pulses
chem: CEN[KCg-m@R] -> 652 neurons (KCg-m@R), 1600 pA x 1 pulses
chem: CEN[DAN_err] -> 154 neurons (DAN_err), 800 pA x 1 pulses
chem: CEN[KCab-m@L] -> 307 neurons (KCab-m@L), 1600 pA x 1 pulses
chem: CEN[KCab-m@R] -> 223 neurons (KCab-m@R), 1600 pA x 1 pulses
chem: CEN[KCab-m@L] -> 307 neurons (KCab-m@L), 1600 pA x 1 pulses
chem: CEN[KCab-m@R] -> 223 neurons (KCab-m@R), 1600 pA x 1 pulses
chem calibration: CEN_C recurrence gain -> 0.002 (chem-run working point, exp019)
simulating 5.0 s ...
plastic state IN KCM: w mean 0.4252 min 0.0300
GPU forward buffers: 256 records, 1367 MB on device
dan-gate: baseline r0 = 0.00 Hz
plastic result KCM: w_scale mean 0.4472 min 0.0300 floor-hit 0/33398 | elig max 38.8963
dan-gate: trace 10000 steps -> D:\Dav\CodeHub\Agent\male-fruit-fly-brain-map\bci\dangate\outputs\_trial_blocked_r0_p21\_dan_trace.npy | r max 8.6 Hz, r0 0.00 Hz, mod max 0.431, mod integral 803.6 ms
biology loop: 76 s (5000 records)
phi_scalp checksum: L2=2.657984e-04 (baseline A/B file: D:\Dav\CodeHub\Agent\male-fruit-fly-brain-map\bci\dangate\outputs\_trial_blocked_r0_p21\_debug_phi_scalp.npy)
background EEG: fly signal 0.29 uV vs bg 11.33 uV at 156 deg -> d'=2 needs ~6108 trials (band 2-20 Hz: ~39473)
stim view frames: D:\Dav\CodeHub\Agent\male-fruit-fly-brain-map\bci\dangate\outputs\_trial_blocked_r0_p21\stim_frames.bin (0.0 MB)
wrote D:\Dav\CodeHub\Agent\male-fruit-fly-brain-map\bci\dangate\outputs\_trial_blocked_r0_p21\viz_data.json (5.2 MB)
[acquire] blocked_r0_p22: D:\Dav\CodeHub\Agent\male-fruit-fly-brain-map\viz\export_data.py --regions visual_bilateral,ol_rest,central_brain,olfactory --visual-input dark --chem-input dangateAB --plastic-mb --plastic-lr=-1e-6 --plastic-w0 0.03 --plastic-kcm-gain 0.015 --mbon-dan-gain 178 --plastic-dan-gate 150,0.05,400 --t-end 5000.0 --seed 944 --out D:\Dav\CodeHub\Agent\male-fruit-fly-brain-map\bci\dangate\outputs\_trial_blocked_r0_p22 --gpu --plastic-state-out D:\Dav\CodeHub\Agent\male-fruit-fly-brain-map\bci\dangate\outputs\states\blocked_r0_p22.npz --plastic-state-in D:\Dav\CodeHub\Agent\male-fruit-fly-brain-map\bci\dangate\outputs\states\blocked_r0_p21.npz
circuit cache: HIT circuit-693698e48fa257ee3380.npz (0.9 s)
regions: ON  = visual_bilateral, ol_rest, central_brain, olfactory
regions: OFF = audition, gustatory, proprioception, thermal, touch, vnc, vpn_central   <-- pass --regions to enable
plastic-mb: KCM split 33398 KC->MBON pairs (lr=-1e-06)
mbon-dan-gain: MBMD split 349 GABA MBON->DAN pairs from CEN_C (gain=178; 154 DAN_err cells)
dan-gate: monitoring DAN_err compartment (154 cells) -> 154 neurons, tau=150 ms, gain=0.05, t_ref=400 ms
kernel cache: HIT kernels-225e3710e1d8d19f237a.npz (0.1 s)
visual input: dark -> 1 frames @ 60.0 fps, 3377 photoreceptors sampled
chem: CEN[KCg-m@L] -> 687 neurons (KCg-m@L), 1600 pA x 1 pulses
chem: CEN[KCg-m@R] -> 652 neurons (KCg-m@R), 1600 pA x 1 pulses
chem: CEN[DAN_err] -> 154 neurons (DAN_err), 800 pA x 1 pulses
chem: CEN[KCab-m@L] -> 307 neurons (KCab-m@L), 1600 pA x 1 pulses
chem: CEN[KCab-m@R] -> 223 neurons (KCab-m@R), 1600 pA x 1 pulses
chem: CEN[KCab-m@L] -> 307 neurons (KCab-m@L), 1600 pA x 1 pulses
chem: CEN[KCab-m@R] -> 223 neurons (KCab-m@R), 1600 pA x 1 pulses
chem calibration: CEN_C recurrence gain -> 0.002 (chem-run working point, exp019)
simulating 5.0 s ...
plastic state IN KCM: w mean 0.4472 min 0.0300
GPU forward buffers: 256 records, 1367 MB on device
dan-gate: baseline r0 = 0.00 Hz
plastic result KCM: w_scale mean 0.4691 min 0.0300 floor-hit 0/33398 | elig max 38.7680
dan-gate: trace 10000 steps -> D:\Dav\CodeHub\Agent\male-fruit-fly-brain-map\bci\dangate\outputs\_trial_blocked_r0_p22\_dan_trace.npy | r max 8.7 Hz, r0 0.00 Hz, mod max 0.433, mod integral 803.9 ms
biology loop: 77 s (5000 records)
phi_scalp checksum: L2=2.628880e-04 (baseline A/B file: D:\Dav\CodeHub\Agent\male-fruit-fly-brain-map\bci\dangate\outputs\_trial_blocked_r0_p22\_debug_phi_scalp.npy)
background EEG: fly signal 0.30 uV vs bg 11.33 uV at 156 deg -> d'=2 needs ~5703 trials (band 2-20 Hz: ~39408)
stim view frames: D:\Dav\CodeHub\Agent\male-fruit-fly-brain-map\bci\dangate\outputs\_trial_blocked_r0_p22\stim_frames.bin (0.0 MB)
wrote D:\Dav\CodeHub\Agent\male-fruit-fly-brain-map\bci\dangate\outputs\_trial_blocked_r0_p22\viz_data.json (5.2 MB)
[acquire] blocked_r0_p23: D:\Dav\CodeHub\Agent\male-fruit-fly-brain-map\viz\export_data.py --regions visual_bilateral,ol_rest,central_brain,olfactory --visual-input dark --chem-input dangateAB --plastic-mb --plastic-lr=-1e-6 --plastic-w0 0.03 --plastic-kcm-gain 0.015 --mbon-dan-gain 178 --plastic-dan-gate 150,0.05,400 --t-end 5000.0 --seed 945 --out D:\Dav\CodeHub\Agent\male-fruit-fly-brain-map\bci\dangate\outputs\_trial_blocked_r0_p23 --gpu --plastic-state-out D:\Dav\CodeHub\Agent\male-fruit-fly-brain-map\bci\dangate\outputs\states\blocked_r0_p23.npz --plastic-state-in D:\Dav\CodeHub\Agent\male-fruit-fly-brain-map\bci\dangate\outputs\states\blocked_r0_p22.npz
circuit cache: HIT circuit-693698e48fa257ee3380.npz (0.9 s)
regions: ON  = visual_bilateral, ol_rest, central_brain, olfactory
regions: OFF = audition, gustatory, proprioception, thermal, touch, vnc, vpn_central   <-- pass --regions to enable
plastic-mb: KCM split 33398 KC->MBON pairs (lr=-1e-06)
mbon-dan-gain: MBMD split 349 GABA MBON->DAN pairs from CEN_C (gain=178; 154 DAN_err cells)
dan-gate: monitoring DAN_err compartment (154 cells) -> 154 neurons, tau=150 ms, gain=0.05, t_ref=400 ms
kernel cache: HIT kernels-225e3710e1d8d19f237a.npz (1.3 s)
visual input: dark -> 1 frames @ 60.0 fps, 3377 photoreceptors sampled
chem: CEN[KCg-m@L] -> 687 neurons (KCg-m@L), 1600 pA x 1 pulses
chem: CEN[KCg-m@R] -> 652 neurons (KCg-m@R), 1600 pA x 1 pulses
chem: CEN[DAN_err] -> 154 neurons (DAN_err), 800 pA x 1 pulses
chem: CEN[KCab-m@L] -> 307 neurons (KCab-m@L), 1600 pA x 1 pulses
chem: CEN[KCab-m@R] -> 223 neurons (KCab-m@R), 1600 pA x 1 pulses
chem: CEN[KCab-m@L] -> 307 neurons (KCab-m@L), 1600 pA x 1 pulses
chem: CEN[KCab-m@R] -> 223 neurons (KCab-m@R), 1600 pA x 1 pulses
chem calibration: CEN_C recurrence gain -> 0.002 (chem-run working point, exp019)
simulating 5.0 s ...
plastic state IN KCM: w mean 0.4691 min 0.0300
GPU forward buffers: 256 records, 1367 MB on device
dan-gate: baseline r0 = 0.00 Hz
plastic result KCM: w_scale mean 0.4914 min 0.0300 floor-hit 0/33398 | elig max 38.9126
dan-gate: trace 10000 steps -> D:\Dav\CodeHub\Agent\male-fruit-fly-brain-map\bci\dangate\outputs\_trial_blocked_r0_p23\_dan_trace.npy | r max 8.7 Hz, r0 0.00 Hz, mod max 0.437, mod integral 817.9 ms
biology loop: 80 s (5000 records)
phi_scalp checksum: L2=2.647505e-04 (baseline A/B file: D:\Dav\CodeHub\Agent\male-fruit-fly-brain-map\bci\dangate\outputs\_trial_blocked_r0_p23\_debug_phi_scalp.npy)
background EEG: fly signal 0.33 uV vs bg 11.33 uV at 156 deg -> d'=2 needs ~4638 trials (band 2-20 Hz: ~26403)
stim view frames: D:\Dav\CodeHub\Agent\male-fruit-fly-brain-map\bci\dangate\outputs\_trial_blocked_r0_p23\stim_frames.bin (0.0 MB)
wrote D:\Dav\CodeHub\Agent\male-fruit-fly-brain-map\bci\dangate\outputs\_trial_blocked_r0_p23\viz_data.json (5.2 MB)
[acquire] blocked_r0_p24: D:\Dav\CodeHub\Agent\male-fruit-fly-brain-map\viz\export_data.py --regions visual_bilateral,ol_rest,central_brain,olfactory --visual-input dark --chem-input dangateAB --plastic-mb --plastic-lr=-1e-6 --plastic-w0 0.03 --plastic-kcm-gain 0.015 --mbon-dan-gain 178 --plastic-dan-gate 150,0.05,400 --t-end 5000.0 --seed 946 --out D:\Dav\CodeHub\Agent\male-fruit-fly-brain-map\bci\dangate\outputs\_trial_blocked_r0_p24 --gpu --plastic-state-out D:\Dav\CodeHub\Agent\male-fruit-fly-brain-map\bci\dangate\outputs\states\blocked_r0_p24.npz --plastic-state-in D:\Dav\CodeHub\Agent\male-fruit-fly-brain-map\bci\dangate\outputs\states\blocked_r0_p23.npz
circuit cache: HIT circuit-693698e48fa257ee3380.npz (0.9 s)
regions: ON  = visual_bilateral, ol_rest, central_brain, olfactory
regions: OFF = audition, gustatory, proprioception, thermal, touch, vnc, vpn_central   <-- pass --regions to enable
plastic-mb: KCM split 33398 KC->MBON pairs (lr=-1e-06)
mbon-dan-gain: MBMD split 349 GABA MBON->DAN pairs from CEN_C (gain=178; 154 DAN_err cells)
dan-gate: monitoring DAN_err compartment (154 cells) -> 154 neurons, tau=150 ms, gain=0.05, t_ref=400 ms
kernel cache: HIT kernels-225e3710e1d8d19f237a.npz (1.2 s)
visual input: dark -> 1 frames @ 60.0 fps, 3377 photoreceptors sampled
chem: CEN[KCg-m@L] -> 687 neurons (KCg-m@L), 1600 pA x 1 pulses
chem: CEN[KCg-m@R] -> 652 neurons (KCg-m@R), 1600 pA x 1 pulses
chem: CEN[DAN_err] -> 154 neurons (DAN_err), 800 pA x 1 pulses
chem: CEN[KCab-m@L] -> 307 neurons (KCab-m@L), 1600 pA x 1 pulses
chem: CEN[KCab-m@R] -> 223 neurons (KCab-m@R), 1600 pA x 1 pulses
chem: CEN[KCab-m@L] -> 307 neurons (KCab-m@L), 1600 pA x 1 pulses
chem: CEN[KCab-m@R] -> 223 neurons (KCab-m@R), 1600 pA x 1 pulses
chem calibration: CEN_C recurrence gain -> 0.002 (chem-run working point, exp019)
simulating 5.0 s ...
plastic state IN KCM: w mean 0.4914 min 0.0300
GPU forward buffers: 256 records, 1367 MB on device
dan-gate: baseline r0 = 0.00 Hz
plastic result KCM: w_scale mean 0.5134 min 0.0300 floor-hit 0/33398 | elig max 39.1269
dan-gate: trace 10000 steps -> D:\Dav\CodeHub\Agent\male-fruit-fly-brain-map\bci\dangate\outputs\_trial_blocked_r0_p24\_dan_trace.npy | r max 8.7 Hz, r0 0.00 Hz, mod max 0.435, mod integral 801.6 ms
biology loop: 53 s (5000 records)
phi_scalp checksum: L2=2.625558e-04 (baseline A/B file: D:\Dav\CodeHub\Agent\male-fruit-fly-brain-map\bci\dangate\outputs\_trial_blocked_r0_p24\_debug_phi_scalp.npy)
background EEG: fly signal 0.34 uV vs bg 11.33 uV at 156 deg -> d'=2 needs ~4332 trials (band 2-20 Hz: ~26210)
stim view frames: D:\Dav\CodeHub\Agent\male-fruit-fly-brain-map\bci\dangate\outputs\_trial_blocked_r0_p24\stim_frames.bin (0.0 MB)
wrote D:\Dav\CodeHub\Agent\male-fruit-fly-brain-map\bci\dangate\outputs\_trial_blocked_r0_p24\viz_data.json (5.2 MB)
[acquire] blocked_r0_p25: D:\Dav\CodeHub\Agent\male-fruit-fly-brain-map\viz\export_data.py --regions visual_bilateral,ol_rest,central_brain,olfactory --visual-input dark --chem-input dangateAB --plastic-mb --plastic-lr=-1e-6 --plastic-w0 0.03 --plastic-kcm-gain 0.015 --mbon-dan-gain 178 --plastic-dan-gate 150,0.05,400 --t-end 5000.0 --seed 947 --out D:\Dav\CodeHub\Agent\male-fruit-fly-brain-map\bci\dangate\outputs\_trial_blocked_r0_p25 --gpu --plastic-state-out D:\Dav\CodeHub\Agent\male-fruit-fly-brain-map\bci\dangate\outputs\states\blocked_r0_p25.npz --plastic-state-in D:\Dav\CodeHub\Agent\male-fruit-fly-brain-map\bci\dangate\outputs\states\blocked_r0_p24.npz
circuit cache: HIT circuit-693698e48fa257ee3380.npz (1.8 s)
regions: ON  = visual_bilateral, ol_rest, central_brain, olfactory
regions: OFF = audition, gustatory, proprioception, thermal, touch, vnc, vpn_central   <-- pass --regions to enable
plastic-mb: KCM split 33398 KC->MBON pairs (lr=-1e-06)
mbon-dan-gain: MBMD split 349 GABA MBON->DAN pairs from CEN_C (gain=178; 154 DAN_err cells)
dan-gate: monitoring DAN_err compartment (154 cells) -> 154 neurons, tau=150 ms, gain=0.05, t_ref=400 ms
kernel cache: HIT kernels-225e3710e1d8d19f237a.npz (0.1 s)
visual input: dark -> 1 frames @ 60.0 fps, 3377 photoreceptors sampled
chem: CEN[KCg-m@L] -> 687 neurons (KCg-m@L), 1600 pA x 1 pulses
chem: CEN[KCg-m@R] -> 652 neurons (KCg-m@R), 1600 pA x 1 pulses
chem: CEN[DAN_err] -> 154 neurons (DAN_err), 800 pA x 1 pulses
chem: CEN[KCab-m@L] -> 307 neurons (KCab-m@L), 1600 pA x 1 pulses
chem: CEN[KCab-m@R] -> 223 neurons (KCab-m@R), 1600 pA x 1 pulses
chem: CEN[KCab-m@L] -> 307 neurons (KCab-m@L), 1600 pA x 1 pulses
chem: CEN[KCab-m@R] -> 223 neurons (KCab-m@R), 1600 pA x 1 pulses
chem calibration: CEN_C recurrence gain -> 0.002 (chem-run working point, exp019)
simulating 5.0 s ...
plastic state IN KCM: w mean 0.5134 min 0.0300
GPU forward buffers: 256 records, 1367 MB on device
dan-gate: baseline r0 = 0.00 Hz
plastic result KCM: w_scale mean 0.5259 min 0.0300 floor-hit 0/33398 | elig max 38.9533
dan-gate: trace 10000 steps -> D:\Dav\CodeHub\Agent\male-fruit-fly-brain-map\bci\dangate\outputs\_trial_blocked_r0_p25\_dan_trace.npy | r max 8.8 Hz, r0 0.00 Hz, mod max 0.438, mod integral 799.7 ms
biology loop: 82 s (5000 records)
phi_scalp checksum: L2=2.606109e-04 (baseline A/B file: D:\Dav\CodeHub\Agent\male-fruit-fly-brain-map\bci\dangate\outputs\_trial_blocked_r0_p25\_debug_phi_scalp.npy)
background EEG: fly signal 0.35 uV vs bg 11.33 uV at 156 deg -> d'=2 needs ~4119 trials (band 2-20 Hz: ~25535)
stim view frames: D:\Dav\CodeHub\Agent\male-fruit-fly-brain-map\bci\dangate\outputs\_trial_blocked_r0_p25\stim_frames.bin (0.0 MB)
wrote D:\Dav\CodeHub\Agent\male-fruit-fly-brain-map\bci\dangate\outputs\_trial_blocked_r0_p25\viz_data.json (5.2 MB)
[acquire] control_r0_p10: D:\Dav\CodeHub\Agent\male-fruit-fly-brain-map\viz\export_data.py --regions visual_bilateral,ol_rest,central_brain,olfactory --visual-input dark --chem-input dangateC --plastic-mb --plastic-lr=-1e-6 --plastic-w0 0.03 --plastic-kcm-gain 0.015 --mbon-dan-gain 178 --plastic-dan-gate 150,0.05,400 --t-end 5000.0 --seed 992 --out D:\Dav\CodeHub\Agent\male-fruit-fly-brain-map\bci\dangate\outputs\_trial_control_r0_p10 --gpu --plastic-state-out D:\Dav\CodeHub\Agent\male-fruit-fly-brain-map\bci\dangate\outputs\states\control_r0_p10.npz
circuit cache: HIT circuit-693698e48fa257ee3380.npz (2.1 s)
regions: ON  = visual_bilateral, ol_rest, central_brain, olfactory
regions: OFF = audition, gustatory, proprioception, thermal, touch, vnc, vpn_central   <-- pass --regions to enable
plastic-mb: KCM split 33398 KC->MBON pairs (lr=-1e-06)
mbon-dan-gain: MBMD split 349 GABA MBON->DAN pairs from CEN_C (gain=178; 154 DAN_err cells)
dan-gate: monitoring DAN_err compartment (154 cells) -> 154 neurons, tau=150 ms, gain=0.05, t_ref=400 ms
thought-experiment scale x202 (nominal x400), junction pinned at the occipital pole (shift 0.0 mm, brain-margin -0 um)
scalp kernel RL: 9636 dipoles (0 s)
scalp kernel LM: 49425 dipoles (1 s)
scalp kernel MT_Mi1: 46038 dipoles (1 s)
scalp kernel MT_Tm3: 39254 dipoles (1 s)
scalp kernel MT_Mi4: 23036 dipoles (1 s)
scalp kernel MT_Mi9: 31092 dipoles (2 s)
scalp kernel MT_Tm1: 35518 dipoles (2 s)
scalp kernel MT_Tm2: 35446 dipoles (2 s)
scalp kernel MT_Tm4: 32161 dipoles (3 s)
scalp kernel MT_Tm9: 47365 dipoles (3 s)
scalp kernel OLR_V: 300000 dipoles (9 s)
scalp kernel CEN_V: 152 dipoles (9 s)
scalp kernel CEN_R: 208073 dipoles (13 s)
scalp kernel CEN_C: 300000 dipoles (18 s)
scalp kernel ORN_C: 57489 dipoles (19 s)
scalp kernel KCM: 33398 dipoles (19 s)
scalp kernel MBMD: 349 dipoles (19 s)
scalp kernel PHOTO: 3377 dipoles (19 s)
scalp kernels built (S=400, 4-sphere, 17 electrodes, 19 s)
kernel rows per group: RL=9636, LM=49425, MT_Mi1=46038, MT_Tm3=39254, MT_Mi4=23036, MT_Mi9=31092, MT_Tm1=35518, MT_Tm2=35446, MT_Tm4=32161, MT_Tm9=47365, OLR_V=300000, CEN_V=152, CEN_R=208073, CEN_C=300000, ORN_C=57489, KCM=33398, MBMD=349, PHOTO=3377
kernel cache: saved kernels-d2737781d59409e921df.npz (0.2 s)
visual input: dark -> 1 frames @ 60.0 fps, 3377 photoreceptors sampled
chem: CEN[KCab-s@L] -> 234 neurons (KCab-s@L), 1600 pA x 1 pulses
chem: CEN[KCab-s@R] -> 421 neurons (KCab-s@R), 1600 pA x 1 pulses
chem: CEN[DAN_err] -> 154 neurons (DAN_err), 800 pA x 1 pulses
chem: CEN[KCab-s@L] -> 234 neurons (KCab-s@L), 1600 pA x 1 pulses
chem: CEN[KCab-s@R] -> 421 neurons (KCab-s@R), 1600 pA x 1 pulses
chem calibration: CEN_C recurrence gain -> 0.002 (chem-run working point, exp019)
simulating 5.0 s ...
GPU forward buffers: 256 records, 1367 MB on device
dan-gate: baseline r0 = 0.00 Hz
plastic result KCM: w_scale mean 0.1054 min 0.0300 floor-hit 0/33398 | elig max 38.7569
dan-gate: trace 10000 steps -> D:\Dav\CodeHub\Agent\male-fruit-fly-brain-map\bci\dangate\outputs\_trial_control_r0_p10\_dan_trace.npy | r max 46.4 Hz, r0 0.00 Hz, mod max 1.000, mod integral 2160.0 ms
biology loop: 90 s (5000 records)
phi_scalp checksum: L2=2.685471e-04 (baseline A/B file: D:\Dav\CodeHub\Agent\male-fruit-fly-brain-map\bci\dangate\outputs\_trial_control_r0_p10\_debug_phi_scalp.npy)
background EEG: fly signal 0.16 uV vs bg 13.10 uV at 168 deg -> d'=2 needs ~26338 trials (band 2-20 Hz: ~527726)
stim view frames: D:\Dav\CodeHub\Agent\male-fruit-fly-brain-map\bci\dangate\outputs\_trial_control_r0_p10\stim_frames.bin (0.0 MB)
wrote D:\Dav\CodeHub\Agent\male-fruit-fly-brain-map\bci\dangate\outputs\_trial_control_r0_p10\viz_data.json (5.2 MB)
[acquire] control_r0_p11: D:\Dav\CodeHub\Agent\male-fruit-fly-brain-map\viz\export_data.py --regions visual_bilateral,ol_rest,central_brain,olfactory --visual-input dark --chem-input dangateC --plastic-mb --plastic-lr=-1e-6 --plastic-w0 0.03 --plastic-kcm-gain 0.015 --mbon-dan-gain 178 --plastic-dan-gate 150,0.05,400 --t-end 5000.0 --seed 993 --out D:\Dav\CodeHub\Agent\male-fruit-fly-brain-map\bci\dangate\outputs\_trial_control_r0_p11 --gpu --plastic-state-out D:\Dav\CodeHub\Agent\male-fruit-fly-brain-map\bci\dangate\outputs\states\control_r0_p11.npz --plastic-state-in D:\Dav\CodeHub\Agent\male-fruit-fly-brain-map\bci\dangate\outputs\states\control_r0_p10.npz
circuit cache: HIT circuit-693698e48fa257ee3380.npz (2.7 s)
regions: ON  = visual_bilateral, ol_rest, central_brain, olfactory
regions: OFF = audition, gustatory, proprioception, thermal, touch, vnc, vpn_central   <-- pass --regions to enable
plastic-mb: KCM split 33398 KC->MBON pairs (lr=-1e-06)
mbon-dan-gain: MBMD split 349 GABA MBON->DAN pairs from CEN_C (gain=178; 154 DAN_err cells)
dan-gate: monitoring DAN_err compartment (154 cells) -> 154 neurons, tau=150 ms, gain=0.05, t_ref=400 ms
thought-experiment scale x202 (nominal x400), junction pinned at the occipital pole (shift 0.0 mm, brain-margin -0 um)
scalp kernel RL: 9636 dipoles (0 s)
scalp kernel LM: 49425 dipoles (1 s)
scalp kernel MT_Mi1: 46038 dipoles (1 s)
scalp kernel MT_Tm3: 39254 dipoles (1 s)
scalp kernel MT_Mi4: 23036 dipoles (2 s)
scalp kernel MT_Mi9: 31092 dipoles (2 s)
scalp kernel MT_Tm1: 35518 dipoles (2 s)
scalp kernel MT_Tm2: 35446 dipoles (2 s)
scalp kernel MT_Tm4: 32161 dipoles (3 s)
scalp kernel MT_Tm9: 47365 dipoles (3 s)
scalp kernel OLR_V: 300000 dipoles (9 s)
scalp kernel CEN_V: 152 dipoles (9 s)
scalp kernel CEN_R: 208073 dipoles (12 s)
scalp kernel CEN_C: 300000 dipoles (18 s)
scalp kernel ORN_C: 57489 dipoles (19 s)
scalp kernel KCM: 33398 dipoles (19 s)
scalp kernel MBMD: 349 dipoles (19 s)
scalp kernel PHOTO: 3377 dipoles (19 s)
scalp kernels built (S=400, 4-sphere, 17 electrodes, 19 s)
kernel rows per group: RL=9636, LM=49425, MT_Mi1=46038, MT_Tm3=39254, MT_Mi4=23036, MT_Mi9=31092, MT_Tm1=35518, MT_Tm2=35446, MT_Tm4=32161, MT_Tm9=47365, OLR_V=300000, CEN_V=152, CEN_R=208073, CEN_C=300000, ORN_C=57489, KCM=33398, MBMD=349, PHOTO=3377
kernel cache: saved kernels-f69a8095937e227a8912.npz (0.2 s)
visual input: dark -> 1 frames @ 60.0 fps, 3377 photoreceptors sampled
chem: CEN[KCab-s@L] -> 234 neurons (KCab-s@L), 1600 pA x 1 pulses
chem: CEN[KCab-s@R] -> 421 neurons (KCab-s@R), 1600 pA x 1 pulses
chem: CEN[DAN_err] -> 154 neurons (DAN_err), 800 pA x 1 pulses
chem: CEN[KCab-s@L] -> 234 neurons (KCab-s@L), 1600 pA x 1 pulses
chem: CEN[KCab-s@R] -> 421 neurons (KCab-s@R), 1600 pA x 1 pulses
chem calibration: CEN_C recurrence gain -> 0.002 (chem-run working point, exp019)
simulating 5.0 s ...
plastic state IN KCM: w mean 0.1054 min 0.0300
GPU forward buffers: 256 records, 1367 MB on device
dan-gate: baseline r0 = 0.00 Hz
plastic result KCM: w_scale mean 0.1798 min 0.0300 floor-hit 0/33398 | elig max 38.7966
dan-gate: trace 10000 steps -> D:\Dav\CodeHub\Agent\male-fruit-fly-brain-map\bci\dangate\outputs\_trial_control_r0_p11\_dan_trace.npy | r max 39.8 Hz, r0 0.00 Hz, mod max 1.000, mod integral 2114.7 ms
biology loop: 76 s (5000 records)
phi_scalp checksum: L2=2.535683e-04 (baseline A/B file: D:\Dav\CodeHub\Agent\male-fruit-fly-brain-map\bci\dangate\outputs\_trial_control_r0_p11\_debug_phi_scalp.npy)
background EEG: fly signal 0.11 uV vs bg 13.10 uV at 168 deg -> d'=2 needs ~56025 trials (band 2-20 Hz: ~827747)
stim view frames: D:\Dav\CodeHub\Agent\male-fruit-fly-brain-map\bci\dangate\outputs\_trial_control_r0_p11\stim_frames.bin (0.0 MB)
wrote D:\Dav\CodeHub\Agent\male-fruit-fly-brain-map\bci\dangate\outputs\_trial_control_r0_p11\viz_data.json (5.2 MB)
[acquire] control_r0_p12: D:\Dav\CodeHub\Agent\male-fruit-fly-brain-map\viz\export_data.py --regions visual_bilateral,ol_rest,central_brain,olfactory --visual-input dark --chem-input dangateC --plastic-mb --plastic-lr=-1e-6 --plastic-w0 0.03 --plastic-kcm-gain 0.015 --mbon-dan-gain 178 --plastic-dan-gate 150,0.05,400 --t-end 5000.0 --seed 994 --out D:\Dav\CodeHub\Agent\male-fruit-fly-brain-map\bci\dangate\outputs\_trial_control_r0_p12 --gpu --plastic-state-out D:\Dav\CodeHub\Agent\male-fruit-fly-brain-map\bci\dangate\outputs\states\control_r0_p12.npz --plastic-state-in D:\Dav\CodeHub\Agent\male-fruit-fly-brain-map\bci\dangate\outputs\states\control_r0_p11.npz
circuit cache: HIT circuit-693698e48fa257ee3380.npz (2.0 s)
regions: ON  = visual_bilateral, ol_rest, central_brain, olfactory
regions: OFF = audition, gustatory, proprioception, thermal, touch, vnc, vpn_central   <-- pass --regions to enable
plastic-mb: KCM split 33398 KC->MBON pairs (lr=-1e-06)
mbon-dan-gain: MBMD split 349 GABA MBON->DAN pairs from CEN_C (gain=178; 154 DAN_err cells)
dan-gate: monitoring DAN_err compartment (154 cells) -> 154 neurons, tau=150 ms, gain=0.05, t_ref=400 ms
kernel cache: HIT kernels-f69a8095937e227a8912.npz (1.7 s)
visual input: dark -> 1 frames @ 60.0 fps, 3377 photoreceptors sampled
chem: CEN[KCab-s@L] -> 234 neurons (KCab-s@L), 1600 pA x 1 pulses
chem: CEN[KCab-s@R] -> 421 neurons (KCab-s@R), 1600 pA x 1 pulses
chem: CEN[DAN_err] -> 154 neurons (DAN_err), 800 pA x 1 pulses
chem: CEN[KCab-s@L] -> 234 neurons (KCab-s@L), 1600 pA x 1 pulses
chem: CEN[KCab-s@R] -> 421 neurons (KCab-s@R), 1600 pA x 1 pulses
chem calibration: CEN_C recurrence gain -> 0.002 (chem-run working point, exp019)
simulating 5.0 s ...
plastic state IN KCM: w mean 0.1798 min 0.0300
GPU forward buffers: 256 records, 1367 MB on device
dan-gate: baseline r0 = 0.00 Hz
plastic result KCM: w_scale mean 0.1948 min 0.0300 floor-hit 0/33398 | elig max 38.7660
dan-gate: trace 10000 steps -> D:\Dav\CodeHub\Agent\male-fruit-fly-brain-map\bci\dangate\outputs\_trial_control_r0_p12\_dan_trace.npy | r max 33.3 Hz, r0 0.00 Hz, mod max 1.000, mod integral 2096.3 ms
biology loop: 85 s (5000 records)
phi_scalp checksum: L2=2.427877e-04 (baseline A/B file: D:\Dav\CodeHub\Agent\male-fruit-fly-brain-map\bci\dangate\outputs\_trial_control_r0_p12\_debug_phi_scalp.npy)
background EEG: fly signal 0.12 uV vs bg 13.90 uV at 174 deg -> d'=2 needs ~49291 trials (band 2-20 Hz: ~854106)
stim view frames: D:\Dav\CodeHub\Agent\male-fruit-fly-brain-map\bci\dangate\outputs\_trial_control_r0_p12\stim_frames.bin (0.0 MB)
wrote D:\Dav\CodeHub\Agent\male-fruit-fly-brain-map\bci\dangate\outputs\_trial_control_r0_p12\viz_data.json (5.2 MB)
[acquire] control_r0_p13: D:\Dav\CodeHub\Agent\male-fruit-fly-brain-map\viz\export_data.py --regions visual_bilateral,ol_rest,central_brain,olfactory --visual-input dark --chem-input dangateC --plastic-mb --plastic-lr=-1e-6 --plastic-w0 0.03 --plastic-kcm-gain 0.015 --mbon-dan-gain 178 --plastic-dan-gate 150,0.05,400 --t-end 5000.0 --seed 995 --out D:\Dav\CodeHub\Agent\male-fruit-fly-brain-map\bci\dangate\outputs\_trial_control_r0_p13 --gpu --plastic-state-out D:\Dav\CodeHub\Agent\male-fruit-fly-brain-map\bci\dangate\outputs\states\control_r0_p13.npz --plastic-state-in D:\Dav\CodeHub\Agent\male-fruit-fly-brain-map\bci\dangate\outputs\states\control_r0_p12.npz
circuit cache: HIT circuit-693698e48fa257ee3380.npz (0.9 s)
regions: ON  = visual_bilateral, ol_rest, central_brain, olfactory
regions: OFF = audition, gustatory, proprioception, thermal, touch, vnc, vpn_central   <-- pass --regions to enable
plastic-mb: KCM split 33398 KC->MBON pairs (lr=-1e-06)
mbon-dan-gain: MBMD split 349 GABA MBON->DAN pairs from CEN_C (gain=178; 154 DAN_err cells)
dan-gate: monitoring DAN_err compartment (154 cells) -> 154 neurons, tau=150 ms, gain=0.05, t_ref=400 ms
kernel cache: HIT kernels-f69a8095937e227a8912.npz (0.1 s)
visual input: dark -> 1 frames @ 60.0 fps, 3377 photoreceptors sampled
chem: CEN[KCab-s@L] -> 234 neurons (KCab-s@L), 1600 pA x 1 pulses
chem: CEN[KCab-s@R] -> 421 neurons (KCab-s@R), 1600 pA x 1 pulses
chem: CEN[DAN_err] -> 154 neurons (DAN_err), 800 pA x 1 pulses
chem: CEN[KCab-s@L] -> 234 neurons (KCab-s@L), 1600 pA x 1 pulses
chem: CEN[KCab-s@R] -> 421 neurons (KCab-s@R), 1600 pA x 1 pulses
chem calibration: CEN_C recurrence gain -> 0.002 (chem-run working point, exp019)
simulating 5.0 s ...
plastic state IN KCM: w mean 0.1948 min 0.0300
GPU forward buffers: 256 records, 1367 MB on device
dan-gate: baseline r0 = 0.00 Hz
plastic result KCM: w_scale mean 0.1981 min 0.0300 floor-hit 0/33398 | elig max 38.6881
dan-gate: trace 10000 steps -> D:\Dav\CodeHub\Agent\male-fruit-fly-brain-map\bci\dangate\outputs\_trial_control_r0_p13\_dan_trace.npy | r max 33.3 Hz, r0 0.00 Hz, mod max 1.000, mod integral 2110.3 ms
biology loop: 79 s (5000 records)
phi_scalp checksum: L2=2.412942e-04 (baseline A/B file: D:\Dav\CodeHub\Agent\male-fruit-fly-brain-map\bci\dangate\outputs\_trial_control_r0_p13\_debug_phi_scalp.npy)
background EEG: fly signal 0.09 uV vs bg 13.10 uV at 168 deg -> d'=2 needs ~77959 trials (band 2-20 Hz: ~819016)
stim view frames: D:\Dav\CodeHub\Agent\male-fruit-fly-brain-map\bci\dangate\outputs\_trial_control_r0_p13\stim_frames.bin (0.0 MB)
wrote D:\Dav\CodeHub\Agent\male-fruit-fly-brain-map\bci\dangate\outputs\_trial_control_r0_p13\viz_data.json (5.2 MB)
[acquire] control_r0_p20: D:\Dav\CodeHub\Agent\male-fruit-fly-brain-map\viz\export_data.py --regions visual_bilateral,ol_rest,central_brain,olfactory --visual-input dark --chem-input dangateAB --plastic-mb --plastic-lr=-1e-6 --plastic-w0 0.03 --plastic-kcm-gain 0.015 --mbon-dan-gain 178 --plastic-dan-gate 150,0.05,400 --t-end 5000.0 --seed 992 --out D:\Dav\CodeHub\Agent\male-fruit-fly-brain-map\bci\dangate\outputs\_trial_control_r0_p20 --gpu --plastic-state-out D:\Dav\CodeHub\Agent\male-fruit-fly-brain-map\bci\dangate\outputs\states\control_r0_p20.npz --plastic-state-in D:\Dav\CodeHub\Agent\male-fruit-fly-brain-map\bci\dangate\outputs\states\control_r0_p13.npz
circuit cache: HIT circuit-693698e48fa257ee3380.npz (0.9 s)
regions: ON  = visual_bilateral, ol_rest, central_brain, olfactory
regions: OFF = audition, gustatory, proprioception, thermal, touch, vnc, vpn_central   <-- pass --regions to enable
plastic-mb: KCM split 33398 KC->MBON pairs (lr=-1e-06)
mbon-dan-gain: MBMD split 349 GABA MBON->DAN pairs from CEN_C (gain=178; 154 DAN_err cells)
dan-gate: monitoring DAN_err compartment (154 cells) -> 154 neurons, tau=150 ms, gain=0.05, t_ref=400 ms
kernel cache: HIT kernels-f69a8095937e227a8912.npz (0.1 s)
visual input: dark -> 1 frames @ 60.0 fps, 3377 photoreceptors sampled
chem: CEN[KCg-m@L] -> 687 neurons (KCg-m@L), 1600 pA x 1 pulses
chem: CEN[KCg-m@R] -> 652 neurons (KCg-m@R), 1600 pA x 1 pulses
chem: CEN[DAN_err] -> 154 neurons (DAN_err), 800 pA x 1 pulses
chem: CEN[KCab-m@L] -> 307 neurons (KCab-m@L), 1600 pA x 1 pulses
chem: CEN[KCab-m@R] -> 223 neurons (KCab-m@R), 1600 pA x 1 pulses
chem: CEN[KCab-m@L] -> 307 neurons (KCab-m@L), 1600 pA x 1 pulses
chem: CEN[KCab-m@R] -> 223 neurons (KCab-m@R), 1600 pA x 1 pulses
chem calibration: CEN_C recurrence gain -> 0.002 (chem-run working point, exp019)
simulating 5.0 s ...
plastic state IN KCM: w mean 0.1981 min 0.0300
GPU forward buffers: 256 records, 1367 MB on device
dan-gate: baseline r0 = 0.00 Hz
plastic result KCM: w_scale mean 0.3052 min 0.0300 floor-hit 0/33398 | elig max 39.1071
dan-gate: trace 10000 steps -> D:\Dav\CodeHub\Agent\male-fruit-fly-brain-map\bci\dangate\outputs\_trial_control_r0_p20\_dan_trace.npy | r max 12.8 Hz, r0 0.00 Hz, mod max 0.638, mod integral 1054.2 ms
biology loop: 77 s (5000 records)
phi_scalp checksum: L2=3.215618e-04 (baseline A/B file: D:\Dav\CodeHub\Agent\male-fruit-fly-brain-map\bci\dangate\outputs\_trial_control_r0_p20\_debug_phi_scalp.npy)
background EEG: fly signal 0.10 uV vs bg 11.33 uV at 156 deg -> d'=2 needs ~46805 trials (band 2-20 Hz: ~105929)
stim view frames: D:\Dav\CodeHub\Agent\male-fruit-fly-brain-map\bci\dangate\outputs\_trial_control_r0_p20\stim_frames.bin (0.0 MB)
wrote D:\Dav\CodeHub\Agent\male-fruit-fly-brain-map\bci\dangate\outputs\_trial_control_r0_p20\viz_data.json (5.2 MB)
[acquire] control_r0_p21: D:\Dav\CodeHub\Agent\male-fruit-fly-brain-map\viz\export_data.py --regions visual_bilateral,ol_rest,central_brain,olfactory --visual-input dark --chem-input dangateAB --plastic-mb --plastic-lr=-1e-6 --plastic-w0 0.03 --plastic-kcm-gain 0.015 --mbon-dan-gain 178 --plastic-dan-gate 150,0.05,400 --t-end 5000.0 --seed 993 --out D:\Dav\CodeHub\Agent\male-fruit-fly-brain-map\bci\dangate\outputs\_trial_control_r0_p21 --gpu --plastic-state-out D:\Dav\CodeHub\Agent\male-fruit-fly-brain-map\bci\dangate\outputs\states\control_r0_p21.npz --plastic-state-in D:\Dav\CodeHub\Agent\male-fruit-fly-brain-map\bci\dangate\outputs\states\control_r0_p20.npz
circuit cache: HIT circuit-693698e48fa257ee3380.npz (0.8 s)
regions: ON  = visual_bilateral, ol_rest, central_brain, olfactory
regions: OFF = audition, gustatory, proprioception, thermal, touch, vnc, vpn_central   <-- pass --regions to enable
plastic-mb: KCM split 33398 KC->MBON pairs (lr=-1e-06)
mbon-dan-gain: MBMD split 349 GABA MBON->DAN pairs from CEN_C (gain=178; 154 DAN_err cells)
dan-gate: monitoring DAN_err compartment (154 cells) -> 154 neurons, tau=150 ms, gain=0.05, t_ref=400 ms
kernel cache: HIT kernels-f69a8095937e227a8912.npz (1.1 s)
visual input: dark -> 1 frames @ 60.0 fps, 3377 photoreceptors sampled
chem: CEN[KCg-m@L] -> 687 neurons (KCg-m@L), 1600 pA x 1 pulses
chem: CEN[KCg-m@R] -> 652 neurons (KCg-m@R), 1600 pA x 1 pulses
chem: CEN[DAN_err] -> 154 neurons (DAN_err), 800 pA x 1 pulses
chem: CEN[KCab-m@L] -> 307 neurons (KCab-m@L), 1600 pA x 1 pulses
chem: CEN[KCab-m@R] -> 223 neurons (KCab-m@R), 1600 pA x 1 pulses
chem: CEN[KCab-m@L] -> 307 neurons (KCab-m@L), 1600 pA x 1 pulses
chem: CEN[KCab-m@R] -> 223 neurons (KCab-m@R), 1600 pA x 1 pulses
chem calibration: CEN_C recurrence gain -> 0.002 (chem-run working point, exp019)
simulating 5.0 s ...
plastic state IN KCM: w mean 0.3052 min 0.0300
GPU forward buffers: 256 records, 1367 MB on device
dan-gate: baseline r0 = 0.00 Hz
plastic result KCM: w_scale mean 0.4018 min 0.0300 floor-hit 0/33398 | elig max 38.8264
dan-gate: trace 10000 steps -> D:\Dav\CodeHub\Agent\male-fruit-fly-brain-map\bci\dangate\outputs\_trial_control_r0_p21\_dan_trace.npy | r max 9.9 Hz, r0 0.00 Hz, mod max 0.495, mod integral 903.2 ms
biology loop: 87 s (5000 records)
phi_scalp checksum: L2=3.186102e-04 (baseline A/B file: D:\Dav\CodeHub\Agent\male-fruit-fly-brain-map\bci\dangate\outputs\_trial_control_r0_p21\_debug_phi_scalp.npy)
background EEG: fly signal 0.10 uV vs bg 11.33 uV at 156 deg -> d'=2 needs ~54624 trials (band 2-20 Hz: ~151700)
stim view frames: D:\Dav\CodeHub\Agent\male-fruit-fly-brain-map\bci\dangate\outputs\_trial_control_r0_p21\stim_frames.bin (0.0 MB)
wrote D:\Dav\CodeHub\Agent\male-fruit-fly-brain-map\bci\dangate\outputs\_trial_control_r0_p21\viz_data.json (5.2 MB)
[acquire] control_r0_p22: D:\Dav\CodeHub\Agent\male-fruit-fly-brain-map\viz\export_data.py --regions visual_bilateral,ol_rest,central_brain,olfactory --visual-input dark --chem-input dangateAB --plastic-mb --plastic-lr=-1e-6 --plastic-w0 0.03 --plastic-kcm-gain 0.015 --mbon-dan-gain 178 --plastic-dan-gate 150,0.05,400 --t-end 5000.0 --seed 994 --out D:\Dav\CodeHub\Agent\male-fruit-fly-brain-map\bci\dangate\outputs\_trial_control_r0_p22 --gpu --plastic-state-out D:\Dav\CodeHub\Agent\male-fruit-fly-brain-map\bci\dangate\outputs\states\control_r0_p22.npz --plastic-state-in D:\Dav\CodeHub\Agent\male-fruit-fly-brain-map\bci\dangate\outputs\states\control_r0_p21.npz
circuit cache: HIT circuit-693698e48fa257ee3380.npz (1.8 s)
regions: ON  = visual_bilateral, ol_rest, central_brain, olfactory
regions: OFF = audition, gustatory, proprioception, thermal, touch, vnc, vpn_central   <-- pass --regions to enable
plastic-mb: KCM split 33398 KC->MBON pairs (lr=-1e-06)
mbon-dan-gain: MBMD split 349 GABA MBON->DAN pairs from CEN_C (gain=178; 154 DAN_err cells)
dan-gate: monitoring DAN_err compartment (154 cells) -> 154 neurons, tau=150 ms, gain=0.05, t_ref=400 ms
kernel cache: HIT kernels-f69a8095937e227a8912.npz (0.1 s)
visual input: dark -> 1 frames @ 60.0 fps, 3377 photoreceptors sampled
chem: CEN[KCg-m@L] -> 687 neurons (KCg-m@L), 1600 pA x 1 pulses
chem: CEN[KCg-m@R] -> 652 neurons (KCg-m@R), 1600 pA x 1 pulses
chem: CEN[DAN_err] -> 154 neurons (DAN_err), 800 pA x 1 pulses
chem: CEN[KCab-m@L] -> 307 neurons (KCab-m@L), 1600 pA x 1 pulses
chem: CEN[KCab-m@R] -> 223 neurons (KCab-m@R), 1600 pA x 1 pulses
chem: CEN[KCab-m@L] -> 307 neurons (KCab-m@L), 1600 pA x 1 pulses
chem: CEN[KCab-m@R] -> 223 neurons (KCab-m@R), 1600 pA x 1 pulses
chem calibration: CEN_C recurrence gain -> 0.002 (chem-run working point, exp019)
simulating 5.0 s ...
plastic state IN KCM: w mean 0.4018 min 0.0300
GPU forward buffers: 256 records, 1367 MB on device
dan-gate: baseline r0 = 0.00 Hz
plastic result KCM: w_scale mean 0.4960 min 0.0300 floor-hit 0/33398 | elig max 38.8231
dan-gate: trace 10000 steps -> D:\Dav\CodeHub\Agent\male-fruit-fly-brain-map\bci\dangate\outputs\_trial_control_r0_p22\_dan_trace.npy | r max 9.7 Hz, r0 0.00 Hz, mod max 0.485, mod integral 875.3 ms
biology loop: 89 s (5000 records)
phi_scalp checksum: L2=2.978249e-04 (baseline A/B file: D:\Dav\CodeHub\Agent\male-fruit-fly-brain-map\bci\dangate\outputs\_trial_control_r0_p22\_debug_phi_scalp.npy)
background EEG: fly signal 0.12 uV vs bg 11.33 uV at 156 deg -> d'=2 needs ~33638 trials (band 2-20 Hz: ~99807)
stim view frames: D:\Dav\CodeHub\Agent\male-fruit-fly-brain-map\bci\dangate\outputs\_trial_control_r0_p22\stim_frames.bin (0.0 MB)
wrote D:\Dav\CodeHub\Agent\male-fruit-fly-brain-map\bci\dangate\outputs\_trial_control_r0_p22\viz_data.json (5.2 MB)
[acquire] control_r0_p23: D:\Dav\CodeHub\Agent\male-fruit-fly-brain-map\viz\export_data.py --regions visual_bilateral,ol_rest,central_brain,olfactory --visual-input dark --chem-input dangateAB --plastic-mb --plastic-lr=-1e-6 --plastic-w0 0.03 --plastic-kcm-gain 0.015 --mbon-dan-gain 178 --plastic-dan-gate 150,0.05,400 --t-end 5000.0 --seed 995 --out D:\Dav\CodeHub\Agent\male-fruit-fly-brain-map\bci\dangate\outputs\_trial_control_r0_p23 --gpu --plastic-state-out D:\Dav\CodeHub\Agent\male-fruit-fly-brain-map\bci\dangate\outputs\states\control_r0_p23.npz --plastic-state-in D:\Dav\CodeHub\Agent\male-fruit-fly-brain-map\bci\dangate\outputs\states\control_r0_p22.npz
circuit cache: HIT circuit-693698e48fa257ee3380.npz (2.0 s)
regions: ON  = visual_bilateral, ol_rest, central_brain, olfactory
regions: OFF = audition, gustatory, proprioception, thermal, touch, vnc, vpn_central   <-- pass --regions to enable
plastic-mb: KCM split 33398 KC->MBON pairs (lr=-1e-06)
mbon-dan-gain: MBMD split 349 GABA MBON->DAN pairs from CEN_C (gain=178; 154 DAN_err cells)
dan-gate: monitoring DAN_err compartment (154 cells) -> 154 neurons, tau=150 ms, gain=0.05, t_ref=400 ms
kernel cache: HIT kernels-f69a8095937e227a8912.npz (1.0 s)
visual input: dark -> 1 frames @ 60.0 fps, 3377 photoreceptors sampled
chem: CEN[KCg-m@L] -> 687 neurons (KCg-m@L), 1600 pA x 1 pulses
chem: CEN[KCg-m@R] -> 652 neurons (KCg-m@R), 1600 pA x 1 pulses
chem: CEN[DAN_err] -> 154 neurons (DAN_err), 800 pA x 1 pulses
chem: CEN[KCab-m@L] -> 307 neurons (KCab-m@L), 1600 pA x 1 pulses
chem: CEN[KCab-m@R] -> 223 neurons (KCab-m@R), 1600 pA x 1 pulses
chem: CEN[KCab-m@L] -> 307 neurons (KCab-m@L), 1600 pA x 1 pulses
chem: CEN[KCab-m@R] -> 223 neurons (KCab-m@R), 1600 pA x 1 pulses
chem calibration: CEN_C recurrence gain -> 0.002 (chem-run working point, exp019)
simulating 5.0 s ...
plastic state IN KCM: w mean 0.4960 min 0.0300
GPU forward buffers: 256 records, 1367 MB on device
dan-gate: baseline r0 = 0.00 Hz
plastic result KCM: w_scale mean 0.5906 min 0.0300 floor-hit 0/33398 | elig max 39.0696
dan-gate: trace 10000 steps -> D:\Dav\CodeHub\Agent\male-fruit-fly-brain-map\bci\dangate\outputs\_trial_control_r0_p23\_dan_trace.npy | r max 9.5 Hz, r0 0.00 Hz, mod max 0.477, mod integral 881.8 ms
biology loop: 92 s (5000 records)
phi_scalp checksum: L2=2.822189e-04 (baseline A/B file: D:\Dav\CodeHub\Agent\male-fruit-fly-brain-map\bci\dangate\outputs\_trial_control_r0_p23\_debug_phi_scalp.npy)
background EEG: fly signal 0.24 uV vs bg 11.33 uV at 156 deg -> d'=2 needs ~9227 trials (band 2-20 Hz: ~39760)
stim view frames: D:\Dav\CodeHub\Agent\male-fruit-fly-brain-map\bci\dangate\outputs\_trial_control_r0_p23\stim_frames.bin (0.0 MB)
wrote D:\Dav\CodeHub\Agent\male-fruit-fly-brain-map\bci\dangate\outputs\_trial_control_r0_p23\viz_data.json (5.2 MB)
[acquire] control_r0_p24: D:\Dav\CodeHub\Agent\male-fruit-fly-brain-map\viz\export_data.py --regions visual_bilateral,ol_rest,central_brain,olfactory --visual-input dark --chem-input dangateAB --plastic-mb --plastic-lr=-1e-6 --plastic-w0 0.03 --plastic-kcm-gain 0.015 --mbon-dan-gain 178 --plastic-dan-gate 150,0.05,400 --t-end 5000.0 --seed 996 --out D:\Dav\CodeHub\Agent\male-fruit-fly-brain-map\bci\dangate\outputs\_trial_control_r0_p24 --gpu --plastic-state-out D:\Dav\CodeHub\Agent\male-fruit-fly-brain-map\bci\dangate\outputs\states\control_r0_p24.npz --plastic-state-in D:\Dav\CodeHub\Agent\male-fruit-fly-brain-map\bci\dangate\outputs\states\control_r0_p23.npz
circuit cache: HIT circuit-693698e48fa257ee3380.npz (1.5 s)
regions: ON  = visual_bilateral, ol_rest, central_brain, olfactory
regions: OFF = audition, gustatory, proprioception, thermal, touch, vnc, vpn_central   <-- pass --regions to enable
plastic-mb: KCM split 33398 KC->MBON pairs (lr=-1e-06)
mbon-dan-gain: MBMD split 349 GABA MBON->DAN pairs from CEN_C (gain=178; 154 DAN_err cells)
dan-gate: monitoring DAN_err compartment (154 cells) -> 154 neurons, tau=150 ms, gain=0.05, t_ref=400 ms
kernel cache: HIT kernels-f69a8095937e227a8912.npz (0.1 s)
visual input: dark -> 1 frames @ 60.0 fps, 3377 photoreceptors sampled
chem: CEN[KCg-m@L] -> 687 neurons (KCg-m@L), 1600 pA x 1 pulses
chem: CEN[KCg-m@R] -> 652 neurons (KCg-m@R), 1600 pA x 1 pulses
chem: CEN[DAN_err] -> 154 neurons (DAN_err), 800 pA x 1 pulses
chem: CEN[KCab-m@L] -> 307 neurons (KCab-m@L), 1600 pA x 1 pulses
chem: CEN[KCab-m@R] -> 223 neurons (KCab-m@R), 1600 pA x 1 pulses
chem: CEN[KCab-m@L] -> 307 neurons (KCab-m@L), 1600 pA x 1 pulses
chem: CEN[KCab-m@R] -> 223 neurons (KCab-m@R), 1600 pA x 1 pulses
chem calibration: CEN_C recurrence gain -> 0.002 (chem-run working point, exp019)
simulating 5.0 s ...
plastic state IN KCM: w mean 0.5906 min 0.0300
GPU forward buffers: 256 records, 1367 MB on device
dan-gate: baseline r0 = 0.00 Hz
plastic result KCM: w_scale mean 0.6672 min 0.0300 floor-hit 0/33398 | elig max 38.8577
dan-gate: trace 10000 steps -> D:\Dav\CodeHub\Agent\male-fruit-fly-brain-map\bci\dangate\outputs\_trial_control_r0_p24\_dan_trace.npy | r max 9.2 Hz, r0 0.00 Hz, mod max 0.461, mod integral 841.6 ms
biology loop: 82 s (5000 records)
phi_scalp checksum: L2=2.654541e-04 (baseline A/B file: D:\Dav\CodeHub\Agent\male-fruit-fly-brain-map\bci\dangate\outputs\_trial_control_r0_p24\_debug_phi_scalp.npy)
background EEG: fly signal 0.33 uV vs bg 11.33 uV at 156 deg -> d'=2 needs ~4628 trials (band 2-20 Hz: ~28820)
stim view frames: D:\Dav\CodeHub\Agent\male-fruit-fly-brain-map\bci\dangate\outputs\_trial_control_r0_p24\stim_frames.bin (0.0 MB)
wrote D:\Dav\CodeHub\Agent\male-fruit-fly-brain-map\bci\dangate\outputs\_trial_control_r0_p24\viz_data.json (5.2 MB)
[acquire] control_r0_p25: D:\Dav\CodeHub\Agent\male-fruit-fly-brain-map\viz\export_data.py --regions visual_bilateral,ol_rest,central_brain,olfactory --visual-input dark --chem-input dangateAB --plastic-mb --plastic-lr=-1e-6 --plastic-w0 0.03 --plastic-kcm-gain 0.015 --mbon-dan-gain 178 --plastic-dan-gate 150,0.05,400 --t-end 5000.0 --seed 997 --out D:\Dav\CodeHub\Agent\male-fruit-fly-brain-map\bci\dangate\outputs\_trial_control_r0_p25 --gpu --plastic-state-out D:\Dav\CodeHub\Agent\male-fruit-fly-brain-map\bci\dangate\outputs\states\control_r0_p25.npz --plastic-state-in D:\Dav\CodeHub\Agent\male-fruit-fly-brain-map\bci\dangate\outputs\states\control_r0_p24.npz
circuit cache: HIT circuit-693698e48fa257ee3380.npz (1.8 s)
regions: ON  = visual_bilateral, ol_rest, central_brain, olfactory
regions: OFF = audition, gustatory, proprioception, thermal, touch, vnc, vpn_central   <-- pass --regions to enable
plastic-mb: KCM split 33398 KC->MBON pairs (lr=-1e-06)
mbon-dan-gain: MBMD split 349 GABA MBON->DAN pairs from CEN_C (gain=178; 154 DAN_err cells)
dan-gate: monitoring DAN_err compartment (154 cells) -> 154 neurons, tau=150 ms, gain=0.05, t_ref=400 ms
kernel cache: HIT kernels-f69a8095937e227a8912.npz (1.1 s)
visual input: dark -> 1 frames @ 60.0 fps, 3377 photoreceptors sampled
chem: CEN[KCg-m@L] -> 687 neurons (KCg-m@L), 1600 pA x 1 pulses
chem: CEN[KCg-m@R] -> 652 neurons (KCg-m@R), 1600 pA x 1 pulses
chem: CEN[DAN_err] -> 154 neurons (DAN_err), 800 pA x 1 pulses
chem: CEN[KCab-m@L] -> 307 neurons (KCab-m@L), 1600 pA x 1 pulses
chem: CEN[KCab-m@R] -> 223 neurons (KCab-m@R), 1600 pA x 1 pulses
chem: CEN[KCab-m@L] -> 307 neurons (KCab-m@L), 1600 pA x 1 pulses
chem: CEN[KCab-m@R] -> 223 neurons (KCab-m@R), 1600 pA x 1 pulses
chem calibration: CEN_C recurrence gain -> 0.002 (chem-run working point, exp019)
simulating 5.0 s ...
plastic state IN KCM: w mean 0.6672 min 0.0300
GPU forward buffers: 256 records, 1367 MB on device
dan-gate: baseline r0 = 0.00 Hz
plastic result KCM: w_scale mean 0.6706 min 0.0300 floor-hit 0/33398 | elig max 38.9754
dan-gate: trace 10000 steps -> D:\Dav\CodeHub\Agent\male-fruit-fly-brain-map\bci\dangate\outputs\_trial_control_r0_p25\_dan_trace.npy | r max 9.4 Hz, r0 0.00 Hz, mod max 0.471, mod integral 833.1 ms
biology loop: 86 s (5000 records)
phi_scalp checksum: L2=2.604719e-04 (baseline A/B file: D:\Dav\CodeHub\Agent\male-fruit-fly-brain-map\bci\dangate\outputs\_trial_control_r0_p25\_debug_phi_scalp.npy)
background EEG: fly signal 0.36 uV vs bg 11.33 uV at 156 deg -> d'=2 needs ~4066 trials (band 2-20 Hz: ~25528)
stim view frames: D:\Dav\CodeHub\Agent\male-fruit-fly-brain-map\bci\dangate\outputs\_trial_control_r0_p25\stim_frames.bin (0.0 MB)
wrote D:\Dav\CodeHub\Agent\male-fruit-fly-brain-map\bci\dangate\outputs\_trial_control_r0_p25\viz_data.json (5.2 MB)
[acquire] blocked_r1_p10: D:\Dav\CodeHub\Agent\male-fruit-fly-brain-map\viz\export_data.py --regions visual_bilateral,ol_rest,central_brain,olfactory --visual-input dark --chem-input dangateA --plastic-mb --plastic-lr=-1e-6 --plastic-w0 0.03 --plastic-kcm-gain 0.015 --mbon-dan-gain 178 --plastic-dan-gate 150,0.05,400 --t-end 5000.0 --seed 952 --out D:\Dav\CodeHub\Agent\male-fruit-fly-brain-map\bci\dangate\outputs\_trial_blocked_r1_p10 --gpu --plastic-state-out D:\Dav\CodeHub\Agent\male-fruit-fly-brain-map\bci\dangate\outputs\states\blocked_r1_p10.npz
circuit cache: HIT circuit-693698e48fa257ee3380.npz (0.9 s)
regions: ON  = visual_bilateral, ol_rest, central_brain, olfactory
regions: OFF = audition, gustatory, proprioception, thermal, touch, vnc, vpn_central   <-- pass --regions to enable
plastic-mb: KCM split 33398 KC->MBON pairs (lr=-1e-06)
mbon-dan-gain: MBMD split 349 GABA MBON->DAN pairs from CEN_C (gain=178; 154 DAN_err cells)
dan-gate: monitoring DAN_err compartment (154 cells) -> 154 neurons, tau=150 ms, gain=0.05, t_ref=400 ms
kernel cache: HIT kernels-f69a8095937e227a8912.npz (0.1 s)
visual input: dark -> 1 frames @ 60.0 fps, 3377 photoreceptors sampled
chem: CEN[KCg-m@L] -> 687 neurons (KCg-m@L), 1600 pA x 1 pulses
chem: CEN[KCg-m@R] -> 652 neurons (KCg-m@R), 1600 pA x 1 pulses
chem: CEN[DAN_err] -> 154 neurons (DAN_err), 800 pA x 1 pulses
chem: CEN[KCg-m@L] -> 687 neurons (KCg-m@L), 1600 pA x 1 pulses
chem: CEN[KCg-m@R] -> 652 neurons (KCg-m@R), 1600 pA x 1 pulses
chem calibration: CEN_C recurrence gain -> 0.002 (chem-run working point, exp019)
simulating 5.0 s ...
GPU forward buffers: 256 records, 1367 MB on device
dan-gate: baseline r0 = 0.00 Hz
plastic result KCM: w_scale mean 0.1204 min 0.0300 floor-hit 0/33398 | elig max 40.0788
dan-gate: trace 10000 steps -> D:\Dav\CodeHub\Agent\male-fruit-fly-brain-map\bci\dangate\outputs\_trial_blocked_r1_p10\_dan_trace.npy | r max 15.6 Hz, r0 0.00 Hz, mod max 0.781, mod integral 1152.9 ms
biology loop: 82 s (5000 records)
phi_scalp checksum: L2=3.009357e-04 (baseline A/B file: D:\Dav\CodeHub\Agent\male-fruit-fly-brain-map\bci\dangate\outputs\_trial_blocked_r1_p10\_debug_phi_scalp.npy)
background EEG: fly signal 0.23 uV vs bg 11.33 uV at 156 deg -> d'=2 needs ~9275 trials (band 2-20 Hz: ~105271)
stim view frames: D:\Dav\CodeHub\Agent\male-fruit-fly-brain-map\bci\dangate\outputs\_trial_blocked_r1_p10\stim_frames.bin (0.0 MB)
wrote D:\Dav\CodeHub\Agent\male-fruit-fly-brain-map\bci\dangate\outputs\_trial_blocked_r1_p10\viz_data.json (5.2 MB)
[acquire] blocked_r1_p11: D:\Dav\CodeHub\Agent\male-fruit-fly-brain-map\viz\export_data.py --regions visual_bilateral,ol_rest,central_brain,olfactory --visual-input dark --chem-input dangateA --plastic-mb --plastic-lr=-1e-6 --plastic-w0 0.03 --plastic-kcm-gain 0.015 --mbon-dan-gain 178 --plastic-dan-gate 150,0.05,400 --t-end 5000.0 --seed 953 --out D:\Dav\CodeHub\Agent\male-fruit-fly-brain-map\bci\dangate\outputs\_trial_blocked_r1_p11 --gpu --plastic-state-out D:\Dav\CodeHub\Agent\male-fruit-fly-brain-map\bci\dangate\outputs\states\blocked_r1_p11.npz --plastic-state-in D:\Dav\CodeHub\Agent\male-fruit-fly-brain-map\bci\dangate\outputs\states\blocked_r1_p10.npz
circuit cache: HIT circuit-693698e48fa257ee3380.npz (0.9 s)
regions: ON  = visual_bilateral, ol_rest, central_brain, olfactory
regions: OFF = audition, gustatory, proprioception, thermal, touch, vnc, vpn_central   <-- pass --regions to enable
plastic-mb: KCM split 33398 KC->MBON pairs (lr=-1e-06)
mbon-dan-gain: MBMD split 349 GABA MBON->DAN pairs from CEN_C (gain=178; 154 DAN_err cells)
dan-gate: monitoring DAN_err compartment (154 cells) -> 154 neurons, tau=150 ms, gain=0.05, t_ref=400 ms
kernel cache: HIT kernels-f69a8095937e227a8912.npz (0.1 s)
visual input: dark -> 1 frames @ 60.0 fps, 3377 photoreceptors sampled
chem: CEN[KCg-m@L] -> 687 neurons (KCg-m@L), 1600 pA x 1 pulses
chem: CEN[KCg-m@R] -> 652 neurons (KCg-m@R), 1600 pA x 1 pulses
chem: CEN[DAN_err] -> 154 neurons (DAN_err), 800 pA x 1 pulses
chem: CEN[KCg-m@L] -> 687 neurons (KCg-m@L), 1600 pA x 1 pulses
chem: CEN[KCg-m@R] -> 652 neurons (KCg-m@R), 1600 pA x 1 pulses
chem calibration: CEN_C recurrence gain -> 0.002 (chem-run working point, exp019)
simulating 5.0 s ...
plastic state IN KCM: w mean 0.1204 min 0.0300
GPU forward buffers: 256 records, 1367 MB on device
dan-gate: baseline r0 = 0.00 Hz
plastic result KCM: w_scale mean 0.1984 min 0.0300 floor-hit 0/33398 | elig max 40.6099
dan-gate: trace 10000 steps -> D:\Dav\CodeHub\Agent\male-fruit-fly-brain-map\bci\dangate\outputs\_trial_blocked_r1_p11\_dan_trace.npy | r max 10.0 Hz, r0 0.00 Hz, mod max 0.498, mod integral 932.5 ms
biology loop: 82 s (5000 records)
phi_scalp checksum: L2=3.107352e-04 (baseline A/B file: D:\Dav\CodeHub\Agent\male-fruit-fly-brain-map\bci\dangate\outputs\_trial_blocked_r1_p11\_debug_phi_scalp.npy)
background EEG: fly signal 0.11 uV vs bg 11.33 uV at 156 deg -> d'=2 needs ~45877 trials (band 2-20 Hz: ~137455)
stim view frames: D:\Dav\CodeHub\Agent\male-fruit-fly-brain-map\bci\dangate\outputs\_trial_blocked_r1_p11\stim_frames.bin (0.0 MB)
wrote D:\Dav\CodeHub\Agent\male-fruit-fly-brain-map\bci\dangate\outputs\_trial_blocked_r1_p11\viz_data.json (5.2 MB)
[acquire] blocked_r1_p12: D:\Dav\CodeHub\Agent\male-fruit-fly-brain-map\viz\export_data.py --regions visual_bilateral,ol_rest,central_brain,olfactory --visual-input dark --chem-input dangateA --plastic-mb --plastic-lr=-1e-6 --plastic-w0 0.03 --plastic-kcm-gain 0.015 --mbon-dan-gain 178 --plastic-dan-gate 150,0.05,400 --t-end 5000.0 --seed 954 --out D:\Dav\CodeHub\Agent\male-fruit-fly-brain-map\bci\dangate\outputs\_trial_blocked_r1_p12 --gpu --plastic-state-out D:\Dav\CodeHub\Agent\male-fruit-fly-brain-map\bci\dangate\outputs\states\blocked_r1_p12.npz --plastic-state-in D:\Dav\CodeHub\Agent\male-fruit-fly-brain-map\bci\dangate\outputs\states\blocked_r1_p11.npz
circuit cache: HIT circuit-693698e48fa257ee3380.npz (1.9 s)
regions: ON  = visual_bilateral, ol_rest, central_brain, olfactory
regions: OFF = audition, gustatory, proprioception, thermal, touch, vnc, vpn_central   <-- pass --regions to enable
plastic-mb: KCM split 33398 KC->MBON pairs (lr=-1e-06)
mbon-dan-gain: MBMD split 349 GABA MBON->DAN pairs from CEN_C (gain=178; 154 DAN_err cells)
dan-gate: monitoring DAN_err compartment (154 cells) -> 154 neurons, tau=150 ms, gain=0.05, t_ref=400 ms
kernel cache: HIT kernels-f69a8095937e227a8912.npz (1.1 s)
visual input: dark -> 1 frames @ 60.0 fps, 3377 photoreceptors sampled
chem: CEN[KCg-m@L] -> 687 neurons (KCg-m@L), 1600 pA x 1 pulses
chem: CEN[KCg-m@R] -> 652 neurons (KCg-m@R), 1600 pA x 1 pulses
chem: CEN[DAN_err] -> 154 neurons (DAN_err), 800 pA x 1 pulses
chem: CEN[KCg-m@L] -> 687 neurons (KCg-m@L), 1600 pA x 1 pulses
chem: CEN[KCg-m@R] -> 652 neurons (KCg-m@R), 1600 pA x 1 pulses
chem calibration: CEN_C recurrence gain -> 0.002 (chem-run working point, exp019)
simulating 5.0 s ...
plastic state IN KCM: w mean 0.1984 min 0.0300
GPU forward buffers: 256 records, 1367 MB on device
dan-gate: baseline r0 = 0.00 Hz
plastic result KCM: w_scale mean 0.2738 min 0.0300 floor-hit 0/33398 | elig max 40.2464
dan-gate: trace 10000 steps -> D:\Dav\CodeHub\Agent\male-fruit-fly-brain-map\bci\dangate\outputs\_trial_blocked_r1_p12\_dan_trace.npy | r max 9.7 Hz, r0 0.00 Hz, mod max 0.485, mod integral 888.0 ms
biology loop: 86 s (5000 records)
phi_scalp checksum: L2=2.997736e-04 (baseline A/B file: D:\Dav\CodeHub\Agent\male-fruit-fly-brain-map\bci\dangate\outputs\_trial_blocked_r1_p12\_debug_phi_scalp.npy)
background EEG: fly signal 0.09 uV vs bg 13.10 uV at 168 deg -> d'=2 needs ~93521 trials (band 2-20 Hz: ~193948)
stim view frames: D:\Dav\CodeHub\Agent\male-fruit-fly-brain-map\bci\dangate\outputs\_trial_blocked_r1_p12\stim_frames.bin (0.0 MB)
wrote D:\Dav\CodeHub\Agent\male-fruit-fly-brain-map\bci\dangate\outputs\_trial_blocked_r1_p12\viz_data.json (5.2 MB)
[acquire] blocked_r1_p13: D:\Dav\CodeHub\Agent\male-fruit-fly-brain-map\viz\export_data.py --regions visual_bilateral,ol_rest,central_brain,olfactory --visual-input dark --chem-input dangateA --plastic-mb --plastic-lr=-1e-6 --plastic-w0 0.03 --plastic-kcm-gain 0.015 --mbon-dan-gain 178 --plastic-dan-gate 150,0.05,400 --t-end 5000.0 --seed 955 --out D:\Dav\CodeHub\Agent\male-fruit-fly-brain-map\bci\dangate\outputs\_trial_blocked_r1_p13 --gpu --plastic-state-out D:\Dav\CodeHub\Agent\male-fruit-fly-brain-map\bci\dangate\outputs\states\blocked_r1_p13.npz --plastic-state-in D:\Dav\CodeHub\Agent\male-fruit-fly-brain-map\bci\dangate\outputs\states\blocked_r1_p12.npz
circuit cache: HIT circuit-693698e48fa257ee3380.npz (0.9 s)
regions: ON  = visual_bilateral, ol_rest, central_brain, olfactory
regions: OFF = audition, gustatory, proprioception, thermal, touch, vnc, vpn_central   <-- pass --regions to enable
plastic-mb: KCM split 33398 KC->MBON pairs (lr=-1e-06)
mbon-dan-gain: MBMD split 349 GABA MBON->DAN pairs from CEN_C (gain=178; 154 DAN_err cells)
dan-gate: monitoring DAN_err compartment (154 cells) -> 154 neurons, tau=150 ms, gain=0.05, t_ref=400 ms
kernel cache: HIT kernels-f69a8095937e227a8912.npz (0.1 s)
visual input: dark -> 1 frames @ 60.0 fps, 3377 photoreceptors sampled
chem: CEN[KCg-m@L] -> 687 neurons (KCg-m@L), 1600 pA x 1 pulses
chem: CEN[KCg-m@R] -> 652 neurons (KCg-m@R), 1600 pA x 1 pulses
chem: CEN[DAN_err] -> 154 neurons (DAN_err), 800 pA x 1 pulses
chem: CEN[KCg-m@L] -> 687 neurons (KCg-m@L), 1600 pA x 1 pulses
chem: CEN[KCg-m@R] -> 652 neurons (KCg-m@R), 1600 pA x 1 pulses
chem calibration: CEN_C recurrence gain -> 0.002 (chem-run working point, exp019)
simulating 5.0 s ...
plastic state IN KCM: w mean 0.2738 min 0.0300
GPU forward buffers: 256 records, 1367 MB on device
dan-gate: baseline r0 = 0.00 Hz
plastic result KCM: w_scale mean 0.3501 min 0.0300 floor-hit 0/33398 | elig max 40.6120
dan-gate: trace 10000 steps -> D:\Dav\CodeHub\Agent\male-fruit-fly-brain-map\bci\dangate\outputs\_trial_blocked_r1_p13\_dan_trace.npy | r max 9.9 Hz, r0 0.00 Hz, mod max 0.496, mod integral 904.5 ms
biology loop: 87 s (5000 records)
phi_scalp checksum: L2=2.756566e-04 (baseline A/B file: D:\Dav\CodeHub\Agent\male-fruit-fly-brain-map\bci\dangate\outputs\_trial_blocked_r1_p13\_debug_phi_scalp.npy)
background EEG: fly signal 0.15 uV vs bg 13.10 uV at 168 deg -> d'=2 needs ~30348 trials (band 2-20 Hz: ~140075)
stim view frames: D:\Dav\CodeHub\Agent\male-fruit-fly-brain-map\bci\dangate\outputs\_trial_blocked_r1_p13\stim_frames.bin (0.0 MB)
wrote D:\Dav\CodeHub\Agent\male-fruit-fly-brain-map\bci\dangate\outputs\_trial_blocked_r1_p13\viz_data.json (5.2 MB)
[acquire] blocked_r1_p20: D:\Dav\CodeHub\Agent\male-fruit-fly-brain-map\viz\export_data.py --regions visual_bilateral,ol_rest,central_brain,olfactory --visual-input dark --chem-input dangateAB --plastic-mb --plastic-lr=-1e-6 --plastic-w0 0.03 --plastic-kcm-gain 0.015 --mbon-dan-gain 178 --plastic-dan-gate 150,0.05,400 --t-end 5000.0 --seed 952 --out D:\Dav\CodeHub\Agent\male-fruit-fly-brain-map\bci\dangate\outputs\_trial_blocked_r1_p20 --gpu --plastic-state-out D:\Dav\CodeHub\Agent\male-fruit-fly-brain-map\bci\dangate\outputs\states\blocked_r1_p20.npz --plastic-state-in D:\Dav\CodeHub\Agent\male-fruit-fly-brain-map\bci\dangate\outputs\states\blocked_r1_p13.npz
circuit cache: HIT circuit-693698e48fa257ee3380.npz (0.9 s)
regions: ON  = visual_bilateral, ol_rest, central_brain, olfactory
regions: OFF = audition, gustatory, proprioception, thermal, touch, vnc, vpn_central   <-- pass --regions to enable
plastic-mb: KCM split 33398 KC->MBON pairs (lr=-1e-06)
mbon-dan-gain: MBMD split 349 GABA MBON->DAN pairs from CEN_C (gain=178; 154 DAN_err cells)
dan-gate: monitoring DAN_err compartment (154 cells) -> 154 neurons, tau=150 ms, gain=0.05, t_ref=400 ms
kernel cache: HIT kernels-f69a8095937e227a8912.npz (0.1 s)
visual input: dark -> 1 frames @ 60.0 fps, 3377 photoreceptors sampled
chem: CEN[KCg-m@L] -> 687 neurons (KCg-m@L), 1600 pA x 1 pulses
chem: CEN[KCg-m@R] -> 652 neurons (KCg-m@R), 1600 pA x 1 pulses
chem: CEN[DAN_err] -> 154 neurons (DAN_err), 800 pA x 1 pulses
chem: CEN[KCab-m@L] -> 307 neurons (KCab-m@L), 1600 pA x 1 pulses
chem: CEN[KCab-m@R] -> 223 neurons (KCab-m@R), 1600 pA x 1 pulses
chem: CEN[KCab-m@L] -> 307 neurons (KCab-m@L), 1600 pA x 1 pulses
chem: CEN[KCab-m@R] -> 223 neurons (KCab-m@R), 1600 pA x 1 pulses
chem calibration: CEN_C recurrence gain -> 0.002 (chem-run working point, exp019)
simulating 5.0 s ...
plastic state IN KCM: w mean 0.3501 min 0.0300
GPU forward buffers: 256 records, 1367 MB on device
dan-gate: baseline r0 = 0.00 Hz
plastic result KCM: w_scale mean 0.4252 min 0.0300 floor-hit 0/33398 | elig max 38.7541
dan-gate: trace 10000 steps -> D:\Dav\CodeHub\Agent\male-fruit-fly-brain-map\bci\dangate\outputs\_trial_blocked_r1_p20\_dan_trace.npy | r max 9.0 Hz, r0 0.00 Hz, mod max 0.450, mod integral 829.9 ms
biology loop: 90 s (5000 records)
phi_scalp checksum: L2=2.731142e-04 (baseline A/B file: D:\Dav\CodeHub\Agent\male-fruit-fly-brain-map\bci\dangate\outputs\_trial_blocked_r1_p20\_debug_phi_scalp.npy)
background EEG: fly signal 0.27 uV vs bg 11.33 uV at 156 deg -> d'=2 needs ~7176 trials (band 2-20 Hz: ~44232)
stim view frames: D:\Dav\CodeHub\Agent\male-fruit-fly-brain-map\bci\dangate\outputs\_trial_blocked_r1_p20\stim_frames.bin (0.0 MB)
wrote D:\Dav\CodeHub\Agent\male-fruit-fly-brain-map\bci\dangate\outputs\_trial_blocked_r1_p20\viz_data.json (5.2 MB)
[acquire] blocked_r1_p21: D:\Dav\CodeHub\Agent\male-fruit-fly-brain-map\viz\export_data.py --regions visual_bilateral,ol_rest,central_brain,olfactory --visual-input dark --chem-input dangateAB --plastic-mb --plastic-lr=-1e-6 --plastic-w0 0.03 --plastic-kcm-gain 0.015 --mbon-dan-gain 178 --plastic-dan-gate 150,0.05,400 --t-end 5000.0 --seed 953 --out D:\Dav\CodeHub\Agent\male-fruit-fly-brain-map\bci\dangate\outputs\_trial_blocked_r1_p21 --gpu --plastic-state-out D:\Dav\CodeHub\Agent\male-fruit-fly-brain-map\bci\dangate\outputs\states\blocked_r1_p21.npz --plastic-state-in D:\Dav\CodeHub\Agent\male-fruit-fly-brain-map\bci\dangate\outputs\states\blocked_r1_p20.npz
circuit cache: HIT circuit-693698e48fa257ee3380.npz (1.5 s)
regions: ON  = visual_bilateral, ol_rest, central_brain, olfactory
regions: OFF = audition, gustatory, proprioception, thermal, touch, vnc, vpn_central   <-- pass --regions to enable
plastic-mb: KCM split 33398 KC->MBON pairs (lr=-1e-06)
mbon-dan-gain: MBMD split 349 GABA MBON->DAN pairs from CEN_C (gain=178; 154 DAN_err cells)
dan-gate: monitoring DAN_err compartment (154 cells) -> 154 neurons, tau=150 ms, gain=0.05, t_ref=400 ms
kernel cache: HIT kernels-f69a8095937e227a8912.npz (1.9 s)
visual input: dark -> 1 frames @ 60.0 fps, 3377 photoreceptors sampled
chem: CEN[KCg-m@L] -> 687 neurons (KCg-m@L), 1600 pA x 1 pulses
chem: CEN[KCg-m@R] -> 652 neurons (KCg-m@R), 1600 pA x 1 pulses
chem: CEN[DAN_err] -> 154 neurons (DAN_err), 800 pA x 1 pulses
chem: CEN[KCab-m@L] -> 307 neurons (KCab-m@L), 1600 pA x 1 pulses
chem: CEN[KCab-m@R] -> 223 neurons (KCab-m@R), 1600 pA x 1 pulses
chem: CEN[KCab-m@L] -> 307 neurons (KCab-m@L), 1600 pA x 1 pulses
chem: CEN[KCab-m@R] -> 223 neurons (KCab-m@R), 1600 pA x 1 pulses
chem calibration: CEN_C recurrence gain -> 0.002 (chem-run working point, exp019)
simulating 5.0 s ...
plastic state IN KCM: w mean 0.4252 min 0.0300
GPU forward buffers: 256 records, 1367 MB on device
dan-gate: baseline r0 = 0.00 Hz
plastic result KCM: w_scale mean 0.4481 min 0.0300 floor-hit 0/33398 | elig max 38.7814
dan-gate: trace 10000 steps -> D:\Dav\CodeHub\Agent\male-fruit-fly-brain-map\bci\dangate\outputs\_trial_blocked_r1_p21\_dan_trace.npy | r max 9.1 Hz, r0 0.00 Hz, mod max 0.455, mod integral 830.2 ms
biology loop: 85 s (5000 records)
phi_scalp checksum: L2=2.645653e-04 (baseline A/B file: D:\Dav\CodeHub\Agent\male-fruit-fly-brain-map\bci\dangate\outputs\_trial_blocked_r1_p21\_debug_phi_scalp.npy)
background EEG: fly signal 0.29 uV vs bg 11.33 uV at 156 deg -> d'=2 needs ~6069 trials (band 2-20 Hz: ~39387)
stim view frames: D:\Dav\CodeHub\Agent\male-fruit-fly-brain-map\bci\dangate\outputs\_trial_blocked_r1_p21\stim_frames.bin (0.0 MB)
wrote D:\Dav\CodeHub\Agent\male-fruit-fly-brain-map\bci\dangate\outputs\_trial_blocked_r1_p21\viz_data.json (5.2 MB)
[acquire] blocked_r1_p22: D:\Dav\CodeHub\Agent\male-fruit-fly-brain-map\viz\export_data.py --regions visual_bilateral,ol_rest,central_brain,olfactory --visual-input dark --chem-input dangateAB --plastic-mb --plastic-lr=-1e-6 --plastic-w0 0.03 --plastic-kcm-gain 0.015 --mbon-dan-gain 178 --plastic-dan-gate 150,0.05,400 --t-end 5000.0 --seed 954 --out D:\Dav\CodeHub\Agent\male-fruit-fly-brain-map\bci\dangate\outputs\_trial_blocked_r1_p22 --gpu --plastic-state-out D:\Dav\CodeHub\Agent\male-fruit-fly-brain-map\bci\dangate\outputs\states\blocked_r1_p22.npz --plastic-state-in D:\Dav\CodeHub\Agent\male-fruit-fly-brain-map\bci\dangate\outputs\states\blocked_r1_p21.npz
circuit cache: HIT circuit-693698e48fa257ee3380.npz (1.8 s)
regions: ON  = visual_bilateral, ol_rest, central_brain, olfactory
regions: OFF = audition, gustatory, proprioception, thermal, touch, vnc, vpn_central   <-- pass --regions to enable
plastic-mb: KCM split 33398 KC->MBON pairs (lr=-1e-06)
mbon-dan-gain: MBMD split 349 GABA MBON->DAN pairs from CEN_C (gain=178; 154 DAN_err cells)
dan-gate: monitoring DAN_err compartment (154 cells) -> 154 neurons, tau=150 ms, gain=0.05, t_ref=400 ms
kernel cache: HIT kernels-f69a8095937e227a8912.npz (1.1 s)
visual input: dark -> 1 frames @ 60.0 fps, 3377 photoreceptors sampled
chem: CEN[KCg-m@L] -> 687 neurons (KCg-m@L), 1600 pA x 1 pulses
chem: CEN[KCg-m@R] -> 652 neurons (KCg-m@R), 1600 pA x 1 pulses
chem: CEN[DAN_err] -> 154 neurons (DAN_err), 800 pA x 1 pulses
chem: CEN[KCab-m@L] -> 307 neurons (KCab-m@L), 1600 pA x 1 pulses
chem: CEN[KCab-m@R] -> 223 neurons (KCab-m@R), 1600 pA x 1 pulses
chem: CEN[KCab-m@L] -> 307 neurons (KCab-m@L), 1600 pA x 1 pulses
chem: CEN[KCab-m@R] -> 223 neurons (KCab-m@R), 1600 pA x 1 pulses
chem calibration: CEN_C recurrence gain -> 0.002 (chem-run working point, exp019)
simulating 5.0 s ...
plastic state IN KCM: w mean 0.4481 min 0.0300
GPU forward buffers: 256 records, 1367 MB on device
dan-gate: baseline r0 = 0.00 Hz
plastic result KCM: w_scale mean 0.4705 min 0.0300 floor-hit 0/33398 | elig max 38.7761
dan-gate: trace 10000 steps -> D:\Dav\CodeHub\Agent\male-fruit-fly-brain-map\bci\dangate\outputs\_trial_blocked_r1_p22\_dan_trace.npy | r max 8.8 Hz, r0 0.00 Hz, mod max 0.440, mod integral 814.9 ms
biology loop: 90 s (5000 records)
phi_scalp checksum: L2=2.629302e-04 (baseline A/B file: D:\Dav\CodeHub\Agent\male-fruit-fly-brain-map\bci\dangate\outputs\_trial_blocked_r1_p22\_debug_phi_scalp.npy)
background EEG: fly signal 0.30 uV vs bg 11.33 uV at 156 deg -> d'=2 needs ~5725 trials (band 2-20 Hz: ~39726)
stim view frames: D:\Dav\CodeHub\Agent\male-fruit-fly-brain-map\bci\dangate\outputs\_trial_blocked_r1_p22\stim_frames.bin (0.0 MB)
wrote D:\Dav\CodeHub\Agent\male-fruit-fly-brain-map\bci\dangate\outputs\_trial_blocked_r1_p22\viz_data.json (5.2 MB)
[acquire] blocked_r1_p23: D:\Dav\CodeHub\Agent\male-fruit-fly-brain-map\viz\export_data.py --regions visual_bilateral,ol_rest,central_brain,olfactory --visual-input dark --chem-input dangateAB --plastic-mb --plastic-lr=-1e-6 --plastic-w0 0.03 --plastic-kcm-gain 0.015 --mbon-dan-gain 178 --plastic-dan-gate 150,0.05,400 --t-end 5000.0 --seed 955 --out D:\Dav\CodeHub\Agent\male-fruit-fly-brain-map\bci\dangate\outputs\_trial_blocked_r1_p23 --gpu --plastic-state-out D:\Dav\CodeHub\Agent\male-fruit-fly-brain-map\bci\dangate\outputs\states\blocked_r1_p23.npz --plastic-state-in D:\Dav\CodeHub\Agent\male-fruit-fly-brain-map\bci\dangate\outputs\states\blocked_r1_p22.npz
circuit cache: HIT circuit-693698e48fa257ee3380.npz (1.8 s)
regions: ON  = visual_bilateral, ol_rest, central_brain, olfactory
regions: OFF = audition, gustatory, proprioception, thermal, touch, vnc, vpn_central   <-- pass --regions to enable
plastic-mb: KCM split 33398 KC->MBON pairs (lr=-1e-06)
mbon-dan-gain: MBMD split 349 GABA MBON->DAN pairs from CEN_C (gain=178; 154 DAN_err cells)
dan-gate: monitoring DAN_err compartment (154 cells) -> 154 neurons, tau=150 ms, gain=0.05, t_ref=400 ms
kernel cache: HIT kernels-f69a8095937e227a8912.npz (0.1 s)
visual input: dark -> 1 frames @ 60.0 fps, 3377 photoreceptors sampled
chem: CEN[KCg-m@L] -> 687 neurons (KCg-m@L), 1600 pA x 1 pulses
chem: CEN[KCg-m@R] -> 652 neurons (KCg-m@R), 1600 pA x 1 pulses
chem: CEN[DAN_err] -> 154 neurons (DAN_err), 800 pA x 1 pulses
chem: CEN[KCab-m@L] -> 307 neurons (KCab-m@L), 1600 pA x 1 pulses
chem: CEN[KCab-m@R] -> 223 neurons (KCab-m@R), 1600 pA x 1 pulses
chem: CEN[KCab-m@L] -> 307 neurons (KCab-m@L), 1600 pA x 1 pulses
chem: CEN[KCab-m@R] -> 223 neurons (KCab-m@R), 1600 pA x 1 pulses
chem calibration: CEN_C recurrence gain -> 0.002 (chem-run working point, exp019)
simulating 5.0 s ...
plastic state IN KCM: w mean 0.4705 min 0.0300
GPU forward buffers: 256 records, 1367 MB on device
dan-gate: baseline r0 = 0.00 Hz
plastic result KCM: w_scale mean 0.4935 min 0.0300 floor-hit 0/33398 | elig max 38.8889
dan-gate: trace 10000 steps -> D:\Dav\CodeHub\Agent\male-fruit-fly-brain-map\bci\dangate\outputs\_trial_blocked_r1_p23\_dan_trace.npy | r max 9.2 Hz, r0 0.00 Hz, mod max 0.461, mod integral 841.9 ms
biology loop: 86 s (5000 records)
phi_scalp checksum: L2=2.645582e-04 (baseline A/B file: D:\Dav\CodeHub\Agent\male-fruit-fly-brain-map\bci\dangate\outputs\_trial_blocked_r1_p23\_debug_phi_scalp.npy)
background EEG: fly signal 0.33 uV vs bg 11.33 uV at 156 deg -> d'=2 needs ~4652 trials (band 2-20 Hz: ~26383)
stim view frames: D:\Dav\CodeHub\Agent\male-fruit-fly-brain-map\bci\dangate\outputs\_trial_blocked_r1_p23\stim_frames.bin (0.0 MB)
wrote D:\Dav\CodeHub\Agent\male-fruit-fly-brain-map\bci\dangate\outputs\_trial_blocked_r1_p23\viz_data.json (5.2 MB)
[acquire] blocked_r1_p24: D:\Dav\CodeHub\Agent\male-fruit-fly-brain-map\viz\export_data.py --regions visual_bilateral,ol_rest,central_brain,olfactory --visual-input dark --chem-input dangateAB --plastic-mb --plastic-lr=-1e-6 --plastic-w0 0.03 --plastic-kcm-gain 0.015 --mbon-dan-gain 178 --plastic-dan-gate 150,0.05,400 --t-end 5000.0 --seed 956 --out D:\Dav\CodeHub\Agent\male-fruit-fly-brain-map\bci\dangate\outputs\_trial_blocked_r1_p24 --gpu --plastic-state-out D:\Dav\CodeHub\Agent\male-fruit-fly-brain-map\bci\dangate\outputs\states\blocked_r1_p24.npz --plastic-state-in D:\Dav\CodeHub\Agent\male-fruit-fly-brain-map\bci\dangate\outputs\states\blocked_r1_p23.npz
circuit cache: HIT circuit-693698e48fa257ee3380.npz (0.9 s)
regions: ON  = visual_bilateral, ol_rest, central_brain, olfactory
regions: OFF = audition, gustatory, proprioception, thermal, touch, vnc, vpn_central   <-- pass --regions to enable
plastic-mb: KCM split 33398 KC->MBON pairs (lr=-1e-06)
mbon-dan-gain: MBMD split 349 GABA MBON->DAN pairs from CEN_C (gain=178; 154 DAN_err cells)
dan-gate: monitoring DAN_err compartment (154 cells) -> 154 neurons, tau=150 ms, gain=0.05, t_ref=400 ms
kernel cache: HIT kernels-f69a8095937e227a8912.npz (0.1 s)
visual input: dark -> 1 frames @ 60.0 fps, 3377 photoreceptors sampled
chem: CEN[KCg-m@L] -> 687 neurons (KCg-m@L), 1600 pA x 1 pulses
chem: CEN[KCg-m@R] -> 652 neurons (KCg-m@R), 1600 pA x 1 pulses
chem: CEN[DAN_err] -> 154 neurons (DAN_err), 800 pA x 1 pulses
chem: CEN[KCab-m@L] -> 307 neurons (KCab-m@L), 1600 pA x 1 pulses
chem: CEN[KCab-m@R] -> 223 neurons (KCab-m@R), 1600 pA x 1 pulses
chem: CEN[KCab-m@L] -> 307 neurons (KCab-m@L), 1600 pA x 1 pulses
chem: CEN[KCab-m@R] -> 223 neurons (KCab-m@R), 1600 pA x 1 pulses
chem calibration: CEN_C recurrence gain -> 0.002 (chem-run working point, exp019)
simulating 5.0 s ...
plastic state IN KCM: w mean 0.4935 min 0.0300
GPU forward buffers: 256 records, 1367 MB on device
dan-gate: baseline r0 = 0.00 Hz
plastic result KCM: w_scale mean 0.5157 min 0.0300 floor-hit 0/33398 | elig max 39.1348
dan-gate: trace 10000 steps -> D:\Dav\CodeHub\Agent\male-fruit-fly-brain-map\bci\dangate\outputs\_trial_blocked_r1_p24\_dan_trace.npy | r max 8.7 Hz, r0 0.00 Hz, mod max 0.437, mod integral 812.3 ms
biology loop: 54 s (5000 records)
phi_scalp checksum: L2=2.622319e-04 (baseline A/B file: D:\Dav\CodeHub\Agent\male-fruit-fly-brain-map\bci\dangate\outputs\_trial_blocked_r1_p24\_debug_phi_scalp.npy)
background EEG: fly signal 0.34 uV vs bg 11.33 uV at 156 deg -> d'=2 needs ~4348 trials (band 2-20 Hz: ~26130)
stim view frames: D:\Dav\CodeHub\Agent\male-fruit-fly-brain-map\bci\dangate\outputs\_trial_blocked_r1_p24\stim_frames.bin (0.0 MB)
wrote D:\Dav\CodeHub\Agent\male-fruit-fly-brain-map\bci\dangate\outputs\_trial_blocked_r1_p24\viz_data.json (5.2 MB)
[acquire] blocked_r1_p25: D:\Dav\CodeHub\Agent\male-fruit-fly-brain-map\viz\export_data.py --regions visual_bilateral,ol_rest,central_brain,olfactory --visual-input dark --chem-input dangateAB --plastic-mb --plastic-lr=-1e-6 --plastic-w0 0.03 --plastic-kcm-gain 0.015 --mbon-dan-gain 178 --plastic-dan-gate 150,0.05,400 --t-end 5000.0 --seed 957 --out D:\Dav\CodeHub\Agent\male-fruit-fly-brain-map\bci\dangate\outputs\_trial_blocked_r1_p25 --gpu --plastic-state-out D:\Dav\CodeHub\Agent\male-fruit-fly-brain-map\bci\dangate\outputs\states\blocked_r1_p25.npz --plastic-state-in D:\Dav\CodeHub\Agent\male-fruit-fly-brain-map\bci\dangate\outputs\states\blocked_r1_p24.npz
circuit cache: HIT circuit-693698e48fa257ee3380.npz (0.8 s)
regions: ON  = visual_bilateral, ol_rest, central_brain, olfactory
regions: OFF = audition, gustatory, proprioception, thermal, touch, vnc, vpn_central   <-- pass --regions to enable
plastic-mb: KCM split 33398 KC->MBON pairs (lr=-1e-06)
mbon-dan-gain: MBMD split 349 GABA MBON->DAN pairs from CEN_C (gain=178; 154 DAN_err cells)
dan-gate: monitoring DAN_err compartment (154 cells) -> 154 neurons, tau=150 ms, gain=0.05, t_ref=400 ms
kernel cache: HIT kernels-f69a8095937e227a8912.npz (0.1 s)
visual input: dark -> 1 frames @ 60.0 fps, 3377 photoreceptors sampled
chem: CEN[KCg-m@L] -> 687 neurons (KCg-m@L), 1600 pA x 1 pulses
chem: CEN[KCg-m@R] -> 652 neurons (KCg-m@R), 1600 pA x 1 pulses
chem: CEN[DAN_err] -> 154 neurons (DAN_err), 800 pA x 1 pulses
chem: CEN[KCab-m@L] -> 307 neurons (KCab-m@L), 1600 pA x 1 pulses
chem: CEN[KCab-m@R] -> 223 neurons (KCab-m@R), 1600 pA x 1 pulses
chem: CEN[KCab-m@L] -> 307 neurons (KCab-m@L), 1600 pA x 1 pulses
chem: CEN[KCab-m@R] -> 223 neurons (KCab-m@R), 1600 pA x 1 pulses
chem calibration: CEN_C recurrence gain -> 0.002 (chem-run working point, exp019)
simulating 5.0 s ...
plastic state IN KCM: w mean 0.5157 min 0.0300
GPU forward buffers: 256 records, 1367 MB on device
dan-gate: baseline r0 = 0.00 Hz
plastic result KCM: w_scale mean 0.5260 min 0.0300 floor-hit 0/33398 | elig max 38.9743
dan-gate: trace 10000 steps -> D:\Dav\CodeHub\Agent\male-fruit-fly-brain-map\bci\dangate\outputs\_trial_blocked_r1_p25\_dan_trace.npy | r max 8.9 Hz, r0 0.00 Hz, mod max 0.446, mod integral 814.9 ms
biology loop: 58 s (5000 records)
phi_scalp checksum: L2=2.610140e-04 (baseline A/B file: D:\Dav\CodeHub\Agent\male-fruit-fly-brain-map\bci\dangate\outputs\_trial_blocked_r1_p25\_debug_phi_scalp.npy)
background EEG: fly signal 0.35 uV vs bg 11.33 uV at 156 deg -> d'=2 needs ~4090 trials (band 2-20 Hz: ~25473)
stim view frames: D:\Dav\CodeHub\Agent\male-fruit-fly-brain-map\bci\dangate\outputs\_trial_blocked_r1_p25\stim_frames.bin (0.0 MB)
wrote D:\Dav\CodeHub\Agent\male-fruit-fly-brain-map\bci\dangate\outputs\_trial_blocked_r1_p25\viz_data.json (5.2 MB)
[acquire] control_r1_p10: D:\Dav\CodeHub\Agent\male-fruit-fly-brain-map\viz\export_data.py --regions visual_bilateral,ol_rest,central_brain,olfactory --visual-input dark --chem-input dangateC --plastic-mb --plastic-lr=-1e-6 --plastic-w0 0.03 --plastic-kcm-gain 0.015 --mbon-dan-gain 178 --plastic-dan-gate 150,0.05,400 --t-end 5000.0 --seed 1002 --out D:\Dav\CodeHub\Agent\male-fruit-fly-brain-map\bci\dangate\outputs\_trial_control_r1_p10 --gpu --plastic-state-out D:\Dav\CodeHub\Agent\male-fruit-fly-brain-map\bci\dangate\outputs\states\control_r1_p10.npz
circuit cache: HIT circuit-693698e48fa257ee3380.npz (2.0 s)
regions: ON  = visual_bilateral, ol_rest, central_brain, olfactory
regions: OFF = audition, gustatory, proprioception, thermal, touch, vnc, vpn_central   <-- pass --regions to enable
plastic-mb: KCM split 33398 KC->MBON pairs (lr=-1e-06)
mbon-dan-gain: MBMD split 349 GABA MBON->DAN pairs from CEN_C (gain=178; 154 DAN_err cells)
dan-gate: monitoring DAN_err compartment (154 cells) -> 154 neurons, tau=150 ms, gain=0.05, t_ref=400 ms
kernel cache: HIT kernels-f69a8095937e227a8912.npz (1.1 s)
visual input: dark -> 1 frames @ 60.0 fps, 3377 photoreceptors sampled
chem: CEN[KCab-s@L] -> 234 neurons (KCab-s@L), 1600 pA x 1 pulses
chem: CEN[KCab-s@R] -> 421 neurons (KCab-s@R), 1600 pA x 1 pulses
chem: CEN[DAN_err] -> 154 neurons (DAN_err), 800 pA x 1 pulses
chem: CEN[KCab-s@L] -> 234 neurons (KCab-s@L), 1600 pA x 1 pulses
chem: CEN[KCab-s@R] -> 421 neurons (KCab-s@R), 1600 pA x 1 pulses
chem calibration: CEN_C recurrence gain -> 0.002 (chem-run working point, exp019)
simulating 5.0 s ...
GPU forward buffers: 256 records, 1367 MB on device
dan-gate: baseline r0 = 0.00 Hz
plastic result KCM: w_scale mean 0.1055 min 0.0300 floor-hit 0/33398 | elig max 38.5213
dan-gate: trace 10000 steps -> D:\Dav\CodeHub\Agent\male-fruit-fly-brain-map\bci\dangate\outputs\_trial_control_r1_p10\_dan_trace.npy | r max 45.4 Hz, r0 0.00 Hz, mod max 1.000, mod integral 2164.3 ms
biology loop: 86 s (5000 records)
phi_scalp checksum: L2=2.692730e-04 (baseline A/B file: D:\Dav\CodeHub\Agent\male-fruit-fly-brain-map\bci\dangate\outputs\_trial_control_r1_p10\_debug_phi_scalp.npy)
background EEG: fly signal 0.16 uV vs bg 13.10 uV at 168 deg -> d'=2 needs ~26604 trials (band 2-20 Hz: ~507543)
stim view frames: D:\Dav\CodeHub\Agent\male-fruit-fly-brain-map\bci\dangate\outputs\_trial_control_r1_p10\stim_frames.bin (0.0 MB)
wrote D:\Dav\CodeHub\Agent\male-fruit-fly-brain-map\bci\dangate\outputs\_trial_control_r1_p10\viz_data.json (5.2 MB)
[acquire] control_r1_p11: D:\Dav\CodeHub\Agent\male-fruit-fly-brain-map\viz\export_data.py --regions visual_bilateral,ol_rest,central_brain,olfactory --visual-input dark --chem-input dangateC --plastic-mb --plastic-lr=-1e-6 --plastic-w0 0.03 --plastic-kcm-gain 0.015 --mbon-dan-gain 178 --plastic-dan-gate 150,0.05,400 --t-end 5000.0 --seed 1003 --out D:\Dav\CodeHub\Agent\male-fruit-fly-brain-map\bci\dangate\outputs\_trial_control_r1_p11 --gpu --plastic-state-out D:\Dav\CodeHub\Agent\male-fruit-fly-brain-map\bci\dangate\outputs\states\control_r1_p11.npz --plastic-state-in D:\Dav\CodeHub\Agent\male-fruit-fly-brain-map\bci\dangate\outputs\states\control_r1_p10.npz
circuit cache: HIT circuit-693698e48fa257ee3380.npz (0.9 s)
regions: ON  = visual_bilateral, ol_rest, central_brain, olfactory
regions: OFF = audition, gustatory, proprioception, thermal, touch, vnc, vpn_central   <-- pass --regions to enable
plastic-mb: KCM split 33398 KC->MBON pairs (lr=-1e-06)
mbon-dan-gain: MBMD split 349 GABA MBON->DAN pairs from CEN_C (gain=178; 154 DAN_err cells)
dan-gate: monitoring DAN_err compartment (154 cells) -> 154 neurons, tau=150 ms, gain=0.05, t_ref=400 ms
kernel cache: HIT kernels-f69a8095937e227a8912.npz (1.7 s)
visual input: dark -> 1 frames @ 60.0 fps, 3377 photoreceptors sampled
chem: CEN[KCab-s@L] -> 234 neurons (KCab-s@L), 1600 pA x 1 pulses
chem: CEN[KCab-s@R] -> 421 neurons (KCab-s@R), 1600 pA x 1 pulses
chem: CEN[DAN_err] -> 154 neurons (DAN_err), 800 pA x 1 pulses
chem: CEN[KCab-s@L] -> 234 neurons (KCab-s@L), 1600 pA x 1 pulses
chem: CEN[KCab-s@R] -> 421 neurons (KCab-s@R), 1600 pA x 1 pulses
chem calibration: CEN_C recurrence gain -> 0.002 (chem-run working point, exp019)
simulating 5.0 s ...
plastic state IN KCM: w mean 0.1055 min 0.0300
GPU forward buffers: 256 records, 1367 MB on device
dan-gate: baseline r0 = 0.00 Hz
plastic result KCM: w_scale mean 0.1800 min 0.0300 floor-hit 0/33398 | elig max 38.7596
dan-gate: trace 10000 steps -> D:\Dav\CodeHub\Agent\male-fruit-fly-brain-map\bci\dangate\outputs\_trial_control_r1_p11\_dan_trace.npy | r max 36.8 Hz, r0 0.00 Hz, mod max 1.000, mod integral 2123.7 ms
biology loop: 84 s (5000 records)
phi_scalp checksum: L2=2.544593e-04 (baseline A/B file: D:\Dav\CodeHub\Agent\male-fruit-fly-brain-map\bci\dangate\outputs\_trial_control_r1_p11\_debug_phi_scalp.npy)
background EEG: fly signal 0.16 uV vs bg 13.10 uV at 168 deg -> d'=2 needs ~25494 trials (band 2-20 Hz: ~530699)
stim view frames: D:\Dav\CodeHub\Agent\male-fruit-fly-brain-map\bci\dangate\outputs\_trial_control_r1_p11\stim_frames.bin (0.0 MB)
wrote D:\Dav\CodeHub\Agent\male-fruit-fly-brain-map\bci\dangate\outputs\_trial_control_r1_p11\viz_data.json (5.2 MB)
[acquire] control_r1_p12: D:\Dav\CodeHub\Agent\male-fruit-fly-brain-map\viz\export_data.py --regions visual_bilateral,ol_rest,central_brain,olfactory --visual-input dark --chem-input dangateC --plastic-mb --plastic-lr=-1e-6 --plastic-w0 0.03 --plastic-kcm-gain 0.015 --mbon-dan-gain 178 --plastic-dan-gate 150,0.05,400 --t-end 5000.0 --seed 1004 --out D:\Dav\CodeHub\Agent\male-fruit-fly-brain-map\bci\dangate\outputs\_trial_control_r1_p12 --gpu --plastic-state-out D:\Dav\CodeHub\Agent\male-fruit-fly-brain-map\bci\dangate\outputs\states\control_r1_p12.npz --plastic-state-in D:\Dav\CodeHub\Agent\male-fruit-fly-brain-map\bci\dangate\outputs\states\control_r1_p11.npz
circuit cache: HIT circuit-693698e48fa257ee3380.npz (1.9 s)
regions: ON  = visual_bilateral, ol_rest, central_brain, olfactory
regions: OFF = audition, gustatory, proprioception, thermal, touch, vnc, vpn_central   <-- pass --regions to enable
plastic-mb: KCM split 33398 KC->MBON pairs (lr=-1e-06)
mbon-dan-gain: MBMD split 349 GABA MBON->DAN pairs from CEN_C (gain=178; 154 DAN_err cells)
dan-gate: monitoring DAN_err compartment (154 cells) -> 154 neurons, tau=150 ms, gain=0.05, t_ref=400 ms
kernel cache: HIT kernels-f69a8095937e227a8912.npz (0.1 s)
visual input: dark -> 1 frames @ 60.0 fps, 3377 photoreceptors sampled
chem: CEN[KCab-s@L] -> 234 neurons (KCab-s@L), 1600 pA x 1 pulses
chem: CEN[KCab-s@R] -> 421 neurons (KCab-s@R), 1600 pA x 1 pulses
chem: CEN[DAN_err] -> 154 neurons (DAN_err), 800 pA x 1 pulses
chem: CEN[KCab-s@L] -> 234 neurons (KCab-s@L), 1600 pA x 1 pulses
chem: CEN[KCab-s@R] -> 421 neurons (KCab-s@R), 1600 pA x 1 pulses
chem calibration: CEN_C recurrence gain -> 0.002 (chem-run working point, exp019)
simulating 5.0 s ...
plastic state IN KCM: w mean 0.1800 min 0.0300
GPU forward buffers: 256 records, 1367 MB on device
dan-gate: baseline r0 = 0.00 Hz
plastic result KCM: w_scale mean 0.1947 min 0.0300 floor-hit 0/33398 | elig max 38.7994
dan-gate: trace 10000 steps -> D:\Dav\CodeHub\Agent\male-fruit-fly-brain-map\bci\dangate\outputs\_trial_control_r1_p12\_dan_trace.npy | r max 36.1 Hz, r0 0.00 Hz, mod max 1.000, mod integral 2107.7 ms
biology loop: 77 s (5000 records)
phi_scalp checksum: L2=2.426133e-04 (baseline A/B file: D:\Dav\CodeHub\Agent\male-fruit-fly-brain-map\bci\dangate\outputs\_trial_control_r1_p12\_debug_phi_scalp.npy)
background EEG: fly signal 0.11 uV vs bg 13.10 uV at 168 deg -> d'=2 needs ~52908 trials (band 2-20 Hz: ~675824)
stim view frames: D:\Dav\CodeHub\Agent\male-fruit-fly-brain-map\bci\dangate\outputs\_trial_control_r1_p12\stim_frames.bin (0.0 MB)
wrote D:\Dav\CodeHub\Agent\male-fruit-fly-brain-map\bci\dangate\outputs\_trial_control_r1_p12\viz_data.json (5.2 MB)
[acquire] control_r1_p13: D:\Dav\CodeHub\Agent\male-fruit-fly-brain-map\viz\export_data.py --regions visual_bilateral,ol_rest,central_brain,olfactory --visual-input dark --chem-input dangateC --plastic-mb --plastic-lr=-1e-6 --plastic-w0 0.03 --plastic-kcm-gain 0.015 --mbon-dan-gain 178 --plastic-dan-gate 150,0.05,400 --t-end 5000.0 --seed 1005 --out D:\Dav\CodeHub\Agent\male-fruit-fly-brain-map\bci\dangate\outputs\_trial_control_r1_p13 --gpu --plastic-state-out D:\Dav\CodeHub\Agent\male-fruit-fly-brain-map\bci\dangate\outputs\states\control_r1_p13.npz --plastic-state-in D:\Dav\CodeHub\Agent\male-fruit-fly-brain-map\bci\dangate\outputs\states\control_r1_p12.npz
circuit cache: HIT circuit-693698e48fa257ee3380.npz (1.9 s)
regions: ON  = visual_bilateral, ol_rest, central_brain, olfactory
regions: OFF = audition, gustatory, proprioception, thermal, touch, vnc, vpn_central   <-- pass --regions to enable
plastic-mb: KCM split 33398 KC->MBON pairs (lr=-1e-06)
mbon-dan-gain: MBMD split 349 GABA MBON->DAN pairs from CEN_C (gain=178; 154 DAN_err cells)
dan-gate: monitoring DAN_err compartment (154 cells) -> 154 neurons, tau=150 ms, gain=0.05, t_ref=400 ms
kernel cache: HIT kernels-f69a8095937e227a8912.npz (2.1 s)
visual input: dark -> 1 frames @ 60.0 fps, 3377 photoreceptors sampled
chem: CEN[KCab-s@L] -> 234 neurons (KCab-s@L), 1600 pA x 1 pulses
chem: CEN[KCab-s@R] -> 421 neurons (KCab-s@R), 1600 pA x 1 pulses
chem: CEN[DAN_err] -> 154 neurons (DAN_err), 800 pA x 1 pulses
chem: CEN[KCab-s@L] -> 234 neurons (KCab-s@L), 1600 pA x 1 pulses
chem: CEN[KCab-s@R] -> 421 neurons (KCab-s@R), 1600 pA x 1 pulses
chem calibration: CEN_C recurrence gain -> 0.002 (chem-run working point, exp019)
simulating 5.0 s ...
plastic state IN KCM: w mean 0.1947 min 0.0300
GPU forward buffers: 256 records, 1367 MB on device
dan-gate: baseline r0 = 0.00 Hz
plastic result KCM: w_scale mean 0.1980 min 0.0300 floor-hit 0/33398 | elig max 38.6772
dan-gate: trace 10000 steps -> D:\Dav\CodeHub\Agent\male-fruit-fly-brain-map\bci\dangate\outputs\_trial_control_r1_p13\_dan_trace.npy | r max 32.7 Hz, r0 0.00 Hz, mod max 1.000, mod integral 2100.9 ms
biology loop: 75 s (5000 records)
phi_scalp checksum: L2=2.429118e-04 (baseline A/B file: D:\Dav\CodeHub\Agent\male-fruit-fly-brain-map\bci\dangate\outputs\_trial_control_r1_p13\_debug_phi_scalp.npy)
background EEG: fly signal 0.16 uV vs bg 13.90 uV at 174 deg -> d'=2 needs ~28580 trials (band 2-20 Hz: ~603327)
stim view frames: D:\Dav\CodeHub\Agent\male-fruit-fly-brain-map\bci\dangate\outputs\_trial_control_r1_p13\stim_frames.bin (0.0 MB)
wrote D:\Dav\CodeHub\Agent\male-fruit-fly-brain-map\bci\dangate\outputs\_trial_control_r1_p13\viz_data.json (5.2 MB)
[acquire] control_r1_p20: D:\Dav\CodeHub\Agent\male-fruit-fly-brain-map\viz\export_data.py --regions visual_bilateral,ol_rest,central_brain,olfactory --visual-input dark --chem-input dangateAB --plastic-mb --plastic-lr=-1e-6 --plastic-w0 0.03 --plastic-kcm-gain 0.015 --mbon-dan-gain 178 --plastic-dan-gate 150,0.05,400 --t-end 5000.0 --seed 1002 --out D:\Dav\CodeHub\Agent\male-fruit-fly-brain-map\bci\dangate\outputs\_trial_control_r1_p20 --gpu --plastic-state-out D:\Dav\CodeHub\Agent\male-fruit-fly-brain-map\bci\dangate\outputs\states\control_r1_p20.npz --plastic-state-in D:\Dav\CodeHub\Agent\male-fruit-fly-brain-map\bci\dangate\outputs\states\control_r1_p13.npz
circuit cache: HIT circuit-693698e48fa257ee3380.npz (0.9 s)
regions: ON  = visual_bilateral, ol_rest, central_brain, olfactory
regions: OFF = audition, gustatory, proprioception, thermal, touch, vnc, vpn_central   <-- pass --regions to enable
plastic-mb: KCM split 33398 KC->MBON pairs (lr=-1e-06)
mbon-dan-gain: MBMD split 349 GABA MBON->DAN pairs from CEN_C (gain=178; 154 DAN_err cells)
dan-gate: monitoring DAN_err compartment (154 cells) -> 154 neurons, tau=150 ms, gain=0.05, t_ref=400 ms
kernel cache: HIT kernels-f69a8095937e227a8912.npz (1.8 s)
visual input: dark -> 1 frames @ 60.0 fps, 3377 photoreceptors sampled
chem: CEN[KCg-m@L] -> 687 neurons (KCg-m@L), 1600 pA x 1 pulses
chem: CEN[KCg-m@R] -> 652 neurons (KCg-m@R), 1600 pA x 1 pulses
chem: CEN[DAN_err] -> 154 neurons (DAN_err), 800 pA x 1 pulses
chem: CEN[KCab-m@L] -> 307 neurons (KCab-m@L), 1600 pA x 1 pulses
chem: CEN[KCab-m@R] -> 223 neurons (KCab-m@R), 1600 pA x 1 pulses
chem: CEN[KCab-m@L] -> 307 neurons (KCab-m@L), 1600 pA x 1 pulses
chem: CEN[KCab-m@R] -> 223 neurons (KCab-m@R), 1600 pA x 1 pulses
chem calibration: CEN_C recurrence gain -> 0.002 (chem-run working point, exp019)
simulating 5.0 s ...
plastic state IN KCM: w mean 0.1980 min 0.0300
GPU forward buffers: 256 records, 1367 MB on device
dan-gate: baseline r0 = 0.00 Hz
plastic result KCM: w_scale mean 0.3045 min 0.0300 floor-hit 0/33398 | elig max 38.7417
dan-gate: trace 10000 steps -> D:\Dav\CodeHub\Agent\male-fruit-fly-brain-map\bci\dangate\outputs\_trial_control_r1_p20\_dan_trace.npy | r max 12.5 Hz, r0 0.00 Hz, mod max 0.626, mod integral 1043.8 ms
biology loop: 83 s (5000 records)
phi_scalp checksum: L2=3.278455e-04 (baseline A/B file: D:\Dav\CodeHub\Agent\male-fruit-fly-brain-map\bci\dangate\outputs\_trial_control_r1_p20\_debug_phi_scalp.npy)
background EEG: fly signal 0.14 uV vs bg 11.33 uV at 156 deg -> d'=2 needs ~26262 trials (band 2-20 Hz: ~135420)
stim view frames: D:\Dav\CodeHub\Agent\male-fruit-fly-brain-map\bci\dangate\outputs\_trial_control_r1_p20\stim_frames.bin (0.0 MB)
wrote D:\Dav\CodeHub\Agent\male-fruit-fly-brain-map\bci\dangate\outputs\_trial_control_r1_p20\viz_data.json (5.2 MB)
[acquire] control_r1_p21: D:\Dav\CodeHub\Agent\male-fruit-fly-brain-map\viz\export_data.py --regions visual_bilateral,ol_rest,central_brain,olfactory --visual-input dark --chem-input dangateAB --plastic-mb --plastic-lr=-1e-6 --plastic-w0 0.03 --plastic-kcm-gain 0.015 --mbon-dan-gain 178 --plastic-dan-gate 150,0.05,400 --t-end 5000.0 --seed 1003 --out D:\Dav\CodeHub\Agent\male-fruit-fly-brain-map\bci\dangate\outputs\_trial_control_r1_p21 --gpu --plastic-state-out D:\Dav\CodeHub\Agent\male-fruit-fly-brain-map\bci\dangate\outputs\states\control_r1_p21.npz --plastic-state-in D:\Dav\CodeHub\Agent\male-fruit-fly-brain-map\bci\dangate\outputs\states\control_r1_p20.npz
circuit cache: HIT circuit-693698e48fa257ee3380.npz (1.0 s)
regions: ON  = visual_bilateral, ol_rest, central_brain, olfactory
regions: OFF = audition, gustatory, proprioception, thermal, touch, vnc, vpn_central   <-- pass --regions to enable
plastic-mb: KCM split 33398 KC->MBON pairs (lr=-1e-06)
mbon-dan-gain: MBMD split 349 GABA MBON->DAN pairs from CEN_C (gain=178; 154 DAN_err cells)
dan-gate: monitoring DAN_err compartment (154 cells) -> 154 neurons, tau=150 ms, gain=0.05, t_ref=400 ms
kernel cache: HIT kernels-f69a8095937e227a8912.npz (1.7 s)
visual input: dark -> 1 frames @ 60.0 fps, 3377 photoreceptors sampled
chem: CEN[KCg-m@L] -> 687 neurons (KCg-m@L), 1600 pA x 1 pulses
chem: CEN[KCg-m@R] -> 652 neurons (KCg-m@R), 1600 pA x 1 pulses
chem: CEN[DAN_err] -> 154 neurons (DAN_err), 800 pA x 1 pulses
chem: CEN[KCab-m@L] -> 307 neurons (KCab-m@L), 1600 pA x 1 pulses
chem: CEN[KCab-m@R] -> 223 neurons (KCab-m@R), 1600 pA x 1 pulses
chem: CEN[KCab-m@L] -> 307 neurons (KCab-m@L), 1600 pA x 1 pulses
chem: CEN[KCab-m@R] -> 223 neurons (KCab-m@R), 1600 pA x 1 pulses
chem calibration: CEN_C recurrence gain -> 0.002 (chem-run working point, exp019)
simulating 5.0 s ...
plastic state IN KCM: w mean 0.3045 min 0.0300
GPU forward buffers: 256 records, 1367 MB on device
dan-gate: baseline r0 = 0.00 Hz
plastic result KCM: w_scale mean 0.4013 min 0.0300 floor-hit 0/33398 | elig max 38.7922
dan-gate: trace 10000 steps -> D:\Dav\CodeHub\Agent\male-fruit-fly-brain-map\bci\dangate\outputs\_trial_control_r1_p21\_dan_trace.npy | r max 9.8 Hz, r0 0.00 Hz, mod max 0.492, mod integral 911.4 ms
biology loop: 73 s (5000 records)
phi_scalp checksum: L2=3.135549e-04 (baseline A/B file: D:\Dav\CodeHub\Agent\male-fruit-fly-brain-map\bci\dangate\outputs\_trial_control_r1_p21\_debug_phi_scalp.npy)
background EEG: fly signal 0.10 uV vs bg 11.33 uV at 156 deg -> d'=2 needs ~48855 trials (band 2-20 Hz: ~146078)
stim view frames: D:\Dav\CodeHub\Agent\male-fruit-fly-brain-map\bci\dangate\outputs\_trial_control_r1_p21\stim_frames.bin (0.0 MB)
wrote D:\Dav\CodeHub\Agent\male-fruit-fly-brain-map\bci\dangate\outputs\_trial_control_r1_p21\viz_data.json (5.2 MB)
[acquire] control_r1_p22: D:\Dav\CodeHub\Agent\male-fruit-fly-brain-map\viz\export_data.py --regions visual_bilateral,ol_rest,central_brain,olfactory --visual-input dark --chem-input dangateAB --plastic-mb --plastic-lr=-1e-6 --plastic-w0 0.03 --plastic-kcm-gain 0.015 --mbon-dan-gain 178 --plastic-dan-gate 150,0.05,400 --t-end 5000.0 --seed 1004 --out D:\Dav\CodeHub\Agent\male-fruit-fly-brain-map\bci\dangate\outputs\_trial_control_r1_p22 --gpu --plastic-state-out D:\Dav\CodeHub\Agent\male-fruit-fly-brain-map\bci\dangate\outputs\states\control_r1_p22.npz --plastic-state-in D:\Dav\CodeHub\Agent\male-fruit-fly-brain-map\bci\dangate\outputs\states\control_r1_p21.npz
circuit cache: HIT circuit-693698e48fa257ee3380.npz (1.8 s)
regions: ON  = visual_bilateral, ol_rest, central_brain, olfactory
regions: OFF = audition, gustatory, proprioception, thermal, touch, vnc, vpn_central   <-- pass --regions to enable
plastic-mb: KCM split 33398 KC->MBON pairs (lr=-1e-06)
mbon-dan-gain: MBMD split 349 GABA MBON->DAN pairs from CEN_C (gain=178; 154 DAN_err cells)
dan-gate: monitoring DAN_err compartment (154 cells) -> 154 neurons, tau=150 ms, gain=0.05, t_ref=400 ms
kernel cache: HIT kernels-f69a8095937e227a8912.npz (0.1 s)
visual input: dark -> 1 frames @ 60.0 fps, 3377 photoreceptors sampled
chem: CEN[KCg-m@L] -> 687 neurons (KCg-m@L), 1600 pA x 1 pulses
chem: CEN[KCg-m@R] -> 652 neurons (KCg-m@R), 1600 pA x 1 pulses
chem: CEN[DAN_err] -> 154 neurons (DAN_err), 800 pA x 1 pulses
chem: CEN[KCab-m@L] -> 307 neurons (KCab-m@L), 1600 pA x 1 pulses
chem: CEN[KCab-m@R] -> 223 neurons (KCab-m@R), 1600 pA x 1 pulses
chem: CEN[KCab-m@L] -> 307 neurons (KCab-m@L), 1600 pA x 1 pulses
chem: CEN[KCab-m@R] -> 223 neurons (KCab-m@R), 1600 pA x 1 pulses
chem calibration: CEN_C recurrence gain -> 0.002 (chem-run working point, exp019)
simulating 5.0 s ...
plastic state IN KCM: w mean 0.4013 min 0.0300
GPU forward buffers: 256 records, 1367 MB on device
dan-gate: baseline r0 = 0.00 Hz
plastic result KCM: w_scale mean 0.4968 min 0.0300 floor-hit 0/33398 | elig max 38.8078
dan-gate: trace 10000 steps -> D:\Dav\CodeHub\Agent\male-fruit-fly-brain-map\bci\dangate\outputs\_trial_control_r1_p22\_dan_trace.npy | r max 9.6 Hz, r0 0.00 Hz, mod max 0.480, mod integral 887.3 ms
biology loop: 53 s (5000 records)
phi_scalp checksum: L2=2.965222e-04 (baseline A/B file: D:\Dav\CodeHub\Agent\male-fruit-fly-brain-map\bci\dangate\outputs\_trial_control_r1_p22\_debug_phi_scalp.npy)
background EEG: fly signal 0.12 uV vs bg 11.33 uV at 156 deg -> d'=2 needs ~34671 trials (band 2-20 Hz: ~92676)
stim view frames: D:\Dav\CodeHub\Agent\male-fruit-fly-brain-map\bci\dangate\outputs\_trial_control_r1_p22\stim_frames.bin (0.0 MB)
wrote D:\Dav\CodeHub\Agent\male-fruit-fly-brain-map\bci\dangate\outputs\_trial_control_r1_p22\viz_data.json (5.2 MB)
[acquire] control_r1_p23: D:\Dav\CodeHub\Agent\male-fruit-fly-brain-map\viz\export_data.py --regions visual_bilateral,ol_rest,central_brain,olfactory --visual-input dark --chem-input dangateAB --plastic-mb --plastic-lr=-1e-6 --plastic-w0 0.03 --plastic-kcm-gain 0.015 --mbon-dan-gain 178 --plastic-dan-gate 150,0.05,400 --t-end 5000.0 --seed 1005 --out D:\Dav\CodeHub\Agent\male-fruit-fly-brain-map\bci\dangate\outputs\_trial_control_r1_p23 --gpu --plastic-state-out D:\Dav\CodeHub\Agent\male-fruit-fly-brain-map\bci\dangate\outputs\states\control_r1_p23.npz --plastic-state-in D:\Dav\CodeHub\Agent\male-fruit-fly-brain-map\bci\dangate\outputs\states\control_r1_p22.npz
circuit cache: HIT circuit-693698e48fa257ee3380.npz (0.8 s)
regions: ON  = visual_bilateral, ol_rest, central_brain, olfactory
regions: OFF = audition, gustatory, proprioception, thermal, touch, vnc, vpn_central   <-- pass --regions to enable
plastic-mb: KCM split 33398 KC->MBON pairs (lr=-1e-06)
mbon-dan-gain: MBMD split 349 GABA MBON->DAN pairs from CEN_C (gain=178; 154 DAN_err cells)
dan-gate: monitoring DAN_err compartment (154 cells) -> 154 neurons, tau=150 ms, gain=0.05, t_ref=400 ms
kernel cache: HIT kernels-f69a8095937e227a8912.npz (0.1 s)
visual input: dark -> 1 frames @ 60.0 fps, 3377 photoreceptors sampled
chem: CEN[KCg-m@L] -> 687 neurons (KCg-m@L), 1600 pA x 1 pulses
chem: CEN[KCg-m@R] -> 652 neurons (KCg-m@R), 1600 pA x 1 pulses
chem: CEN[DAN_err] -> 154 neurons (DAN_err), 800 pA x 1 pulses
chem: CEN[KCab-m@L] -> 307 neurons (KCab-m@L), 1600 pA x 1 pulses
chem: CEN[KCab-m@R] -> 223 neurons (KCab-m@R), 1600 pA x 1 pulses
chem: CEN[KCab-m@L] -> 307 neurons (KCab-m@L), 1600 pA x 1 pulses
chem: CEN[KCab-m@R] -> 223 neurons (KCab-m@R), 1600 pA x 1 pulses
chem calibration: CEN_C recurrence gain -> 0.002 (chem-run working point, exp019)
simulating 5.0 s ...
plastic state IN KCM: w mean 0.4968 min 0.0300
GPU forward buffers: 256 records, 1367 MB on device
dan-gate: baseline r0 = 0.00 Hz
plastic result KCM: w_scale mean 0.5892 min 0.0300 floor-hit 0/33398 | elig max 38.8320
dan-gate: trace 10000 steps -> D:\Dav\CodeHub\Agent\male-fruit-fly-brain-map\bci\dangate\outputs\_trial_control_r1_p23\_dan_trace.npy | r max 9.4 Hz, r0 0.00 Hz, mod max 0.472, mod integral 861.7 ms
biology loop: 51 s (5000 records)
phi_scalp checksum: L2=2.815032e-04 (baseline A/B file: D:\Dav\CodeHub\Agent\male-fruit-fly-brain-map\bci\dangate\outputs\_trial_control_r1_p23\_debug_phi_scalp.npy)
background EEG: fly signal 0.24 uV vs bg 11.33 uV at 156 deg -> d'=2 needs ~9165 trials (band 2-20 Hz: ~40109)
stim view frames: D:\Dav\CodeHub\Agent\male-fruit-fly-brain-map\bci\dangate\outputs\_trial_control_r1_p23\stim_frames.bin (0.0 MB)
wrote D:\Dav\CodeHub\Agent\male-fruit-fly-brain-map\bci\dangate\outputs\_trial_control_r1_p23\viz_data.json (5.2 MB)
[acquire] control_r1_p24: D:\Dav\CodeHub\Agent\male-fruit-fly-brain-map\viz\export_data.py --regions visual_bilateral,ol_rest,central_brain,olfactory --visual-input dark --chem-input dangateAB --plastic-mb --plastic-lr=-1e-6 --plastic-w0 0.03 --plastic-kcm-gain 0.015 --mbon-dan-gain 178 --plastic-dan-gate 150,0.05,400 --t-end 5000.0 --seed 1006 --out D:\Dav\CodeHub\Agent\male-fruit-fly-brain-map\bci\dangate\outputs\_trial_control_r1_p24 --gpu --plastic-state-out D:\Dav\CodeHub\Agent\male-fruit-fly-brain-map\bci\dangate\outputs\states\control_r1_p24.npz --plastic-state-in D:\Dav\CodeHub\Agent\male-fruit-fly-brain-map\bci\dangate\outputs\states\control_r1_p23.npz
circuit cache: HIT circuit-693698e48fa257ee3380.npz (0.8 s)
regions: ON  = visual_bilateral, ol_rest, central_brain, olfactory
regions: OFF = audition, gustatory, proprioception, thermal, touch, vnc, vpn_central   <-- pass --regions to enable
plastic-mb: KCM split 33398 KC->MBON pairs (lr=-1e-06)
mbon-dan-gain: MBMD split 349 GABA MBON->DAN pairs from CEN_C (gain=178; 154 DAN_err cells)
dan-gate: monitoring DAN_err compartment (154 cells) -> 154 neurons, tau=150 ms, gain=0.05, t_ref=400 ms
kernel cache: HIT kernels-f69a8095937e227a8912.npz (0.1 s)
visual input: dark -> 1 frames @ 60.0 fps, 3377 photoreceptors sampled
chem: CEN[KCg-m@L] -> 687 neurons (KCg-m@L), 1600 pA x 1 pulses
chem: CEN[KCg-m@R] -> 652 neurons (KCg-m@R), 1600 pA x 1 pulses
chem: CEN[DAN_err] -> 154 neurons (DAN_err), 800 pA x 1 pulses
chem: CEN[KCab-m@L] -> 307 neurons (KCab-m@L), 1600 pA x 1 pulses
chem: CEN[KCab-m@R] -> 223 neurons (KCab-m@R), 1600 pA x 1 pulses
chem: CEN[KCab-m@L] -> 307 neurons (KCab-m@L), 1600 pA x 1 pulses
chem: CEN[KCab-m@R] -> 223 neurons (KCab-m@R), 1600 pA x 1 pulses
chem calibration: CEN_C recurrence gain -> 0.002 (chem-run working point, exp019)
simulating 5.0 s ...
plastic state IN KCM: w mean 0.5892 min 0.0300
GPU forward buffers: 256 records, 1367 MB on device
dan-gate: baseline r0 = 0.00 Hz
plastic result KCM: w_scale mean 0.6670 min 0.0300 floor-hit 0/33398 | elig max 38.7747
dan-gate: trace 10000 steps -> D:\Dav\CodeHub\Agent\male-fruit-fly-brain-map\bci\dangate\outputs\_trial_control_r1_p24\_dan_trace.npy | r max 9.2 Hz, r0 0.00 Hz, mod max 0.462, mod integral 850.3 ms
biology loop: 51 s (5000 records)
phi_scalp checksum: L2=2.665300e-04 (baseline A/B file: D:\Dav\CodeHub\Agent\male-fruit-fly-brain-map\bci\dangate\outputs\_trial_control_r1_p24\_debug_phi_scalp.npy)
background EEG: fly signal 0.33 uV vs bg 11.33 uV at 156 deg -> d'=2 needs ~4634 trials (band 2-20 Hz: ~28953)
stim view frames: D:\Dav\CodeHub\Agent\male-fruit-fly-brain-map\bci\dangate\outputs\_trial_control_r1_p24\stim_frames.bin (0.0 MB)
wrote D:\Dav\CodeHub\Agent\male-fruit-fly-brain-map\bci\dangate\outputs\_trial_control_r1_p24\viz_data.json (5.2 MB)
[acquire] control_r1_p25: D:\Dav\CodeHub\Agent\male-fruit-fly-brain-map\viz\export_data.py --regions visual_bilateral,ol_rest,central_brain,olfactory --visual-input dark --chem-input dangateAB --plastic-mb --plastic-lr=-1e-6 --plastic-w0 0.03 --plastic-kcm-gain 0.015 --mbon-dan-gain 178 --plastic-dan-gate 150,0.05,400 --t-end 5000.0 --seed 1007 --out D:\Dav\CodeHub\Agent\male-fruit-fly-brain-map\bci\dangate\outputs\_trial_control_r1_p25 --gpu --plastic-state-out D:\Dav\CodeHub\Agent\male-fruit-fly-brain-map\bci\dangate\outputs\states\control_r1_p25.npz --plastic-state-in D:\Dav\CodeHub\Agent\male-fruit-fly-brain-map\bci\dangate\outputs\states\control_r1_p24.npz
circuit cache: HIT circuit-693698e48fa257ee3380.npz (0.8 s)
regions: ON  = visual_bilateral, ol_rest, central_brain, olfactory
regions: OFF = audition, gustatory, proprioception, thermal, touch, vnc, vpn_central   <-- pass --regions to enable
plastic-mb: KCM split 33398 KC->MBON pairs (lr=-1e-06)
mbon-dan-gain: MBMD split 349 GABA MBON->DAN pairs from CEN_C (gain=178; 154 DAN_err cells)
dan-gate: monitoring DAN_err compartment (154 cells) -> 154 neurons, tau=150 ms, gain=0.05, t_ref=400 ms
kernel cache: HIT kernels-f69a8095937e227a8912.npz (0.1 s)
visual input: dark -> 1 frames @ 60.0 fps, 3377 photoreceptors sampled
chem: CEN[KCg-m@L] -> 687 neurons (KCg-m@L), 1600 pA x 1 pulses
chem: CEN[KCg-m@R] -> 652 neurons (KCg-m@R), 1600 pA x 1 pulses
chem: CEN[DAN_err] -> 154 neurons (DAN_err), 800 pA x 1 pulses
chem: CEN[KCab-m@L] -> 307 neurons (KCab-m@L), 1600 pA x 1 pulses
chem: CEN[KCab-m@R] -> 223 neurons (KCab-m@R), 1600 pA x 1 pulses
chem: CEN[KCab-m@L] -> 307 neurons (KCab-m@L), 1600 pA x 1 pulses
chem: CEN[KCab-m@R] -> 223 neurons (KCab-m@R), 1600 pA x 1 pulses
chem calibration: CEN_C recurrence gain -> 0.002 (chem-run working point, exp019)
simulating 5.0 s ...
plastic state IN KCM: w mean 0.6670 min 0.0300
GPU forward buffers: 256 records, 1367 MB on device
dan-gate: baseline r0 = 0.00 Hz
plastic result KCM: w_scale mean 0.6703 min 0.0300 floor-hit 0/33398 | elig max 38.8187
dan-gate: trace 10000 steps -> D:\Dav\CodeHub\Agent\male-fruit-fly-brain-map\bci\dangate\outputs\_trial_control_r1_p25\_dan_trace.npy | r max 9.0 Hz, r0 0.00 Hz, mod max 0.449, mod integral 833.4 ms
biology loop: 51 s (5000 records)
phi_scalp checksum: L2=2.603767e-04 (baseline A/B file: D:\Dav\CodeHub\Agent\male-fruit-fly-brain-map\bci\dangate\outputs\_trial_control_r1_p25\_debug_phi_scalp.npy)
background EEG: fly signal 0.36 uV vs bg 11.33 uV at 156 deg -> d'=2 needs ~4059 trials (band 2-20 Hz: ~25155)
stim view frames: D:\Dav\CodeHub\Agent\male-fruit-fly-brain-map\bci\dangate\outputs\_trial_control_r1_p25\stim_frames.bin (0.0 MB)
wrote D:\Dav\CodeHub\Agent\male-fruit-fly-brain-map\bci\dangate\outputs\_trial_control_r1_p25\viz_data.json (5.2 MB)
[acquire] done -> D:\Dav\CodeHub\Agent\male-fruit-fly-brain-map\bci\dangate\outputs
